Date,AM
2017-05-04,10.436877250671387
2017-05-05,10.569708824157715
2017-05-08,10.451108932495117
2017-05-09,10.436877250671387
2017-05-10,10.21865177154541
2017-05-11,10.081073760986328
2017-05-12,10.199673652648926
2017-05-15,10.100053787231445
2017-05-16,10.12851619720459
2017-05-17,9.962472915649414
2017-05-18,9.967218399047852
2017-05-19,9.962472915649414
2017-05-22,10.394184112548828
2017-05-23,10.451108932495117
2017-05-24,10.285069465637207
2017-05-25,10.465341567993164
2017-05-26,10.422643661499023
2017-05-30,10.48906135559082
2017-05-31,10.474830627441406
2017-06-01,10.707289695739746
2017-06-02,10.569708824157715
2017-06-05,10.579198837280273
2017-06-06,10.697799682617188
2017-06-07,10.550731658935547
2017-06-08,10.441619873046875
2017-06-09,10.427388191223145
2017-06-12,10.261346817016602
2017-06-13,10.470083236694336
2017-06-14,10.455853462219238
2017-06-15,9.952985763549805
2017-06-16,10.142744064331055
2017-06-19,10.095305442810059
2017-06-20,9.748991012573242
2017-06-21,9.701555252075195
2017-06-22,9.78219985961914
2017-06-23,9.905545234680176
2017-06-26,10.114279747009277
2017-06-27,10.185444831848145
2017-06-28,10.446367263793945
2017-06-29,10.270833015441895
2017-06-30,10.427388191223145
2017-07-03,10.394184112548828
2017-07-05,10.01940631866455
2017-07-06,10.114279747009277
2017-07-07,10.047865867614746
2017-07-10,9.986191749572754
2017-07-11,10.12851619720459
2017-07-12,10.194929122924805
2017-07-13,10.2945556640625
2017-07-14,10.204419136047363
2017-07-17,10.323019981384277
2017-07-18,10.232882499694824
2017-07-19,10.142744064331055
2017-07-20,10.1047945022583
2017-07-21,10.01940631866455
2017-07-24,9.971961975097656
2017-07-25,9.967218399047852
2017-07-26,9.967218399047852
2017-07-27,9.971961975097656
2017-07-28,10.005168914794922
2017-07-31,10.07158374786377
2017-08-01,10.226913452148438
2017-08-02,9.956158638000488
2017-08-03,9.637906074523926
2017-08-04,9.656905174255371
2017-08-07,9.504899024963379
2017-08-08,9.26264762878418
2017-08-09,9.200897216796875
2017-08-10,8.996644020080566
2017-08-11,9.010892868041992
2017-08-14,9.058392524719238
2017-08-15,8.88739013671875
2017-08-16,8.84938907623291
2017-08-17,8.778141021728516
2017-08-18,8.725889205932617
2017-08-21,8.616637229919434
2017-08-22,8.626137733459473
2017-08-23,8.75439167022705
2017-08-24,8.778141021728516
2017-08-25,8.73063850402832
2017-08-28,8.58338737487793
2017-08-29,8.521637916564941
2017-08-30,8.763891220092773
2017-08-31,9.053644180297852
2017-09-01,9.167646408081055
2017-09-05,9.310150146484375
2017-09-06,9.428899765014648
2017-09-07,9.40040111541748
2017-09-08,9.13439655303955
2017-09-11,9.101146697998047
2017-09-12,9.186646461486816
2017-09-13,9.229401588439941
2017-09-14,9.224649429321289
2017-09-15,9.26264762878418
2017-09-18,9.243646621704102
2017-09-19,9.210396766662598
2017-09-20,9.319649696350098
2017-09-21,9.281651496887207
2017-09-22,9.305398941040039
2017-09-25,9.542903900146484
2017-09-26,9.66640567779541
2017-09-27,9.547652244567871
2017-09-28,9.566654205322266
2017-09-29,9.723408699035645
2017-10-02,9.685404777526855
2017-10-03,9.609403610229492
2017-10-04,9.509652137756348
2017-10-05,9.590404510498047
2017-10-06,9.533401489257812
2017-10-09,9.55715274810791
2017-10-10,9.718650817871094
2017-10-11,9.718650817871094
2017-10-12,9.628405570983887
2017-10-13,9.542903900146484
2017-10-16,9.381402015686035
2017-10-17,9.343398094177246
2017-10-18,9.196147918701172
2017-10-19,9.03464412689209
2017-10-20,9.072644233703613
2017-10-23,8.744892120361328
2017-10-24,8.744892120361328
2017-10-25,8.73538875579834
2017-10-26,8.744892120361328
2017-10-27,8.692639350891113
2017-10-30,8.706889152526855
2017-10-31,8.916091918945312
2017-11-01,9.125768661499023
2017-11-02,8.66352367401123
2017-11-03,8.730238914489746
2017-11-06,8.68735122680664
2017-11-07,8.611104965209961
2017-11-08,8.5300931930542
2017-11-09,8.50149917602539
2017-11-10,8.434784889221191
2017-11-13,8.23940372467041
2017-11-14,8.044017791748047
2017-11-15,8.210808753967285
2017-11-16,8.101204872131348
2017-11-17,8.21557331085205
2017-11-20,8.120267868041992
2017-11-21,7.99636697769165
2017-11-22,8.06784725189209
2017-11-24,8.301353454589844
2017-11-27,8.248932838439941
2017-11-28,8.2822904586792
2017-11-29,8.296587944030762
2017-11-30,8.458609580993652
2017-12-01,8.582512855529785
2017-12-04,8.55391788482666
2017-12-05,8.520561218261719
2017-12-06,8.544388771057129
2017-12-07,8.773130416870117
2017-12-08,8.863672256469727
2017-12-11,8.968509674072266
2017-12-12,9.035223960876465
2017-12-13,9.001869201660156
2017-12-14,9.054286003112793
2017-12-15,9.206782341003418
2017-12-18,9.211546897888184
2017-12-19,9.154364585876465
2017-12-20,8.9637451171875
2017-12-21,8.83984375
2017-12-22,8.83984375
2017-12-26,8.954216003417969
2017-12-27,8.768363952636719
2017-12-28,9.025696754455566
2017-12-29,9.397398948669434
2018-01-02,9.869172096252441
2018-01-03,10.00737190246582
2018-01-04,9.97401237487793
2018-01-05,9.916827201843262
2018-01-08,9.816755294799805
2018-01-09,9.873936653137207
2018-01-10,9.988309860229492
2018-01-11,9.983546257019043
2018-01-12,10.026433944702148
2018-01-16,10.00737190246582
2018-01-17,9.954950332641602
2018-01-18,9.96448040008545
2018-01-19,9.869172096252441
2018-01-22,10.231344223022461
2018-01-23,10.483912467956543
2018-01-24,10.488677978515625
2018-01-25,10.488677978515625
2018-01-26,10.493444442749023
2018-01-29,10.402900695800781
2018-01-30,10.145567893981934
2018-01-31,10.071442604064941
2018-02-01,9.918407440185547
2018-02-02,9.856243133544922
2018-02-05,9.684080123901367
2018-02-06,9.904061317443848
2018-02-07,9.856243133544922
2018-02-08,9.35888671875
2018-02-09,9.21541976928711
2018-02-12,9.37801456451416
2018-02-13,9.473660469055176
2018-02-14,9.80363655090332
2018-02-15,9.865805625915527
2018-02-16,9.813201904296875
2018-02-20,9.41627311706543
2018-02-21,9.191507339477539
2018-02-22,9.009780883789062
2018-02-23,9.177160263061523
2018-02-26,9.019344329833984
2018-02-27,8.851967811584473
2018-02-28,8.847185134887695
2018-03-01,8.875875473022461
2018-03-02,8.83761978149414
2018-03-05,8.751537322998047
2018-03-06,8.751537322998047
2018-03-07,8.646329879760742
2018-03-08,8.612854957580566
2018-03-09,8.679805755615234
2018-03-12,8.77545166015625
2018-03-13,8.565031051635742
2018-03-14,8.239837646484375
2018-03-15,8.120278358459473
2018-03-16,8.034200668334961
2018-03-19,7.756827354431152
2018-03-20,7.6946587562561035
2018-03-21,7.823779106140137
2018-03-22,7.775956153869629
2018-03-23,7.709006309509277
2018-03-26,7.72335147857666
2018-03-27,7.627706527709961
2018-03-28,7.5703206062316895
2018-03-29,7.646836280822754
2018-04-02,7.503367900848389
2018-04-03,7.312078475952148
2018-04-04,7.407723426818848
2018-04-05,7.6324896812438965
2018-04-06,7.498584270477295
2018-04-09,7.441198348999023
2018-04-10,7.517714977264404
2018-04-11,7.603796482086182
2018-04-12,7.656402111053467
2018-04-13,7.6946587562561035
2018-04-16,7.924206733703613
2018-04-17,8.201580047607422
2018-04-18,8.196796417236328
2018-04-19,8.029417037963867
2018-04-20,7.909860134124756
2018-04-23,8.139408111572266
2018-04-24,7.972031116485596
2018-04-25,8.091586112976074
2018-04-26,8.311570167541504
2018-04-27,8.278094291687012
2018-04-30,8.235053062438965
2018-05-01,8.340265274047852
2018-05-02,8.459604263305664
2018-05-03,8.204565048217773
2018-05-04,8.137194633483887
2018-05-07,8.339303970336914
2018-05-08,8.35373592376709
2018-05-09,8.25749683380127
2018-05-10,8.31042766571045
2018-05-11,8.348928451538086
2018-05-14,8.522157669067383
2018-05-15,8.546219825744629
2018-05-16,8.584715843200684
2018-05-17,8.62802505493164
2018-05-18,8.796446800231934
2018-05-21,8.945621490478516
2018-05-22,8.955245971679688
2018-05-23,8.96487045288086
2018-05-24,8.767576217651367
2018-05-25,8.762763023376465
2018-05-29,8.738702774047852
2018-05-30,9.089982032775879
2018-05-31,9.263218879699707
2018-06-01,9.417203903198242
2018-06-04,9.388328552246094
2018-06-05,9.292089462280273
2018-06-06,9.147727966308594
2018-06-07,9.258406639099121
2018-06-08,9.181413650512695
2018-06-11,9.263218879699707
2018-06-12,9.147727966308594
2018-06-13,9.046675682067871
2018-06-14,9.138102531433105
2018-06-15,8.830133438110352
2018-06-18,8.887876510620117
2018-06-19,9.133292198181152
2018-06-20,9.20065975189209
2018-06-21,9.195850372314453
2018-06-22,9.23915958404541
2018-06-25,9.12847900390625
2018-06-26,9.114043235778809
2018-06-27,8.815694808959961
2018-06-28,8.955245971679688
2018-06-29,9.075549125671387
2018-07-02,9.080358505249023
2018-07-03,9.147727966308594
2018-07-05,9.162165641784668
2018-07-06,9.292089462280273
2018-07-09,9.393145561218262
2018-07-10,9.23915958404541
2018-07-11,9.205473899841309
2018-07-12,9.373894691467285
2018-07-13,9.142915725708008
2018-07-16,8.830133438110352
2018-07-17,8.979307174682617
2018-07-18,8.988931655883789
2018-07-19,9.272843360900879
2018-07-20,9.258406639099121
2018-07-23,9.248780250549316
2018-07-24,9.17178726196289
2018-07-25,9.335397720336914
2018-07-26,9.383520126342773
2018-07-27,9.195850372314453
2018-07-30,9.268030166625977
2018-07-31,9.248780250549316
2018-08-01,9.309325218200684
2018-08-02,9.222143173217773
2018-08-03,8.960591316223145
2018-08-06,9.149487495422363
2018-08-07,9.130115509033203
2018-08-08,9.207611083984375
2018-08-09,9.294795036315918
2018-08-10,9.367445945739746
2018-08-13,9.207611083984375
2018-08-14,9.251203536987305
2018-08-15,9.013869285583496
2018-08-16,9.067148208618164
2018-08-17,9.144645690917969
2018-08-20,9.246359825134277
2018-08-21,9.37713623046875
2018-08-22,9.430415153503418
2018-08-23,9.081680297851562
2018-08-24,8.887937545776367
2018-08-27,8.74262809753418
2018-08-28,8.558575630187988
2018-08-29,8.359986305236816
2018-08-30,8.369677543640137
2018-08-31,8.18077564239502
2018-09-04,8.25827407836914
2018-09-05,8.175931930541992
2018-09-06,8.001564979553223
2018-09-07,8.103279113769531
2018-09-10,8.112966537475586
2018-09-11,8.301863670349121
2018-09-12,8.514982223510742
2018-09-13,8.529510498046875
2018-09-14,8.340612411499023
2018-09-17,8.059686660766602
2018-09-18,8.272804260253906
2018-09-19,8.224367141723633
2018-09-20,8.292179107666016
2018-09-21,8.403582572937012
2018-09-24,8.355145454406738
2018-09-25,8.31639575958252
2018-09-26,8.171090126037598
2018-09-27,8.2098388671875
2018-09-28,8.195307731628418
2018-10-01,8.476232528686523
2018-10-02,8.621541976928711
2018-10-03,8.514982223510742
2018-10-04,8.45685863494873
2018-10-05,8.481078147888184
2018-10-08,8.292179107666016
2018-10-09,9.052616119384766
2018-10-10,8.98965072631836
2018-10-11,8.737786293029785
2018-10-12,8.665131568908691
2018-10-15,8.6845064163208
2018-10-16,8.931526184082031
2018-10-17,8.766845703125
2018-10-18,8.728099822998047
2018-10-19,8.723255157470703
2018-10-22,8.616697311401367
2018-10-23,8.4132661819458
2018-10-24,8.185622215270996
2018-10-25,8.16624641418457
2018-10-26,7.846570014953613
2018-10-29,7.652827739715576
2018-10-30,7.633453845977783
2018-10-31,7.802978515625
2018-11-01,7.672978401184082
2018-11-02,7.467713356018066
2018-11-05,7.404176712036133
2018-11-06,7.487262725830078
2018-11-07,7.399290561676025
2018-11-08,7.438390254974365
2018-11-09,7.413954257965088
2018-11-12,7.423727512359619
2018-11-13,7.29177188873291
2018-11-14,7.29177188873291
2018-11-15,7.150043487548828
2018-11-16,7.252674102783203
2018-11-19,7.262448310852051
2018-11-20,6.998538494110107
2018-11-21,7.1207170486450195
2018-11-23,6.891017436981201
2018-11-26,7.091395378112793
2018-11-27,7.076735019683838
2018-11-28,7.3748555183410645
2018-11-29,7.311321258544922
2018-11-30,7.238012790679932
2018-12-03,7.399290561676025
2018-12-04,7.228238105773926
2018-12-06,7.091395378112793
2018-12-07,7.066958904266357
2018-12-10,7.0083112716674805
2018-12-11,6.954552173614502
2018-12-12,6.959439277648926
2018-12-13,6.959439277648926
2018-12-14,6.900793552398682
2018-12-17,6.558685302734375
2018-12-18,6.250788688659668
2018-12-19,6.245902061462402
2018-12-20,5.7620625495910645
2018-12-21,5.449281215667725
2018-12-24,5.146271705627441
2018-12-26,5.468827724456787
2018-12-27,5.336874008178711
2018-12-28,5.405296325683594
2018-12-31,5.46394157409668
2019-01-02,5.566573143005371
2019-01-03,5.718078136444092
2019-01-04,6.157930850982666
2019-01-07,6.358307361602783
2019-01-08,6.519586563110352
2019-01-09,6.3094353675842285
2019-01-10,6.148157119750977
2019-01-11,5.986878395080566
2019-01-14,5.8842453956604
2019-01-15,5.952666759490967
2019-01-16,6.025975227355957
2019-01-17,6.153044700622559
2019-01-18,6.226351737976074
2019-01-22,6.118834972381592
2019-01-23,6.109059810638428
2019-01-24,6.260563373565674
2019-01-25,6.4120683670043945
2019-01-28,6.5342488288879395
2019-01-29,6.622220516204834
2019-01-30,6.76883602142334
2019-01-31,6.6372785568237305
2019-02-01,6.632331848144531
2019-02-04,6.755979061126709
2019-02-05,6.805436134338379
2019-02-06,6.75103235244751
2019-02-07,6.429553985595703
2019-02-08,6.3553667068481445
2019-02-11,6.399878978729248
2019-02-12,6.597711086273193
2019-02-13,6.5383620262146
2019-02-14,6.696628570556641
2019-02-15,6.889515399932861
2019-02-19,7.077456951141357
2019-02-20,6.958754062652588
2019-02-21,6.864785671234131
2019-02-22,6.706520080566406
2019-02-25,6.676846504211426
2019-02-26,6.568036079406738
2019-02-27,6.454283714294434
2019-02-28,6.315801620483398
2019-03-01,6.305909156799316
2019-03-04,6.25645112991333
2019-03-05,6.241613388061523
2019-03-06,6.197101593017578
2019-03-07,6.177318096160889
2019-03-08,5.989376068115234
2019-03-11,6.108076095581055
2019-03-12,6.202048301696777
2019-03-13,6.048727035522461
2019-03-14,6.4740681648254395
2019-03-15,6.498796463012695
2019-03-18,6.75103235244751
2019-03-19,6.825219631195068
2019-03-20,6.760923385620117
2019-03-21,6.676846504211426
2019-03-22,6.5779266357421875
2019-03-25,6.582873821258545
2019-03-26,6.5532002449035645
2019-03-27,6.592766284942627
2019-03-28,6.6669535636901855
2019-03-29,6.815326690673828
2019-04-01,7.077456951141357
2019-04-02,6.9637017250061035
2019-04-03,6.95380973815918
2019-04-04,6.884570598602295
2019-04-05,7.008214473724365
2019-04-08,7.047781944274902
2019-04-09,6.889515399932861
2019-04-10,6.795543670654297
2019-04-11,6.938973903656006
2019-04-12,7.057673931121826
2019-04-15,7.003267765045166
2019-04-16,6.988430023193359
2019-04-17,6.815326690673828
2019-04-18,6.75103235244751
2019-04-22,6.686737060546875
2019-04-23,6.676846504211426
2019-04-24,6.607604503631592
2019-04-25,6.462365627288818
2019-04-26,6.406698226928711
2019-04-29,6.366214752197266
2019-04-30,6.178972244262695
2019-05-01,6.087883472442627
2019-05-02,6.219457149505615
2019-05-03,6.173912525177002
2019-05-06,6.108123779296875
2019-05-07,6.239699363708496
2019-05-08,6.204275131225586
2019-05-09,6.194153308868408
2019-05-10,6.573697090148926
2019-05-13,6.482606887817383
2019-05-14,6.563577175140381
2019-05-15,6.750818252563477
2019-05-16,6.872271537780762
2019-05-17,6.745757579803467
2019-05-20,6.735636234283447
2019-05-21,6.715395450592041
2019-05-22,6.801424026489258
2019-05-23,6.599000453948975
2019-05-24,6.533212184906006
2019-05-28,6.3813958168029785
2019-05-29,6.280184268951416
2019-05-30,6.2143964767456055
2019-05-31,6.184032917022705
2019-06-03,6.275123596191406
2019-06-04,6.432002067565918
2019-06-05,6.432002067565918
2019-06-06,6.462365627288818
2019-06-07,6.482606887817383
2019-06-10,6.457304954528809
2019-06-11,6.432002067565918
2019-06-12,6.133426189422607
2019-06-13,6.178972244262695
2019-06-14,5.8550944328308105
2019-06-17,5.9461846351623535
2019-06-18,6.037276268005371
2019-06-19,5.90570068359375
2019-06-20,5.9512457847595215
2019-06-21,5.925942897796631
2019-06-24,5.723519802093506
2019-06-25,5.566641330718994
2019-06-26,5.6324286460876465
2019-06-27,5.718459129333496
2019-06-28,5.799427509307861
2019-07-01,5.925942897796631
2019-07-02,5.865217208862305
2019-07-03,5.9765496253967285
2019-07-05,6.032215595245361
2019-07-08,5.991730690002441
2019-07-09,6.057518005371094
2019-07-10,6.1182451248168945
2019-07-11,6.092942714691162
2019-07-12,5.915821552276611
2019-07-15,5.839913845062256
2019-07-16,5.748820781707764
2019-07-17,5.672913074493408
2019-07-18,5.576762676239014
2019-07-19,5.556519985198975
2019-07-22,5.642550945281982
2019-07-23,5.556519985198975
2019-07-24,5.6273674964904785
2019-07-25,5.423342704772949
2019-07-26,4.918483257293701
2019-07-29,4.580174922943115
2019-07-30,4.705088138580322
2019-07-31,4.746725082397461
2019-08-01,4.387598991394043
2019-08-02,4.3355512619018555
2019-08-05,4.116951942443848
2019-08-06,4.059699535369873
2019-08-07,4.06490421295166
2019-08-08,3.9920382499694824
2019-08-09,3.7734389305114746
2019-08-12,3.669344425201416
2019-08-13,3.757823944091797
2019-08-14,3.591273069381714
2019-08-15,3.820281982421875
2019-08-16,3.9139673709869385
2019-08-19,4.028471946716309
2019-08-20,4.033675670623779
2019-08-21,3.9712202548980713
2019-08-22,3.8827381134033203
2019-08-23,3.74741530418396
2019-08-26,3.69016432762146
2019-08-27,3.5392258167266846
2019-08-28,3.617295980453491
2019-08-29,3.74741530418396
2019-08-30,3.700573205947876
2019-09-03,3.617295980453491
2019-09-04,3.752620220184326
2019-09-05,3.721391439437866
2019-09-06,3.476769208908081
2019-09-09,3.7682344913482666
2019-09-10,3.752620220184326
2019-09-11,3.8775336742401123
2019-09-12,3.6953678131103516
2019-09-13,3.752620220184326
2019-09-16,4.033675670623779
2019-09-17,3.934785842895508
2019-09-18,4.00765323638916
2019-09-19,3.74741530418396
2019-09-20,3.825486183166504
2019-09-23,3.7994627952575684
2019-09-24,3.6641392707824707
2019-09-25,3.7786436080932617
2019-09-26,3.861919641494751
2019-09-27,3.861919641494751
2019-09-30,3.851510763168335
2019-10-01,3.7265965938568115
2019-10-02,3.7265965938568115
2019-10-03,3.6641392707824707
2019-10-04,3.6849582195281982
2019-10-07,3.705777645111084
2019-10-08,3.5288162231445312
2019-10-09,3.586068630218506
2019-10-10,3.74741530418396
2019-10-11,3.8098740577697754
2019-10-14,3.8567144870758057
2019-10-15,3.8775336742401123
2019-10-16,3.7682344913482666
2019-10-17,3.9087626934051514
2019-10-18,3.794257879257202
2019-10-21,3.7734389305114746
2019-10-22,3.846306085586548
2019-10-23,3.939990282058716
2019-10-24,3.8098740577697754
2019-10-25,3.867124557495117
2019-10-28,3.820281982421875
2019-10-29,3.8827381134033203
2019-10-30,3.74741530418396
2019-10-31,3.5016472339630127
2019-11-01,3.637580633163452
2019-11-04,3.914886474609375
2019-11-05,3.827888011932373
2019-11-06,3.7191412448883057
2019-11-07,3.4907729625701904
2019-11-08,3.3494021892547607
2019-11-11,3.066659927368164
2019-11-12,3.153658151626587
2019-11-13,3.061223268508911
2019-11-14,2.9252891540527344
2019-11-15,2.908977508544922
2019-11-18,2.7241079807281494
2019-11-19,2.609923839569092
2019-11-20,2.609923839569092
2019-11-21,2.647984504699707
2019-11-22,2.6262354850769043
2019-11-25,2.7186696529388428
2019-11-26,2.6262354850769043
2019-11-27,2.5338008403778076
2019-11-29,2.490302085876465
2019-12-02,2.4087419509887695
2019-12-03,2.397867441177368
2019-12-04,2.495739459991455
2019-12-05,2.4522407054901123
2019-12-06,2.4413657188415527
2019-12-09,2.794792890548706
2019-12-10,3.017723798751831
2019-12-11,2.9742252826690674
2019-12-12,3.2189066410064697
2019-12-13,3.180844306945801
2019-12-16,3.251530408859253
2019-12-17,3.4363996982574463
2019-12-18,3.62670636177063
2019-12-19,3.708266496658325
2019-12-20,3.7680773735046387
2019-12-23,3.9257607460021973
2019-12-24,3.904010534286499
2019-12-26,4.05625581741333
2019-12-27,4.018194675445557
2019-12-30,3.9910082817077637
2019-12-31,4.126942157745361
2020-01-02,3.855074644088745
2020-01-03,3.8822617530822754
2020-01-06,4.023632049560547
2020-01-07,3.974696159362793
2020-01-08,3.778951644897461
2020-01-09,3.827888011932373
2020-01-10,3.822451591491699
2020-01-13,3.909447431564331
2020-01-14,4.029069423675537
2020-01-15,4.126942157745361
2020-01-16,4.116066932678223
2020-01-17,3.9366345405578613
2020-01-21,3.6810805797576904
2020-01-22,3.572333574295044
2020-01-23,3.5451457500457764
2020-01-24,3.3657140731811523
2020-01-27,3.3494021892547607
2020-01-28,3.2950284481048584
2020-01-29,3.0938467979431152
2020-01-30,2.983476161956787
2020-01-31,2.8972480297088623
2020-02-03,2.960481643676758
2020-02-04,2.8455121517181396
2020-02-05,3.0467095375061035
2020-02-06,2.8512604236602783
2020-02-07,2.834014654159546
2020-02-10,2.736290216445923
2020-02-11,2.661559820175171
2020-02-12,2.736290216445923
2020-02-13,2.644313097000122
2020-02-14,2.5350921154022217
2020-02-18,2.5408408641815186
2020-02-19,2.805271863937378
2020-02-20,2.902996778488159
2020-02-21,2.736290216445923
2020-02-24,2.6385653018951416
2020-02-25,2.5350921154022217
2020-02-26,2.500600814819336
2020-02-27,2.368385076522827
2020-02-28,2.506349563598633
2020-03-02,2.552337646484375
2020-03-03,2.4143733978271484
2020-03-04,2.4373667240142822
2020-03-05,2.3798818588256836
2020-03-06,2.4028756618499756
2020-03-09,1.8912590742111206
2020-03-10,2.0349719524383545
2020-03-11,1.845271110534668
2020-03-12,1.7188037633895874
2020-03-13,1.8165286779403687
2020-03-16,1.753294587135315
2020-03-17,1.511857509613037
2020-03-18,1.1382046937942505
2020-03-19,1.2014378309249878
2020-03-20,1.322156548500061
2020-03-23,1.3853905200958252
2020-03-24,1.414133071899414
2020-03-25,1.2934139966964722
2020-03-26,1.322156548500061
2020-03-27,1.2761688232421875
2020-03-30,1.2531747817993164
2020-03-31,1.2071866989135742
2020-04-01,1.1784440279006958
2020-04-02,1.3106600046157837
2020-04-03,1.4313784837722778
2020-04-06,1.4083844423294067
2020-04-07,1.437126636505127
2020-04-08,1.4486240148544312
2020-04-09,1.4486240148544312
2020-04-13,1.5980852842330933
2020-04-14,1.5980852842330933
2020-04-15,1.575091004371643
2020-04-16,1.6383249759674072
2020-04-17,2.023475170135498
2020-04-20,2.3913793563842773
2020-04-21,2.500600814819336
2020-04-22,2.707547426223755
2020-04-23,2.8225176334381104
2020-04-24,2.730541229248047
2020-04-27,2.7880263328552246
2020-04-28,2.661559820175171
2020-04-29,2.771174192428589
2020-04-30,2.925128936767578
2020-05-01,2.9312870502471924
2020-05-04,2.900496244430542
2020-05-05,2.8019657135009766
2020-05-06,2.5248477458953857
2020-05-07,2.45710825920105
2020-05-08,2.5741124153137207
2020-05-11,2.5433223247528076
2020-05-12,2.5371639728546143
2020-05-13,2.2908377647399902
2020-05-14,2.198464870452881
2020-05-15,2.223097801208496
2020-05-18,2.45710825920105
2020-05-19,2.481741189956665
2020-05-20,2.6972768306732178
2020-05-21,2.6480112075805664
2020-05-22,2.6480112075805664
2020-05-26,2.7834904193878174
2020-05-27,2.8512308597564697
2020-05-28,2.7834904193878174
2020-05-29,2.9436028003692627
2020-06-01,2.906653642654419
2020-06-02,3.0913991928100586
2020-06-03,3.2022457122802734
2020-06-04,3.282302141189575
2020-06-05,3.4793636798858643
2020-06-08,3.66410756111145
2020-06-09,3.5840518474578857
2020-06-10,3.4239399433135986
2020-06-11,3.1714553833007812
2020-06-12,3.251511573791504
2020-06-15,3.7687976360321045
2020-06-16,3.66410756111145
2020-06-17,3.5778939723968506
2020-06-18,3.645634889602661
2020-06-19,3.66410756111145
2020-06-22,3.51631236076355
2020-06-23,3.522470712661743
2020-06-24,3.3315672874450684
2020-06-25,3.325409173965454
2020-06-26,3.122189521789551
2020-06-29,3.085240602493286
2020-06-30,3.1406643390655518
2020-07-01,3.1960883140563965
2020-07-02,3.3561999797821045
2020-07-06,3.3746745586395264
2020-07-07,3.559420585632324
2020-07-08,3.5532619953155518
2020-07-09,3.368516445159912
2020-07-10,3.3007771968841553
2020-07-13,3.2576699256896973
2020-07-14,3.27614426612854
2020-07-15,3.547102928161621
2020-07-16,3.6086859703063965
2020-07-17,3.633317470550537
2020-07-20,3.6579508781433105
2020-07-21,3.7749555110931396
2020-07-22,3.6702661514282227
2020-07-23,3.6887402534484863
2020-07-24,3.694898843765259
2020-07-27,3.559420585632324
2020-07-28,3.5963692665100098
2020-07-29,3.6145713329315186
2020-07-30,3.7900989055633545
2020-07-31,3.6860830783843994
2020-08-03,3.8681118488311768
2020-08-04,4.232169151306152
2020-08-05,4.466206073760986
2020-08-06,4.459704875946045
2020-08-07,4.511713981628418
2020-08-10,4.784756183624268
2020-08-11,4.550718784332275
2020-08-12,4.628731727600098
2020-08-13,4.563721656799316
2020-08-14,4.752251148223877
2020-08-17,4.849766731262207
2020-08-18,4.7002434730529785
2020-08-19,4.752251148223877
2020-08-20,4.693742275238037
2020-08-21,4.7002434730529785
2020-08-24,4.732748031616211
2020-08-25,4.732748031616211
2020-08-26,4.518213748931885
2020-08-27,4.544219017028809
2020-08-28,4.4076972007751465
2020-08-31,4.401196002960205
2020-09-01,4.180161476135254
2020-09-02,4.063142776489258
2020-09-03,3.9656267166137695
2020-09-04,3.90061616897583
2020-09-08,3.809602975845337
2020-09-09,3.7250895500183105
2020-09-10,3.5885679721832275
2020-09-11,3.59506893157959
2020-09-14,3.718587875366211
2020-09-15,3.3935368061065674
2020-09-16,3.4780495166778564
2020-09-17,3.510554790496826
2020-09-18,3.510554790496826
2020-09-21,3.4780495166778564
2020-09-22,3.426041603088379
2020-09-23,3.3805341720581055
2020-09-24,3.465048313140869
2020-09-25,3.471548557281494
2020-09-28,3.575565814971924
2020-09-29,3.575565814971924
2020-09-30,3.49105167388916
2020-10-01,3.3740336894989014
2020-10-02,3.465048313140869
2020-10-05,3.6535775661468506
2020-10-06,3.59506893157959
2020-10-07,3.718587875366211
2020-10-08,3.8681118488311768
2020-10-09,3.855109214782715
2020-10-12,3.952624797821045
2020-10-13,4.056641101837158
2020-10-14,4.134653568267822
2020-10-15,4.180161476135254
2020-10-16,4.186662197113037
2020-10-19,4.271175861358643
2020-10-20,4.225667476654053
2020-10-21,4.115150451660156
2020-10-22,4.264673233032227
2020-10-23,4.303680896759033
2020-10-26,4.212666034698486
2020-10-27,4.134653568267822
2020-10-28,4.146950721740723
2020-10-29,4.0922956466674805
2020-10-30,3.914667844772339
2020-11-02,3.825852870941162
2020-11-03,3.7916927337646484
2020-11-04,3.846349000930786
2020-11-05,3.9556586742401123
2020-11-06,3.7643656730651855
2020-11-09,4.208438396453857
2020-11-10,4.32457971572876
2020-11-11,4.392899036407471
2020-11-12,4.27675724029541
2020-11-13,4.358739852905273
2020-11-16,4.3450751304626465
2020-11-17,4.536368370056152
2020-11-18,4.413394451141357
2020-11-19,4.44072151184082
2020-11-20,4.372404098510742
2020-11-23,4.652510166168213
2020-11-24,4.871131420135498
2020-11-25,4.843803405761719
2020-11-27,4.761820316314697
2020-11-30,4.604687213897705
2020-12-01,4.584191799163818
2020-12-02,4.761820316314697
2020-12-03,4.966777324676514
2020-12-04,5.1649017333984375
2020-12-07,5.123910903930664
2020-12-08,5.349362373352051
2020-12-09,5.383521556854248
2020-12-10,5.759275436401367
2020-12-11,5.752443790435791
2020-12-14,5.390354156494141
2020-12-15,5.615805625915527
2020-12-16,5.438177108764648
2020-12-17,5.554318904876709
2020-12-18,5.656796455383301
2020-12-21,5.629467487335205
2020-12-22,5.745611190795898
2020-12-23,5.766106128692627
2020-12-24,5.7251152992248535
2020-12-28,5.253715991973877
2020-12-29,5.246883869171143
2020-12-30,5.253715991973877
2020-12-31,5.267380237579346
2021-01-04,5.212724685668945
2021-01-05,5.649965286254883
2021-01-06,5.738779544830322
2021-01-07,5.759275436401367
2021-01-08,5.520158767700195
2021-01-11,5.533823490142822
2021-01-12,5.7866034507751465
2021-01-13,5.704621315002441
2021-01-14,5.8275933265686035
2021-01-15,5.807098388671875
2021-01-19,5.882249355316162
2021-01-20,5.540653705596924
2021-01-21,5.533823490142822
2021-01-22,5.554318904876709
2021-01-25,5.7797698974609375
2021-01-26,5.820762634277344
2021-01-27,5.608974456787109
2021-01-28,5.622637748718262
2021-01-29,5.533823490142822
2021-02-01,5.465503215789795
2021-02-02,5.4782938957214355
2021-02-03,5.755406379699707
2021-02-04,5.627509117126465
2021-02-05,5.712773323059082
2021-02-08,5.8619890213012695
2021-02-09,5.933043479919434
2021-02-10,6.110677719116211
2021-02-11,6.203049182891846
2021-02-12,6.43752908706665
2021-02-16,6.515688896179199
2021-02-17,6.501477241516113
2021-02-18,5.698563575744629
2021-02-19,5.7056684494018555
2021-02-22,5.7056684494018555
2021-02-23,5.90462064743042
2021-02-24,6.458844184875488
2021-02-25,6.444633483886719
2021-02-26,6.266998291015625
2021-03-01,6.600953578948975
2021-03-02,6.537003517150879
2021-03-03,6.586742401123047
2021-03-04,6.757273197174072
2021-03-05,6.72174596786499
2021-03-08,6.59384822845459
2021-03-09,6.3522629737854
2021-03-10,6.807011604309082
2021-03-11,6.707533836364746
2021-03-12,6.409106254577637
2021-03-15,6.359368801116943
2021-03-16,6.231471538543701
2021-03-17,6.3522629737854
2021-03-18,6.060940265655518
2021-03-19,6.30963134765625
2021-03-22,6.2883148193359375
2021-03-23,6.075151443481445
2021-03-24,6.131994724273682
2021-03-25,6.302525043487549
2021-03-26,6.551215648651123
2021-03-29,6.366474151611328
2021-03-30,6.266998291015625
2021-03-31,6.416212558746338
2021-04-01,6.480162143707275
2021-04-05,6.394894123077393
2021-04-06,6.330946922302246
2021-04-07,6.359368801116943
2021-04-08,6.338052272796631
2021-04-09,6.060940265655518
2021-04-12,5.90462064743042
2021-04-13,6.153311252593994
2021-04-14,6.146204471588135
2021-04-15,6.188838005065918
2021-04-16,6.181733131408691
2021-04-19,6.224365711212158
2021-04-20,6.146204471588135
2021-04-21,6.2954206466674805
2021-04-22,6.366474151611328
2021-04-23,6.3806843757629395
2021-04-26,6.473055362701416
2021-04-27,6.549551486968994
2021-04-28,6.615121364593506
2021-04-29,6.403844833374023
2021-04-30,6.294564247131348
2021-05-03,6.39655876159668
2021-05-04,6.585979461669922
2021-05-05,6.687973499298096
2021-05-06,6.651546955108643
2021-05-07,6.760828018188477
2021-05-10,6.78268575668335
2021-05-11,6.7972540855407715
2021-05-12,6.680689811706543
2021-05-13,6.717115879058838
2021-05-14,7.059528350830078
2021-05-17,7.227094650268555
2021-05-18,7.278090476989746
2021-05-19,7.212520599365234
2021-05-20,7.285373210906982
2021-05-21,7.2708024978637695
2021-05-24,7.110527038574219
2021-05-25,7.066812992095947
2021-05-26,7.0303850173950195
2021-05-27,7.176095485687256
2021-05-28,6.993958950042725
2021-06-01,7.380084037780762
2021-06-02,7.336373805999756
2021-06-03,7.248946666717529
2021-06-04,7.241662979125977
2021-06-07,7.467510223388672
2021-06-08,7.649644374847412
2021-06-09,7.503937721252441
2021-06-10,7.547647476196289
2021-06-11,7.664214611053467
2021-06-14,7.467510223388672
2021-06-15,7.511220932006836
2021-06-16,7.642355442047119
2021-06-17,7.350943565368652
2021-06-18,7.263519287109375
2021-06-21,7.503937721252441
2021-06-22,7.409226417541504
2021-06-23,7.452938079833984
2021-06-24,7.540363311767578
2021-06-25,7.678786277770996
2021-06-28,7.394653797149658
2021-06-29,7.525791168212891
2021-06-30,7.569504261016846
2021-07-01,7.70792818069458
2021-07-02,7.613217353820801
2021-07-06,7.4893646240234375
2021-07-07,7.423795223236084
2021-07-08,7.511220932006836
2021-07-09,7.7006402015686035
2021-07-12,7.554935455322266
2021-07-13,7.35822868347168
2021-07-14,7.307229995727539
2021-07-15,7.263519287109375
2021-07-16,7.052243709564209
2021-07-19,6.855538368225098
2021-07-20,7.146954536437988
2021-07-21,7.314517021179199
2021-07-22,7.365515232086182
2021-07-23,7.2708024978637695
2021-07-26,7.518506050109863
2021-07-27,7.17218542098999
2021-07-28,7.231768608093262
2021-07-29,7.2243194580078125
2021-07-30,7.075366020202637
2021-08-02,6.889171600341797
2021-08-03,6.971096038818359
2021-08-04,6.851932048797607
2021-08-05,6.837037563323975
2021-08-06,6.851932048797607
2021-08-09,6.837037563323975
2021-08-10,6.911515235900879
2021-08-11,6.963648796081543
2021-08-12,6.956201553344727
2021-08-13,6.837037563323975
2021-08-16,6.740217685699463
2021-08-17,6.777455806732178
2021-08-18,6.4795451164245605
2021-08-19,6.486992835998535
2021-08-20,6.628500461578369
2021-08-23,6.740217685699463
2021-08-24,6.777455806732178
2021-08-25,7.015784740447998
2021-08-26,6.881724834442139
2021-08-27,7.239216327667236
2021-08-30,7.134948253631592
2021-08-31,7.157289981842041
2021-09-01,7.239216327667236
2021-09-02,7.470094680786133
2021-09-03,7.529678821563721
2021-09-07,7.529678821563721
2021-09-08,7.552021026611328
2021-09-09,7.447751522064209
2021-09-10,7.484992027282715
2021-09-13,7.641395092010498
2021-09-14,7.529678821563721
2021-09-15,7.812691688537598
2021-09-16,7.76055908203125
2021-09-17,7.529678821563721
2021-09-20,7.410513877868652
2021-09-21,7.32858943939209
2021-09-22,7.42540979385376
2021-09-23,7.63394832611084
2021-09-24,7.626498699188232
2021-09-27,7.88716983795166
2021-09-28,7.820140838623047
2021-09-29,7.931858062744141
2021-09-30,7.76055908203125
2021-10-01,7.976543426513672
2021-10-04,8.080812454223633
2021-10-05,8.14039421081543
2021-10-06,8.006333351135254
2021-10-07,8.125499725341797
2021-10-08,8.170185089111328
2021-10-11,8.177632331848145
2021-10-12,8.192529678344727
2021-10-13,8.118051528930664
2021-10-14,8.244664192199707
2021-10-15,8.453200340270996
2021-10-18,8.453200340270996
2021-10-19,8.475543022155762
2021-10-20,8.624500274658203
2021-10-21,8.468094825744629
2021-10-22,8.527676582336426
2021-10-25,8.698975563049316
2021-10-26,8.391416549682617
2021-10-27,8.216753959655762
2021-10-28,8.2471284866333
2021-10-29,8.080062866210938
2021-11-01,8.133220672607422
2021-11-02,8.125625610351562
2021-11-03,8.171191215515137
2021-11-04,8.04209041595459
2021-11-05,8.18637752532959
2021-11-08,8.26231861114502
2021-11-09,8.216753959655762
2021-11-10,8.03449821472168
2021-11-11,8.201566696166992
2021-11-12,8.057278633117676
2021-11-15,7.996526718139648
2021-11-16,8.011714935302734
2021-11-17,7.950962066650391
2021-11-18,7.928178787231445
2021-11-19,7.715547561645508
2021-11-22,7.669983386993408
2021-11-23,7.91299295425415
2021-11-24,7.943368434906006
2021-11-26,7.7838945388793945
2021-11-29,7.647200584411621
2021-11-30,7.373815059661865
2021-12-01,7.229530334472656
2021-12-02,7.351035118103027
2021-12-03,7.275093078613281
2021-12-06,7.214339733123779
2021-12-07,7.419378280639648
2021-12-08,7.533290863037109
2021-12-09,7.351035118103027
2021-12-10,7.252311706542969
2021-12-13,7.032083511352539
2021-12-14,7.032083511352539
2021-12-15,7.130807399749756
2021-12-16,7.183964252471924
2021-12-17,7.267496585845947
2021-12-20,7.085241794586182
2021-12-21,7.244716644287109
2021-12-22,7.244716644287109
2021-12-23,7.290280818939209
2021-12-27,7.472538471221924
2021-12-28,7.426974773406982
2021-12-29,7.320655345916748
2021-12-30,7.2978739738464355
2021-12-31,7.351035118103027
2022-01-03,7.510507583618164
2022-01-04,7.586447715759277
2022-01-05,7.5484795570373535
2022-01-06,7.74592399597168
2022-01-07,7.753517150878906
2022-01-10,7.700360298156738
2022-01-11,7.844644546508789
2022-01-12,7.973745346069336
2022-01-13,7.98893404006958
2022-01-14,8.110438346862793
2022-01-18,7.973745346069336
2022-01-19,7.882616996765137
2022-01-20,7.632012367248535
2022-01-21,7.540884494781494
2022-01-24,7.556071758270264
2022-01-25,7.427872180938721
2022-01-26,7.420102596282959
2022-01-27,7.458950996398926
2022-01-28,7.4511823654174805
2022-01-31,7.73089075088501
2022-02-01,7.8163580894470215
2022-02-02,8.064990043640137
2022-02-03,7.940674781799316
2022-02-04,8.057220458984375
2022-02-07,7.9717535972595215
2022-02-08,7.948444366455078
2022-02-09,7.878517150878906
2022-02-10,7.746431350708008
2022-02-11,7.940674781799316
2022-02-14,7.723123073577881
2022-02-15,7.79304838180542
2022-02-16,7.769741058349609
2022-02-17,7.381252765655518
2022-02-18,7.505570411682129
2022-02-22,7.171470642089844
2022-02-23,7.264706611633301
2022-02-24,7.280246257781982
2022-02-25,7.466718673706055
2022-02-28,7.8008198738098145
2022-03-01,7.785279273986816
2022-03-02,7.8008198738098145
2022-03-03,7.839666843414307
2022-03-04,7.932904243469238
2022-03-07,7.932904243469238
2022-03-08,7.925134181976318
2022-03-09,7.96398401260376
2022-03-10,8.08052921295166
2022-03-11,7.925134181976318
2022-03-14,7.567725658416748
2022-03-15,7.513339519500732
2022-03-16,7.73089075088501
2022-03-17,7.870748043060303
2022-03-18,7.995062351226807
2022-03-21,8.064990043640137
2022-03-22,8.134918212890625
2022-03-23,8.235923767089844
2022-03-24,8.383548736572266
2022-03-25,8.9274320602417
2022-03-28,8.647720336914062
2022-03-29,8.65549087524414
2022-03-30,8.562253952026367
2022-03-31,8.445707321166992
2022-04-01,8.469017028808594
2022-04-04,8.523405075073242
2022-04-05,8.368011474609375
2022-04-06,8.500096321105957
2022-04-07,8.414629936218262
2022-04-08,8.469017028808594
2022-04-11,8.453476905822754
2022-04-12,8.51563549041748
2022-04-13,8.733186721801758
2022-04-14,8.764266967773438
2022-04-18,8.74872875213623
2022-04-19,8.865273475646973
2022-04-20,8.896352767944336
2022-04-21,8.570022583007812
2022-04-22,8.204846382141113
2022-04-25,7.9872918128967285
2022-04-26,7.7926764488220215
2022-04-27,7.9038848876953125
2022-04-28,8.507599830627441
2022-04-29,8.158080101013184
2022-05-02,8.078643798828125
2022-05-03,8.412276268005371
2022-05-04,8.602923393249512
2022-05-05,8.269288063049316
2022-05-06,8.444050788879395
2022-05-09,7.856223106384277
2022-05-10,7.864166259765625
2022-05-11,7.808560848236084
2022-05-12,7.71323823928833
2022-05-13,8.094532012939453
2022-05-16,8.173967361450195
2022-05-17,8.436104774475098
2022-05-18,8.189854621887207
2022-05-19,8.015095710754395
2022-05-20,8.118363380432129
2022-05-23,8.213685035705566
2022-05-24,8.229572296142578
2022-05-25,8.324893951416016
2022-05-26,8.499655723571777
2022-05-27,8.690301895141602
2022-05-31,8.626750946044922
2022-06-01,8.865060806274414
2022-06-02,8.753850936889648
2022-06-03,8.785625457763672
2022-06-06,8.857117652893066
2022-06-07,9.063651084899902
2022-06-08,8.880949020385742
2022-06-09,8.690301895141602
2022-06-10,8.539373397827148
2022-06-13,8.023039817810059
2022-06-14,7.880053997039795
2022-06-15,7.84033727645874
2022-06-16,7.530534744262695
2022-06-17,7.228677749633789
2022-06-21,7.56231164932251
2022-06-22,7.276341438293457
2022-06-23,7.149242877960205
2022-06-24,7.39549446105957
2022-06-27,7.522593021392822
2022-06-28,7.546422481536865
2022-06-29,7.3398895263671875
2022-06-30,7.188961029052734
2022-07-01,7.347833156585693
2022-07-05,7.157186508178711
2022-07-06,7.0777506828308105
2022-07-07,7.427268981933594
2022-07-08,7.39549446105957
2022-07-11,7.387551784515381
2022-07-12,7.1730732917785645
2022-07-13,7.31605863571167
2022-07-14,7.355776309967041
2022-07-15,7.355776309967041
2022-07-18,7.586141586303711
2022-07-19,7.9038848876953125
2022-07-20,7.864166259765625
2022-07-21,7.745013236999512
2022-07-22,7.665576934814453
2022-07-25,7.9038848876953125
2022-07-26,7.932330131530762
2022-07-27,8.005476951599121
2022-07-28,8.005476951599121
2022-07-29,8.176153182983398
2022-08-01,8.15989875793457
2022-08-02,8.168025016784668
2022-08-03,8.14364242553711
2022-08-04,7.82667350769043
2022-08-05,7.8998188972473145
2022-08-08,7.907948017120361
2022-08-09,8.021730422973633
2022-08-10,8.192407608032227
2022-08-11,8.43622875213623
2022-08-12,8.4768648147583
2022-08-15,8.338701248168945
2022-08-16,8.460610389709473
2022-08-17,8.38746452331543
2022-08-18,8.493120193481445
2022-08-19,8.411847114562988
2022-08-22,8.419974327087402
2022-08-23,8.574395179748535
2022-08-24,8.663796424865723
2022-08-25,8.728815078735352
2022-08-26,8.525629043579102
2022-08-29,8.574395179748535
2022-08-30,8.241171836853027
2022-08-31,8.184279441833496
2022-09-01,8.078622817993164
2022-09-02,8.094878196716309
2022-09-06,7.883566856384277
2022-09-07,7.981094837188721
2022-09-08,7.981094837188721
2022-09-09,8.257424354553223
2022-09-12,8.444355010986328
2022-09-13,8.15989875793457
2022-09-14,8.484993934631348
2022-09-15,8.4281005859375
2022-09-16,8.184279441833496
2022-09-19,8.224915504455566
2022-09-20,8.14364242553711
2022-09-21,8.086750984191895
2022-09-22,7.867311000823975
2022-09-23,7.371540546417236
2022-09-26,7.192739009857178
2022-09-27,7.200864791870117
2022-09-28,7.582852840423584
2022-09-29,7.485323905944824
2022-09-30,7.460941791534424
2022-10-03,7.704763412475586
2022-10-04,8.037985801696777
2022-10-05,8.021730422973633
2022-10-06,8.013604164123535
2022-10-07,7.948583602905273
2022-10-10,7.834803581237793
2022-10-11,8.005476951599121
2022-10-12,8.02985954284668
2022-10-13,8.208662033081055
2022-10-14,7.956711769104004
2022-10-17,8.249299049377441
2022-10-18,8.322444915771484
2022-10-19,8.419974327087402
2022-10-20,8.257424354553223
2022-10-21,8.379338264465332
2022-10-24,8.322444915771484
2022-10-25,8.509419441223145
2022-10-26,8.559279441833496
2022-10-27,8.550971031188965
2022-10-28,8.717168807983398
2022-10-31,8.850129127502441
2022-11-01,9.032946586608887
2022-11-02,8.86674976348877
2022-11-03,8.991397857666016
2022-11-04,9.049570083618164
2022-11-07,9.199149131774902
2022-11-08,9.182528495788574
2022-11-09,8.850129127502441
2022-11-10,9.27393913269043
2022-11-11,9.290558815002441
2022-11-14,9.224078178405762
2022-11-15,9.30717658996582
2022-11-16,9.224078178405762
2022-11-17,9.06618881225586
2022-11-18,9.099427223205566
2022-11-21,8.841819763183594
2022-11-22,9.232388496398926
2022-11-23,9.157600402832031
2022-11-25,9.190838813781738
2022-11-28,9.116049766540527
2022-11-29,9.215767860412598
2022-11-30,9.41520881652832
2022-12-01,9.398587226867676
2022-12-02,9.448447227478027
2022-12-05,9.165908813476562
2022-12-06,8.97477912902832
2022-12-07,8.850129127502441
2022-12-08,8.750411033630371
2022-12-09,8.575900077819824
2022-12-12,8.800270080566406
2022-12-13,8.97477912902832
2022-12-14,8.97477912902832
2022-12-15,8.90829849243164
2022-12-16,8.783649444580078
2022-12-19,8.667308807373047
2022-12-20,8.733789443969727
2022-12-21,8.96646785736084
2022-12-22,8.808578491210938
2022-12-23,9.049570083618164
2022-12-27,9.124358177185059
2022-12-28,8.891677856445312
2022-12-29,9.041258811950684
2022-12-30,8.96646785736084
2023-01-03,8.77534008026123
2023-01-04,9.049570083618164
2023-01-05,8.93323040008545
2023-01-06,9.165908813476562
2023-01-09,9.224078178405762
2023-01-10,9.232388496398926
2023-01-11,9.3154878616333
2023-01-12,9.465068817138672
2023-01-13,9.465068817138672
2023-01-17,9.44013786315918
2023-01-18,9.199149131774902
2023-01-19,9.3154878616333
2023-01-20,9.3154878616333
2023-01-23,9.38196849822998
2023-01-24,9.309896469116211
2023-01-25,9.208149909973145
2023-01-26,9.174233436584473
2023-01-27,9.318374633789062
2023-01-30,9.131839752197266
2023-01-31,9.2420654296875
2023-02-01,9.106402397155762
2023-02-02,9.106402397155762
2023-02-03,9.004654884338379
2023-02-06,8.962261199951172
2023-02-07,9.097922325134277
2023-02-08,9.047049522399902
2023-02-09,8.936823844909668
2023-02-10,9.080965995788574
2023-02-13,9.165755271911621
2023-02-14,9.233586311340332
2023-02-15,9.182710647583008
2023-02-16,9.32685661315918
2023-02-17,9.013134002685547
2023-02-21,8.792679786682129
2023-02-22,8.860512733459473
2023-02-23,9.047049522399902
2023-02-24,9.131839752197266
2023-02-27,9.038570404052734
2023-02-28,8.936823844909668
2023-03-01,8.996175765991211
2023-03-02,9.021612167358398
2023-03-03,9.165755271911621
2023-03-06,9.07248592376709
2023-03-07,8.970739364624023
2023-03-08,8.801158905029297
2023-03-09,8.767243385314941
2023-03-10,8.555270195007324
2023-03-13,8.563748359680176
2023-03-14,8.724849700927734
2023-03-15,8.436563491821289
2023-03-16,8.478960037231445
2023-03-17,8.394168853759766
2023-03-20,8.512876510620117
2023-03-21,8.73332691192627
2023-03-22,8.470480918884277
2023-03-23,8.30090045928955
2023-03-24,8.495917320251465
2023-03-27,8.521352767944336
2023-03-28,8.555270195007324
2023-03-29,8.707891464233398
2023-03-30,8.73332691192627
2023-03-31,8.894428253173828
2023-04-03,9.05552864074707
2023-04-04,8.885950088500977
2023-04-05,8.902908325195312
2023-04-06,8.877471923828125
2023-04-10,8.894428253173828
2023-04-11,8.987696647644043
2023-04-12,8.919865608215332
2023-04-13,8.962261199951172
2023-04-14,9.004654884338379
2023-04-17,8.94530200958252
2023-04-18,8.902908325195312
2023-04-19,8.809638023376465
2023-04-20,8.716368675231934
2023-04-21,8.73332691192627
2023-04-24,8.682454109191895
2023-04-25,8.565417289733887
2023-04-26,8.496061325073242
2023-04-27,8.964211463928223
2023-04-28,9.328328132629395
2023-05-01,9.449700355529785
2023-05-02,9.128931045532227
2023-05-03,9.050905227661133
2023-05-04,8.912193298339844
2023-05-05,9.059576034545898
2023-05-08,8.972881317138672
2023-05-09,9.07691478729248
2023-05-10,9.180948257446289
2023-05-11,9.102923393249512
2023-05-12,9.094252586364746
2023-05-15,9.128931045532227
2023-05-16,9.016227722167969
2023-05-17,9.042235374450684
2023-05-18,9.180948257446289
2023-05-19,9.2676420211792
2023-05-22,9.38034439086914
2023-05-23,9.276310920715332
2023-05-24,9.22429370880127
2023-05-25,9.059576034545898
2023-05-26,9.050905227661133
2023-05-30,8.955541610717773
2023-05-31,8.851508140563965
2023-06-01,8.938203811645508
2023-06-02,9.284981727600098
2023-06-05,9.293649673461914
2023-06-06,9.328328132629395
2023-06-07,9.527724266052246
2023-06-08,9.493046760559082
2023-06-09,9.415022850036621
2023-06-12,9.614419937133789
2023-06-13,9.432361602783203
2023-06-14,9.38034439086914
2023-06-15,9.51038646697998
2023-06-16,9.579741477966309
2023-06-20,9.553735733032227
2023-06-21,9.571073532104492
2023-06-22,9.423690795898438
2023-06-23,9.310989379882812
2023-06-26,9.467040061950684
2023-06-27,9.527724266052246
2023-06-28,9.64909839630127
2023-06-29,9.848494529724121
2023-06-30,10.056562423706055
2023-07-03,10.065231323242188
2023-07-05,10.039222717285156
2023-07-06,9.900511741638184
2023-07-07,9.969867706298828
2023-07-10,9.978537559509277
2023-07-11,10.15192699432373
2023-07-12,10.28196907043457
2023-07-13,10.46402645111084
2023-07-14,10.177934646606445
2023-07-17,10.1085786819458
2023-07-18,10.247289657592773
2023-07-19,10.28196907043457
2023-07-20,10.28196907043457
2023-07-21,10.273298263549805
2023-07-24,10.429346084594727
2023-07-25,10.363088607788086
2023-07-26,10.389591217041016
2023-07-27,10.274741172790527
2023-07-28,10.469103813171387
2023-07-31,10.548615455627441
2023-08-01,10.469103813171387
2023-08-02,10.345419883728027
2023-08-03,10.433767318725586
2023-08-04,10.363088607788086
2023-08-07,10.575121879577637
2023-08-08,10.566286087036133
2023-08-09,10.583954811096191
2023-08-10,10.5309476852417
2023-08-11,10.601624488830566
2023-08-14,10.522110939025879
2023-08-15,10.451435089111328
2023-08-16,10.318914413452148
2023-08-17,10.433767318725586
2023-08-18,10.47793960571289
2023-08-21,10.53978157043457
2023-08-22,10.433767318725586
2023-08-23,10.53978157043457
2023-08-24,10.424931526184082
2023-08-25,10.548615455627441
2023-08-28,10.663466453552246
2023-08-29,10.848997116088867
2023-08-30,10.760648727416992
2023-08-31,10.7076416015625
2023-09-01,10.778318405151367
2023-09-05,10.619294166564941
2023-09-06,10.30124568939209
2023-09-07,10.416094779968262
2023-09-08,10.469103813171387
2023-09-11,10.23056697845459
2023-09-12,10.504444122314453
2023-09-13,10.47793960571289
2023-09-14,10.433767318725586
2023-09-15,10.371923446655273
2023-09-18,10.44260025024414
2023-09-19,10.310079574584961
2023-09-20,10.416094779968262
2023-09-21,10.239402770996094
2023-09-22,10.513277053833008
2023-09-25,10.504444122314453
2023-09-26,10.44260025024414
2023-09-27,10.61046028137207
2023-09-28,10.795988082885742
2023-09-29,10.583954811096191
2023-10-02,10.32774829864502
2023-10-03,10.310079574584961
2023-10-04,10.310079574584961
2023-10-05,10.460269927978516
2023-10-06,10.49560832977295
2023-10-09,10.73414421081543
2023-10-10,10.795988082885742
2023-10-11,10.86666488647461
2023-10-12,10.857829093933105
2023-10-13,11.016855239868164
2023-10-16,11.087532043457031
2023-10-17,11.193548202514648
2023-10-18,11.158210754394531
2023-10-19,11.052193641662598
2023-10-20,11.034524917602539
2023-10-23,10.981517791748047
2023-10-24,10.932028770446777
2023-10-25,10.941027641296387
2023-10-26,11.120978355407715
2023-10-27,10.9230318069458
2023-10-30,10.97701644897461
2023-10-31,11.102982521057129
2023-11-01,11.372909545898438
2023-11-02,11.651833534240723
2023-11-03,11.624841690063477
2023-11-06,11.579853057861328
2023-11-07,11.525869369506836
2023-11-08,11.201955795288086
2023-11-09,11.219952583312988
2023-11-10,11.246942520141602
2023-11-13,11.336920738220215
2023-11-14,11.525869369506836
2023-11-15,11.597848892211914
2023-11-16,11.498876571655273
2023-11-17,11.705820083618164
2023-11-20,11.678825378417969
2023-11-21,11.74181079864502
2023-11-22,11.786796569824219
2023-11-24,11.93075942993164
2023-11-27,11.82278823852539
2023-11-28,11.669829368591309
2023-11-29,11.813789367675781
2023-11-30,11.98474407196045
2023-12-01,12.038729667663574
2023-12-04,12.029732704162598
2023-12-05,11.786796569824219
2023-12-06,11.588851928710938
2023-12-07,11.435892105102539
2023-12-08,11.642836570739746
2023-12-11,11.498876571655273
2023-12-12,11.318925857543945
2023-12-13,11.408900260925293
2023-12-14,11.399903297424316
2023-12-15,11.165966033935547
2023-12-18,11.381906509399414
2023-12-19,11.372909545898438
2023-12-20,11.19295883178711
2023-12-21,11.264939308166504
2023-12-22,11.345916748046875
2023-12-26,11.417898178100586
2023-12-27,11.354915618896484
2023-12-28,11.336920738220215
2023-12-29,11.27393627166748
2024-01-02,11.354915618896484
2024-01-03,11.291932106018066
2024-01-04,11.093985557556152
2024-01-05,11.201955795288086
2024-01-08,11.084988594055176
2024-01-09,11.022005081176758
2024-01-10,11.057994842529297
2024-01-11,10.97701644897461
2024-01-12,11.03100299835205
2024-01-16,11.057994842529297
2024-01-17,10.986015319824219
2024-01-18,10.97701644897461
2024-01-19,10.932028770446777
2024-01-22,11.129976272583008
2024-01-23,10.997095108032227
2024-01-24,11.125393867492676
2024-01-25,11.198708534240723
2024-01-26,11.23536491394043
2024-01-29,11.354500770568848
2024-01-30,11.3453369140625
2024-01-31,11.217035293579102
2024-02-01,11.23536491394043
2024-02-02,11.217035293579102
2024-02-05,11.079573631286621
2024-02-06,10.969602584838867
2024-02-07,10.987929344177246
2024-02-08,10.923781394958496
2024-02-09,10.859631538391113
2024-02-12,10.969602584838867
2024-02-13,10.703839302062988
2024-02-14,10.722167015075684
2024-02-15,11.363664627075195
2024-02-16,11.372827529907227
2024-02-20,11.427814483642578
2024-02-21,11.849370002746582
2024-02-22,11.959341049194336
2024-02-23,12.023489952087402
2024-02-26,12.124296188354492
2024-02-27,12.06931209564209
2024-02-28,12.142624855041504
2024-02-29,12.280089378356934
2024-03-01,12.38089656829834
2024-03-04,12.399224281311035
2024-03-05,12.445046424865723
2024-03-06,12.445046424865723
2024-03-07,12.31674575805664
2024-03-08,12.234268188476562
2024-03-11,12.536687850952148
2024-03-12,12.490866661071777
2024-03-13,12.51835823059082
2024-03-14,12.270925521850586
2024-03-15,12.243432998657227
2024-03-18,12.289252281188965
2024-03-19,12.5275239944458
2024-03-20,12.545851707458496
2024-03-21,12.829944610595703
2024-03-22,12.765793800354004
2024-03-25,12.692480087280273
2024-03-26,12.637495040893555
2024-03-27,12.729137420654297
2024-03-28,12.884929656982422
2024-04-01,12.976572036743164
2024-04-02,13.114035606384277
2024-04-03,13.141528129577637
2024-04-04,13.10487174987793
2024-04-05,13.095707893371582
2024-04-08,13.013229370117188
2024-04-09,13.004064559936523
2024-04-10,12.967406272888184
2024-04-11,12.857436180114746
2024-04-12,12.747465133666992
2024-04-15,12.51835823059082
2024-04-16,12.45421028137207
2024-04-17,12.509195327758789
2024-04-18,12.66498851776123
2024-04-19,12.756629943847656
2024-04-22,12.829944610595703
2024-04-23,12.983623504638672
2024-04-24,13.058135032653809
2024-04-25,13.253728866577148
2024-04-26,13.216472625732422
2024-04-29,13.207159996032715
2024-04-30,12.890484809875488
2024-05-01,12.750774383544922
2024-05-02,13.002252578735352
2024-05-03,13.179216384887695
2024-05-06,13.235100746154785
2024-05-07,13.300296783447266
2024-05-08,13.281669616699219
2024-05-09,13.374809265136719
2024-05-10,13.430692672729492
2024-05-13,13.467948913574219
2024-05-14,13.644912719726562
2024-05-15,13.663540840148926
2024-05-16,13.738053321838379
2024-05-17,13.89638900756836
2024-05-20,13.989529609680176
2024-05-21,13.831192970275879
2024-05-22,13.663540840148926
2024-05-23,13.421379089355469
2024-05-24,13.430692672729492
2024-05-28,13.477262496948242
2024-05-29,13.421379089355469
2024-05-30,13.374809265136719
2024-05-31,13.644912719726562
2024-06-03,13.421379089355469
2024-06-04,13.505204200744629
2024-06-05,13.542459487915039
2024-06-06,13.505204200744629
2024-06-07,13.486576080322266
2024-06-10,13.635600090026855
2024-06-11,13.570401191711426
2024-06-12,13.607657432556152
2024-06-13,13.523832321166992
2024-06-14,13.402750015258789
2024-06-17,13.393436431884766
2024-06-18,13.523832321166992
2024-06-20,13.542459487915039
2024-06-21,13.458634376525879
2024-06-24,13.654227256774902
2024-06-25,13.87775993347168
2024-06-26,13.831192970275879
2024-06-27,13.775308609008789
2024-06-28,13.728739738464355
2024-07-01,13.654227256774902
2024-07-02,13.747367858886719
2024-07-03,13.76599407196045
2024-07-05,13.747367858886719
2024-07-08,13.616971969604492
2024-07-09,13.700797080993652
2024-07-10,13.738053321838379
2024-07-11,13.738053321838379
2024-07-12,13.831192970275879
2024-07-15,13.598343849182129
2024-07-16,13.691482543945312
2024-07-17,13.561088562011719
2024-07-18,13.756680488586426
2024-07-19,13.849821090698242
2024-07-22,14.11992359161377
2024-07-23,13.989529609680176
2024-07-24,13.767322540283203
2024-07-25,13.616033554077148
2024-07-26,13.701133728027344
2024-07-29,13.568756103515625
2024-07-30,13.767322540283203
2024-07-31,13.57820987701416
2024-08-01,13.27563190460205
2024-08-02,12.944686889648438
2024-08-05,12.661020278930664
2024-08-06,13.285087585449219
2024-08-07,13.058155059814453
2024-08-08,13.303998947143555
2024-08-09,13.095977783203125
2024-08-12,13.190530776977539
2024-08-13,13.256721496582031
2024-08-14,13.360732078552246
2024-08-15,13.597122192382812
2024-08-16,13.767322540283203
2024-08-19,13.95643424987793
2024-08-20,13.729500770568848
2024-08-21,13.814599990844727
2024-08-22,13.84296703338623
2024-08-23,13.984801292419434
2024-08-26,13.965889930725098
2024-08-27,13.79568862915039
2024-08-28,13.786233901977539
2024-08-29,13.928067207336426
2024-08-30,14.060444831848145
2024-09-03,13.767322540283203
2024-09-04,13.634943962097168
2024-09-05,13.79568862915039
2024-09-06,13.512022018432617
2024-09-09,13.408010482788086
2024-09-10,13.464743614196777
2024-09-11,13.512022018432617
2024-09-12,13.79568862915039
2024-09-13,13.89024543762207
2024-09-16,14.069901466369629
2024-09-17,14.230646133422852
2024-09-18,14.164456367492676
2024-09-19,13.786233901977539
2024-09-20,14.00371265411377
2024-09-23,14.334656715393066
2024-09-24,14.277924537658691
2024-09-25,14.306290626525879
2024-09-26,14.202280044555664
2024-09-27,14.19282341003418
2024-09-30,14.230646133422852
2024-10-01,14.381936073303223
2024-10-02,14.703425407409668
2024-10-03,14.8074369430542
2024-10-04,14.939814567565918
2024-10-07,14.779068946838379
2024-10-08,14.703425407409668
2024-10-09,14.769614219665527
2024-10-10,14.589958190917969
2024-10-11,14.76015853881836
2024-10-14,14.722335815429688
2024-10-15,14.476491928100586
2024-10-16,14.476491928100586
2024-10-17,14.315747261047363
2024-10-18,14.325201034545898
2024-10-21,14.268468856811523
2024-10-22,14.36302375793457
2024-10-23,14.20466136932373
2024-10-24,14.396615028381348
2024-10-25,14.406213760375977
2024-10-28,14.281442642211914
2024-10-29,14.281442642211914
2024-10-30,14.396615028381348
2024-10-31,13.79195785522461
2024-11-01,13.801556587219238
2024-11-04,13.85914134979248
2024-11-05,14.022303581237793
2024-11-06,14.569375038146973
2024-11-07,14.713340759277344
2024-11-08,14.742133140563965
2024-11-11,14.972480773925781
2024-11-12,14.790122985839844
2024-11-13,14.435006141662598
2024-11-14,14.48299503326416
2024-11-15,14.63655948638916
2024-11-18,14.857307434082031
2024-11-19,14.886100769042969
2024-11-20,14.809319496154785
2024-11-21,15.145238876342773
2024-11-22,15.135642051696777
2024-11-25,15.049263000488281
2024-11-26,15.231618881225586
2024-11-27,15.116447448730469
2024-11-29,15.327597618103027
2024-12-02,14.713340759277344
2024-12-03,14.857307434082031
2024-12-04,14.761329650878906
2024-12-05,14.886100769042969
2024-12-06,14.694146156311035
2024-12-09,14.387017250061035
2024-12-10,14.415811538696289
2024-12-11,14.578972816467285
2024-12-12,14.454202651977539
2024-12-13,14.502190589904785
2024-12-16,14.281442642211914
2024-12-17,14.185465812683105
2024-12-18,13.647991180419922
2024-12-19,13.945521354675293
2024-12-20,14.406213760375977
2024-12-23,14.454202651977539
2024-12-24,14.684549331665039
2024-12-26,14.540581703186035
2024-12-27,14.502190589904785
2024-12-30,14.540581703186035
2024-12-31,14.48299503326416
2025-01-02,14.857307434082031
2025-01-03,14.934089660644531
2025-01-06,14.876502990722656
2025-01-07,14.847709655761719
2025-01-08,15.010871887207031
2025-01-10,14.847709655761719
2025-01-13,15.174033164978027
2025-01-14,15.481160163879395
2025-01-15,15.519552230834961
2025-01-16,15.673116683959961
2025-01-17,15.826678276062012
2025-01-21,16.02823257446289
2025-01-22,15.80748176574707
2025-01-23,15.903460502624512
2025-01-24,15.730701446533203
2025-01-27,15.010871887207031
2025-01-28,15.174033164978027
2025-01-29,15.247055053710938
2025-01-30,15.821497917175293
2025-01-31,15.617035865783691
2025-02-03,15.714397430419922
2025-02-04,15.626770973205566
2025-02-05,15.860444068908691
2025-02-06,15.626770973205566
2025-02-07,15.675453186035156
2025-02-10,15.733870506286621
2025-02-11,15.685190200805664
2025-02-12,15.432044982910156
2025-02-13,16.376466751098633
2025-02-14,16.23042106628418
2025-02-18,16.347259521484375
2025-02-19,16.318050384521484
2025-02-20,16.123323440551758
2025-02-21,15.840970993041992
2025-02-24,15.5878267288208
2025-02-25,15.470990180969238
2025-02-26,15.88965129852295
2025-02-27,15.79228687286377
2025-02-28,16.503040313720703
2025-03-03,16.35699462890625
2025-03-04,16.318050384521484
2025-03-05,16.532245635986328
2025-03-06,15.860444068908691
2025-03-07,16.025959014892578
2025-03-10,16.279104232788086
2025-03-11,16.41541290283203
2025-03-12,16.493301391601562
2025-03-13,16.47382926940918
2025-03-14,16.56145668029785
2025-03-17,16.970380783081055
2025-03-18,16.98985481262207
2025-03-19,17.252735137939453
2025-03-20,17.311153411865234
2025-03-21,17.330625534057617
2025-03-24,17.515615463256836
2025-03-25,17.56429672241211
2025-03-26,17.52535057067871
2025-03-27,17.437725067138672
2025-03-28,17.46693229675293
2025-03-31,17.52535057067871
2025-04-01,17.788232803344727
2025-04-02,17.973220825195312
2025-04-03,17.49614143371582
2025-04-04,15.899388313293457
2025-04-07,15.72413444519043
2025-04-08,15.529407501220703
2025-04-09,15.879915237426758
2025-04-10,15.461254119873047
2025-04-11,15.694926261901855
2025-04-14,16.094114303588867
2025-04-15,16.28883934020996
2025-04-16,16.41541290283203
2025-04-17,16.726974487304688
2025-04-21,16.05516815185547
2025-04-22,16.28883934020996
2025-04-23,16.451679229736328
2025-04-24,16.757617950439453
2025-04-25,16.65892791748047
2025-04-28,16.806964874267578
2025-04-29,16.69840431213379
2025-04-30,16.333250045776367
2025-05-01,16.64906120300293
2025-05-02,17.300416946411133
2025-05-05,17.33002281188965
2025-05-06,17.280677795410156
2025-05-07,17.57674789428711
2025-05-08,17.57674789428711
2025-05-09,17.833343505859375
2025-05-12,17.951772689819336
2025-05-13,18.188629150390625
2025-05-14,18.3366641998291
2025-05-15,18.60312843322754
2025-05-16,18.711687088012695
2025-05-19,18.632734298706055
2025-05-20,18.583391189575195
2025-05-21,18.32679557800293
2025-05-22,18.25771141052246
2025-05-23,18.40574836730957
2025-05-27,18.731426239013672
2025-05-28,18.60312843322754
2025-05-29,18.612998962402344
2025-05-30,18.534046173095703
2025-06-02,18.741294860839844
2025-06-03,18.622867584228516
2025-06-04,18.28731918334961
2025-06-05,18.316926956176758
2025-06-06,18.514307022094727
2025-06-09,18.159021377563477
2025-06-10,17.89255714416504
2025-06-11,17.912296295166016
2025-06-12,18.010986328125
2025-06-13,18.04059410095215
2025-06-16,17.941904067993164
2025-06-17,17.85308265686035
2025-06-18,17.89255714416504
2025-06-20,18.149152755737305
2025-06-23,18.12941551208496
2025-06-24,18.25771141052246
2025-06-25,18.21823501586914
2025-06-26,18.672212600708008
2025-06-27,18.64260482788086
2025-06-30,18.701820373535156
2025-07-01,17.941904067993164
2025-07-02,18.010986328125
2025-07-03,17.872819900512695
2025-07-07,17.705047607421875
2025-07-08,17.44845199584961
2025-07-09,17.33002281188965
2025-07-10,17.21159553527832
2025-07-11,17.221464157104492
2025-07-14,17.69517707824707
2025-07-15,17.310285568237305
2025-07-16,17.33002281188965
2025-07-17,17.41884422302246
2025-07-18,17.744522094726562
2025-07-21,16.994474411010742
2025-07-22,16.954999923706055
2025-07-23,16.950000762939453
2025-07-24,17.079999923706055
2025-07-25,17.06999969482422
2025-07-28,16.8700008392334
2025-07-29,16.979999542236328
2025-07-30,17.139999389648438
2025-07-31,18.350000381469727
2025-08-01,18.530000686645508
2025-08-04,18.65999984741211
2025-08-05,18.5
2025-08-06,18.68000030517578
2025-08-07,18.459999084472656
2025-08-08,18.440000534057617
2025-08-11,18.459999084472656
2025-08-12,18.260000228881836
2025-08-13,18.200000762939453
2025-08-14,18.200000762939453
2025-08-15,17.90999984741211
2025-08-18,17.549999237060547
2025-08-19,17.420000076293945
2025-08-20,17.489999771118164
2025-08-21,17.709999084472656
2025-08-22,17.700000762939453
2025-08-25,17.579999923706055
2025-08-26,17.770000457763672
2025-08-27,17.709999084472656
2025-08-28,17.84000015258789
2025-08-29,17.790000915527344
2025-09-02,17.68000030517578
2025-09-03,17.860000610351562
2025-09-04,18.09000015258789
2025-09-05,18.25
2025-09-08,18.100000381469727
2025-09-09,18.260000228881836
2025-09-10,18.3700008392334
2025-09-11,18.489999771118164
2025-09-12,18.6200008392334
2025-09-15,18.3799991607666
2025-09-16,18.309999465942383
2025-09-17,18.520000457763672
2025-09-18,18.6200008392334
2025-09-19,18.559999465942383
