Date,CNDT
2016-12-13,16.0
2016-12-14,15.180000305175781
2016-12-15,14.300000190734863
2016-12-16,15.199999809265137
2016-12-19,14.920000076293945
2016-12-20,15.0
2016-12-21,14.75
2016-12-22,14.359999656677246
2016-12-23,14.600000381469727
2016-12-27,14.649999618530273
2016-12-28,14.850000381469727
2016-12-29,14.9399995803833
2016-12-30,14.899999618530273
2017-01-03,13.720000267028809
2017-01-04,13.699999809265137
2017-01-05,14.109999656677246
2017-01-06,14.630000114440918
2017-01-09,13.920000076293945
2017-01-10,13.420000076293945
2017-01-11,13.3100004196167
2017-01-12,13.970000267028809
2017-01-13,13.970000267028809
2017-01-17,14.1899995803833
2017-01-18,14.520000457763672
2017-01-19,14.489999771118164
2017-01-20,14.460000038146973
2017-01-23,14.5600004196167
2017-01-24,14.539999961853027
2017-01-25,14.819999694824219
2017-01-26,15.029999732971191
2017-01-27,14.90999984741211
2017-01-30,14.850000381469727
2017-01-31,14.960000038146973
2017-02-01,14.739999771118164
2017-02-02,14.510000228881836
2017-02-03,14.9399995803833
2017-02-06,14.619999885559082
2017-02-07,14.569999694824219
2017-02-08,14.350000381469727
2017-02-09,14.510000228881836
2017-02-10,14.5600004196167
2017-02-13,14.720000267028809
2017-02-14,15.109999656677246
2017-02-15,15.119999885559082
2017-02-16,15.100000381469727
2017-02-17,15.020000457763672
2017-02-21,15.09000015258789
2017-02-22,16.3799991607666
2017-02-23,17.25
2017-02-24,16.969999313354492
2017-02-27,16.600000381469727
2017-02-28,16.09000015258789
2017-03-01,16.309999465942383
2017-03-02,15.979999542236328
2017-03-03,15.930000305175781
2017-03-06,15.670000076293945
2017-03-07,15.550000190734863
2017-03-08,15.579999923706055
2017-03-09,15.609999656677246
2017-03-10,15.640000343322754
2017-03-13,15.869999885559082
2017-03-14,15.960000038146973
2017-03-15,16.049999237060547
2017-03-16,15.779999732971191
2017-03-17,15.739999771118164
2017-03-20,16.020000457763672
2017-03-21,15.920000076293945
2017-03-22,16.040000915527344
2017-03-23,15.989999771118164
2017-03-24,15.8100004196167
2017-03-27,15.920000076293945
2017-03-28,15.970000267028809
2017-03-29,16.329999923706055
2017-03-30,16.760000228881836
2017-03-31,16.780000686645508
2017-04-03,16.399999618530273
2017-04-04,16.299999237060547
2017-04-05,16.229999542236328
2017-04-06,16.25
2017-04-07,16.3799991607666
2017-04-10,16.31999969482422
2017-04-11,16.06999969482422
2017-04-12,15.920000076293945
2017-04-13,15.779999732971191
2017-04-17,16.06999969482422
2017-04-18,15.829999923706055
2017-04-19,15.899999618530273
2017-04-20,15.9399995803833
2017-04-21,16.049999237060547
2017-04-24,15.960000038146973
2017-04-25,16.100000381469727
2017-04-26,16.399999618530273
2017-04-27,16.440000534057617
2017-04-28,16.309999465942383
2017-05-01,16.399999618530273
2017-05-02,16.40999984741211
2017-05-03,16.989999771118164
2017-05-04,17.270000457763672
2017-05-05,17.690000534057617
2017-05-08,17.700000762939453
2017-05-09,17.5
2017-05-10,16.920000076293945
2017-05-11,16.84000015258789
2017-05-12,16.81999969482422
2017-05-15,17.049999237060547
2017-05-16,17.270000457763672
2017-05-17,16.579999923706055
2017-05-18,16.700000762939453
2017-05-19,16.649999618530273
2017-05-22,16.780000686645508
2017-05-23,16.459999084472656
2017-05-24,16.5
2017-05-25,16.43000030517578
2017-05-26,16.190000534057617
2017-05-30,16.170000076293945
2017-05-31,16.40999984741211
2017-06-01,16.56999969482422
2017-06-02,16.489999771118164
2017-06-05,16.600000381469727
2017-06-06,16.799999237060547
2017-06-07,16.34000015258789
2017-06-08,16.329999923706055
2017-06-09,16.549999237060547
2017-06-12,16.3799991607666
2017-06-13,16.309999465942383
2017-06-14,16.219999313354492
2017-06-15,15.640000343322754
2017-06-16,15.920000076293945
2017-06-19,15.899999618530273
2017-06-20,15.859999656677246
2017-06-21,16.110000610351562
2017-06-22,16.1200008392334
2017-06-23,15.970000267028809
2017-06-26,15.90999984741211
2017-06-27,15.869999885559082
2017-06-28,15.84000015258789
2017-06-29,15.779999732971191
2017-06-30,15.9399995803833
2017-07-03,16.049999237060547
2017-07-05,16.049999237060547
2017-07-06,15.899999618530273
2017-07-07,16.0
2017-07-10,15.869999885559082
2017-07-11,15.869999885559082
2017-07-12,16.09000015258789
2017-07-13,16.049999237060547
2017-07-14,15.949999809265137
2017-07-17,16.34000015258789
2017-07-18,16.3799991607666
2017-07-19,16.68000030517578
2017-07-20,16.729999542236328
2017-07-21,16.579999923706055
2017-07-24,16.489999771118164
2017-07-25,16.459999084472656
2017-07-26,16.489999771118164
2017-07-27,16.459999084472656
2017-07-28,16.649999618530273
2017-07-31,16.510000228881836
2017-08-01,16.809999465942383
2017-08-02,16.850000381469727
2017-08-03,16.780000686645508
2017-08-04,16.639999389648438
2017-08-07,16.290000915527344
2017-08-08,15.75
2017-08-09,16.579999923706055
2017-08-10,17.079999923706055
2017-08-11,16.75
2017-08-14,17.0
2017-08-15,16.81999969482422
2017-08-16,17.110000610351562
2017-08-17,16.889999389648438
2017-08-18,16.770000457763672
2017-08-21,16.639999389648438
2017-08-22,16.889999389648438
2017-08-23,16.860000610351562
2017-08-24,16.719999313354492
2017-08-25,16.81999969482422
2017-08-28,17.0
2017-08-29,16.719999313354492
2017-08-30,16.639999389648438
2017-08-31,16.510000228881836
2017-09-01,16.6299991607666
2017-09-05,16.68000030517578
2017-09-06,16.469999313354492
2017-09-07,15.9399995803833
2017-09-08,15.960000038146973
2017-09-11,16.18000030517578
2017-09-12,16.43000030517578
2017-09-13,16.139999389648438
2017-09-14,15.960000038146973
2017-09-15,15.90999984741211
2017-09-18,15.739999771118164
2017-09-19,15.670000076293945
2017-09-20,15.569999694824219
2017-09-21,15.550000190734863
2017-09-22,15.489999771118164
2017-09-25,15.569999694824219
2017-09-26,15.600000381469727
2017-09-27,15.630000114440918
2017-09-28,15.720000267028809
2017-09-29,15.670000076293945
2017-10-02,15.930000305175781
2017-10-03,15.609999656677246
2017-10-04,15.930000305175781
2017-10-05,16.040000915527344
2017-10-06,15.9399995803833
2017-10-09,15.970000267028809
2017-10-10,16.030000686645508
2017-10-11,16.18000030517578
2017-10-12,16.299999237060547
2017-10-13,16.139999389648438
2017-10-16,15.930000305175781
2017-10-17,15.729999542236328
2017-10-18,15.550000190734863
2017-10-19,15.649999618530273
2017-10-20,15.720000267028809
2017-10-23,15.510000228881836
2017-10-24,15.5
2017-10-25,15.359999656677246
2017-10-26,15.329999923706055
2017-10-27,15.40999984741211
2017-10-30,15.529999732971191
2017-10-31,15.479999542236328
2017-11-01,15.40999984741211
2017-11-02,15.579999923706055
2017-11-03,15.350000381469727
2017-11-06,15.600000381469727
2017-11-07,15.699999809265137
2017-11-08,16.219999313354492
2017-11-09,15.899999618530273
2017-11-10,15.8100004196167
2017-11-13,15.960000038146973
2017-11-14,15.670000076293945
2017-11-15,15.609999656677246
2017-11-16,15.529999732971191
2017-11-17,15.5
2017-11-20,15.460000038146973
2017-11-21,15.399999618530273
2017-11-22,15.40999984741211
2017-11-24,15.40999984741211
2017-11-27,15.34000015258789
2017-11-28,15.550000190734863
2017-11-29,15.3100004196167
2017-11-30,15.260000228881836
2017-12-01,15.170000076293945
2017-12-04,15.050000190734863
2017-12-05,15.09000015258789
2017-12-06,15.170000076293945
2017-12-07,15.109999656677246
2017-12-08,15.109999656677246
2017-12-11,15.449999809265137
2017-12-12,15.350000381469727
2017-12-13,15.729999542236328
2017-12-14,15.760000228881836
2017-12-15,15.84000015258789
2017-12-18,15.640000343322754
2017-12-19,15.680000305175781
2017-12-20,15.800000190734863
2017-12-21,16.0
2017-12-22,16.020000457763672
2017-12-26,16.010000228881836
2017-12-27,16.030000686645508
2017-12-28,16.059999465942383
2017-12-29,16.15999984741211
2018-01-02,16.540000915527344
2018-01-03,16.25
2018-01-04,16.270000457763672
2018-01-05,16.15999984741211
2018-01-08,16.459999084472656
2018-01-09,16.280000686645508
2018-01-10,16.43000030517578
2018-01-11,16.709999084472656
2018-01-12,16.90999984741211
2018-01-16,16.790000915527344
2018-01-17,16.84000015258789
2018-01-18,16.860000610351562
2018-01-19,16.600000381469727
2018-01-22,16.75
2018-01-23,16.84000015258789
2018-01-24,16.790000915527344
2018-01-25,16.739999771118164
2018-01-26,16.75
2018-01-29,16.670000076293945
2018-01-30,16.579999923706055
2018-01-31,16.399999618530273
2018-02-01,16.290000915527344
2018-02-02,16.260000228881836
2018-02-05,16.0
2018-02-06,16.100000381469727
2018-02-07,16.260000228881836
2018-02-08,15.680000305175781
2018-02-09,15.390000343322754
2018-02-12,15.59000015258789
2018-02-13,15.510000228881836
2018-02-14,15.899999618530273
2018-02-15,15.989999771118164
2018-02-16,16.020000457763672
2018-02-20,15.989999771118164
2018-02-21,17.860000610351562
2018-02-22,18.280000686645508
2018-02-23,18.729999542236328
2018-02-26,19.030000686645508
2018-02-27,18.520000457763672
2018-02-28,18.899999618530273
2018-03-01,18.420000076293945
2018-03-02,18.799999237060547
2018-03-05,19.399999618530273
2018-03-06,19.56999969482422
2018-03-07,19.3700008392334
2018-03-08,19.540000915527344
2018-03-09,19.489999771118164
2018-03-12,19.6200008392334
2018-03-13,19.68000030517578
2018-03-14,19.610000610351562
2018-03-15,19.6299991607666
2018-03-16,19.790000915527344
2018-03-19,19.84000015258789
2018-03-20,19.90999984741211
2018-03-21,20.010000228881836
2018-03-22,19.3700008392334
2018-03-23,19.06999969482422
2018-03-26,19.329999923706055
2018-03-27,18.739999771118164
2018-03-28,18.770000457763672
2018-03-29,18.639999389648438
2018-04-02,18.350000381469727
2018-04-03,18.399999618530273
2018-04-04,18.700000762939453
2018-04-05,18.760000228881836
2018-04-06,18.600000381469727
2018-04-09,18.600000381469727
2018-04-10,19.0
2018-04-11,18.979999542236328
2018-04-12,19.110000610351562
2018-04-13,19.100000381469727
2018-04-16,19.420000076293945
2018-04-17,19.549999237060547
2018-04-18,19.75
2018-04-19,19.549999237060547
2018-04-20,19.389999389648438
2018-04-23,19.260000228881836
2018-04-24,19.139999389648438
2018-04-25,19.079999923706055
2018-04-26,19.239999771118164
2018-04-27,19.43000030517578
2018-04-30,19.459999084472656
2018-05-01,19.450000762939453
2018-05-02,18.979999542236328
2018-05-03,19.110000610351562
2018-05-04,19.139999389648438
2018-05-07,19.5
2018-05-08,19.299999237060547
2018-05-09,18.780000686645508
2018-05-10,18.899999618530273
2018-05-11,18.920000076293945
2018-05-14,19.079999923706055
2018-05-15,18.959999084472656
2018-05-16,18.950000762939453
2018-05-17,19.06999969482422
2018-05-18,19.3700008392334
2018-05-21,19.329999923706055
2018-05-22,19.290000915527344
2018-05-23,19.350000381469727
2018-05-24,19.170000076293945
2018-05-25,19.280000686645508
2018-05-29,19.030000686645508
2018-05-30,19.100000381469727
2018-05-31,19.25
2018-06-01,19.329999923706055
2018-06-04,19.56999969482422
2018-06-05,19.8799991607666
2018-06-06,20.450000762939453
2018-06-07,19.75
2018-06-08,20.100000381469727
2018-06-11,20.65999984741211
2018-06-12,20.729999542236328
2018-06-13,20.75
2018-06-14,20.829999923706055
2018-06-15,20.850000381469727
2018-06-18,20.770000457763672
2018-06-19,20.770000457763672
2018-06-20,20.389999389648438
2018-06-21,20.139999389648438
2018-06-22,18.93000030517578
2018-06-25,18.239999771118164
2018-06-26,18.079999923706055
2018-06-27,17.559999465942383
2018-06-28,17.81999969482422
2018-06-29,18.170000076293945
2018-07-02,18.15999984741211
2018-07-03,18.3700008392334
2018-07-05,18.3700008392334
2018-07-06,18.59000015258789
2018-07-09,18.520000457763672
2018-07-10,18.3700008392334
2018-07-11,18.399999618530273
2018-07-12,18.59000015258789
2018-07-13,18.450000762939453
2018-07-16,18.190000534057617
2018-07-17,18.440000534057617
2018-07-18,18.5
2018-07-19,18.43000030517578
2018-07-20,18.309999465942383
2018-07-23,18.479999542236328
2018-07-24,18.3799991607666
2018-07-25,18.65999984741211
2018-07-26,18.610000610351562
2018-07-27,18.149999618530273
2018-07-30,17.90999984741211
2018-07-31,17.959999084472656
2018-08-01,18.309999465942383
2018-08-02,18.639999389648438
2018-08-03,18.809999465942383
2018-08-06,18.770000457763672
2018-08-07,18.729999542236328
2018-08-08,19.739999771118164
2018-08-09,19.940000534057617
2018-08-10,20.030000686645508
2018-08-13,19.8700008392334
2018-08-14,20.18000030517578
2018-08-15,20.3700008392334
2018-08-16,21.149999618530273
2018-08-17,21.3799991607666
2018-08-20,21.209999084472656
2018-08-21,21.489999771118164
2018-08-22,21.459999084472656
2018-08-23,21.200000762939453
2018-08-24,21.65999984741211
2018-08-27,21.780000686645508
2018-08-28,22.399999618530273
2018-08-29,22.469999313354492
2018-08-30,22.860000610351562
2018-08-31,23.18000030517578
2018-09-04,23.100000381469727
2018-09-05,22.920000076293945
2018-09-06,23.010000228881836
2018-09-07,22.829999923706055
2018-09-10,22.719999313354492
2018-09-11,22.68000030517578
2018-09-12,22.90999984741211
2018-09-13,23.1299991607666
2018-09-14,23.270000457763672
2018-09-17,22.959999084472656
2018-09-18,22.549999237060547
2018-09-19,22.600000381469727
2018-09-20,22.260000228881836
2018-09-21,22.34000015258789
2018-09-24,22.170000076293945
2018-09-25,22.280000686645508
2018-09-26,22.610000610351562
2018-09-27,22.520000457763672
2018-09-28,22.520000457763672
2018-10-01,22.040000915527344
2018-10-02,21.8700008392334
2018-10-03,21.899999618530273
2018-10-04,21.18000030517578
2018-10-05,21.170000076293945
2018-10-08,20.940000534057617
2018-10-09,20.75
2018-10-10,20.030000686645508
2018-10-11,19.950000762939453
2018-10-12,19.899999618530273
2018-10-15,19.989999771118164
2018-10-16,20.670000076293945
2018-10-17,20.600000381469727
2018-10-18,20.34000015258789
2018-10-19,20.270000457763672
2018-10-22,20.260000228881836
2018-10-23,19.860000610351562
2018-10-24,19.209999084472656
2018-10-25,19.700000762939453
2018-10-26,19.15999984741211
2018-10-29,18.6200008392334
2018-10-30,18.780000686645508
2018-10-31,19.100000381469727
2018-11-01,19.280000686645508
2018-11-02,19.049999237060547
2018-11-05,19.0
2018-11-06,19.219999313354492
2018-11-07,13.619999885559082
2018-11-08,13.220000267028809
2018-11-09,13.039999961853027
2018-11-12,13.850000381469727
2018-11-13,13.350000381469727
2018-11-14,13.0
2018-11-15,13.279999732971191
2018-11-16,13.34000015258789
2018-11-19,13.25
2018-11-20,13.09000015258789
2018-11-21,13.350000381469727
2018-11-23,13.3100004196167
2018-11-26,13.25
2018-11-27,13.1899995803833
2018-11-28,13.130000114440918
2018-11-29,13.140000343322754
2018-11-30,12.819999694824219
2018-12-03,13.25
2018-12-04,12.989999771118164
2018-12-06,12.300000190734863
2018-12-07,11.960000038146973
2018-12-10,11.619999885559082
2018-12-11,11.529999732971191
2018-12-12,11.680000305175781
2018-12-13,11.260000228881836
2018-12-14,11.09000015258789
2018-12-17,10.979999542236328
2018-12-18,10.899999618530273
2018-12-19,10.90999984741211
2018-12-20,10.65999984741211
2018-12-21,10.010000228881836
2018-12-24,9.829999923706055
2018-12-26,10.470000267028809
2018-12-27,10.640000343322754
2018-12-28,10.59000015258789
2018-12-31,10.630000114440918
2019-01-02,10.75
2019-01-03,10.59000015258789
2019-01-04,10.989999771118164
2019-01-07,11.300000190734863
2019-01-08,11.529999732971191
2019-01-09,11.6899995803833
2019-01-10,11.84000015258789
2019-01-11,11.880000114440918
2019-01-14,11.9399995803833
2019-01-15,11.989999771118164
2019-01-16,11.800000190734863
2019-01-17,12.029999732971191
2019-01-18,12.210000038146973
2019-01-22,11.989999771118164
2019-01-23,12.239999771118164
2019-01-24,12.430000305175781
2019-01-25,12.84000015258789
2019-01-28,12.710000038146973
2019-01-29,12.670000076293945
2019-01-30,12.579999923706055
2019-01-31,12.75
2019-02-01,12.8100004196167
2019-02-04,12.979999542236328
2019-02-05,13.239999771118164
2019-02-06,13.229999542236328
2019-02-07,13.0
2019-02-08,13.010000228881836
2019-02-11,13.350000381469727
2019-02-12,13.5
2019-02-13,13.600000381469727
2019-02-14,13.630000114440918
2019-02-15,13.59000015258789
2019-02-19,14.529999732971191
2019-02-20,15.289999961853027
2019-02-21,15.350000381469727
2019-02-22,15.279999732971191
2019-02-25,15.100000381469727
2019-02-26,14.850000381469727
2019-02-27,14.760000228881836
2019-02-28,14.619999885559082
2019-03-01,14.75
2019-03-04,14.369999885559082
2019-03-05,14.260000228881836
2019-03-06,14.0600004196167
2019-03-07,13.890000343322754
2019-03-08,14.15999984741211
2019-03-11,14.25
2019-03-12,14.270000457763672
2019-03-13,14.329999923706055
2019-03-14,14.079999923706055
2019-03-15,14.109999656677246
2019-03-18,14.210000038146973
2019-03-19,13.989999771118164
2019-03-20,13.9399995803833
2019-03-21,14.119999885559082
2019-03-22,13.609999656677246
2019-03-25,13.399999618530273
2019-03-26,13.960000038146973
2019-03-27,13.9399995803833
2019-03-28,14.039999961853027
2019-03-29,13.829999923706055
2019-04-01,13.979999542236328
2019-04-02,13.720000267028809
2019-04-03,13.819999694824219
2019-04-04,13.859999656677246
2019-04-05,14.180000305175781
2019-04-08,14.079999923706055
2019-04-09,13.989999771118164
2019-04-10,14.079999923706055
2019-04-11,13.979999542236328
2019-04-12,13.140000343322754
2019-04-15,13.100000381469727
2019-04-16,13.119999885559082
2019-04-17,12.920000076293945
2019-04-18,12.779999732971191
2019-04-22,12.989999771118164
2019-04-23,13.25
2019-04-24,13.0
2019-04-25,12.550000190734863
2019-04-26,12.75
2019-04-29,12.680000305175781
2019-04-30,12.829999923706055
2019-05-01,12.760000228881836
2019-05-02,12.819999694824219
2019-05-03,13.119999885559082
2019-05-06,12.989999771118164
2019-05-07,12.760000228881836
2019-05-08,12.5
2019-05-09,7.650000095367432
2019-05-10,8.289999961853027
2019-05-13,8.520000457763672
2019-05-14,8.770000457763672
2019-05-15,8.90999984741211
2019-05-16,8.850000381469727
2019-05-17,8.800000190734863
2019-05-20,8.949999809265137
2019-05-21,9.0600004196167
2019-05-22,9.600000381469727
2019-05-23,9.34000015258789
2019-05-24,9.220000267028809
2019-05-28,9.170000076293945
2019-05-29,9.119999885559082
2019-05-30,9.140000343322754
2019-05-31,8.899999618530273
2019-06-03,9.029999732971191
2019-06-04,9.1899995803833
2019-06-05,8.869999885559082
2019-06-06,8.770000457763672
2019-06-07,9.0
2019-06-10,9.029999732971191
2019-06-11,9.039999961853027
2019-06-12,8.890000343322754
2019-06-13,9.170000076293945
2019-06-14,9.039999961853027
2019-06-17,9.09000015258789
2019-06-18,9.079999923706055
2019-06-19,9.140000343322754
2019-06-20,9.210000038146973
2019-06-21,9.239999771118164
2019-06-24,8.949999809265137
2019-06-25,8.890000343322754
2019-06-26,8.949999809265137
2019-06-27,9.010000228881836
2019-06-28,9.59000015258789
2019-07-01,9.760000228881836
2019-07-02,9.59000015258789
2019-07-03,9.729999542236328
2019-07-05,9.859999656677246
2019-07-08,9.6899995803833
2019-07-09,9.65999984741211
2019-07-10,9.579999923706055
2019-07-11,8.989999771118164
2019-07-12,8.970000267028809
2019-07-15,8.880000114440918
2019-07-16,9.149999618530273
2019-07-17,9.1899995803833
2019-07-18,9.180000305175781
2019-07-19,9.100000381469727
2019-07-22,8.949999809265137
2019-07-23,8.890000343322754
2019-07-24,9.270000457763672
2019-07-25,8.920000076293945
2019-07-26,9.25
2019-07-29,9.149999618530273
2019-07-30,9.119999885559082
2019-07-31,9.100000381469727
2019-08-01,9.079999923706055
2019-08-02,9.039999961853027
2019-08-05,8.430000305175781
2019-08-06,8.350000381469727
2019-08-07,8.34000015258789
2019-08-08,8.65999984741211
2019-08-09,6.380000114440918
2019-08-12,6.710000038146973
2019-08-13,6.599999904632568
2019-08-14,6.599999904632568
2019-08-15,6.679999828338623
2019-08-16,6.639999866485596
2019-08-19,7.079999923706055
2019-08-20,7.150000095367432
2019-08-21,7.190000057220459
2019-08-22,6.980000019073486
2019-08-23,6.650000095367432
2019-08-26,6.400000095367432
2019-08-27,6.230000019073486
2019-08-28,6.210000038146973
2019-08-29,6.460000038146973
2019-08-30,6.510000228881836
2019-09-03,5.989999771118164
2019-09-04,6.190000057220459
2019-09-05,6.159999847412109
2019-09-06,6.510000228881836
2019-09-09,6.5
2019-09-10,7.010000228881836
2019-09-11,7.090000152587891
2019-09-12,7.070000171661377
2019-09-13,7.059999942779541
2019-09-16,7.199999809265137
2019-09-17,6.909999847412109
2019-09-18,6.989999771118164
2019-09-19,7.059999942779541
2019-09-20,6.820000171661377
2019-09-23,6.730000019073486
2019-09-24,6.239999771118164
2019-09-25,6.349999904632568
2019-09-26,6.260000228881836
2019-09-27,6.340000152587891
2019-09-30,6.21999979019165
2019-10-01,6.159999847412109
2019-10-02,6.119999885559082
2019-10-03,5.909999847412109
2019-10-04,6.0
2019-10-07,5.809999942779541
2019-10-08,5.460000038146973
2019-10-09,5.329999923706055
2019-10-10,5.429999828338623
2019-10-11,5.409999847412109
2019-10-14,5.570000171661377
2019-10-15,5.739999771118164
2019-10-16,5.789999961853027
2019-10-17,5.869999885559082
2019-10-18,5.760000228881836
2019-10-21,5.840000152587891
2019-10-22,5.78000020980835
2019-10-23,5.949999809265137
2019-10-24,5.900000095367432
2019-10-25,5.880000114440918
2019-10-28,6.059999942779541
2019-10-29,6.139999866485596
2019-10-30,6.119999885559082
2019-10-31,6.179999828338623
2019-11-01,6.369999885559082
2019-11-04,6.539999961853027
2019-11-05,6.670000076293945
2019-11-06,6.619999885559082
2019-11-07,7.380000114440918
2019-11-08,7.0
2019-11-11,6.579999923706055
2019-11-12,6.599999904632568
2019-11-13,6.630000114440918
2019-11-14,6.559999942779541
2019-11-15,6.650000095367432
2019-11-18,6.440000057220459
2019-11-19,6.320000171661377
2019-11-20,6.170000076293945
2019-11-21,6.150000095367432
2019-11-22,6.369999885559082
2019-11-25,6.400000095367432
2019-11-26,6.25
2019-11-27,6.849999904632568
2019-11-29,6.769999980926514
2019-12-02,6.800000190734863
2019-12-03,6.75
2019-12-04,6.800000190734863
2019-12-05,6.400000095367432
2019-12-06,6.550000190734863
2019-12-09,6.389999866485596
2019-12-10,6.289999961853027
2019-12-11,6.21999979019165
2019-12-12,6.340000152587891
2019-12-13,6.239999771118164
2019-12-16,6.449999809265137
2019-12-17,6.510000228881836
2019-12-18,6.53000020980835
2019-12-19,6.550000190734863
2019-12-20,6.610000133514404
2019-12-23,6.580999851226807
2019-12-24,6.380000114440918
2019-12-26,6.199999809265137
2019-12-27,5.989999771118164
2019-12-30,6.03000020980835
2019-12-31,6.199999809265137
2020-01-02,6.050000190734863
2020-01-03,5.974999904632568
2020-01-06,5.590000152587891
2020-01-07,5.71999979019165
2020-01-08,5.75
2020-01-09,5.760000228881836
2020-01-10,5.755000114440918
2020-01-13,5.820000171661377
2020-01-14,5.75
2020-01-15,5.75
2020-01-16,5.809999942779541
2020-01-17,5.755000114440918
2020-01-21,5.460000038146973
2020-01-22,5.269999980926514
2020-01-23,5.289999961853027
2020-01-24,4.929999828338623
2020-01-27,4.690000057220459
2020-01-28,4.735000133514404
2020-01-29,4.650000095367432
2020-01-30,4.454999923706055
2020-01-31,4.28000020980835
2020-02-03,4.340000152587891
2020-02-04,4.449999809265137
2020-02-05,4.789999961853027
2020-02-06,4.820000171661377
2020-02-07,4.739999771118164
2020-02-10,4.71999979019165
2020-02-11,4.775000095367432
2020-02-12,4.985000133514404
2020-02-13,4.760000228881836
2020-02-14,4.510000228881836
2020-02-18,4.445000171661377
2020-02-19,4.690000057220459
2020-02-20,4.96999979019165
2020-02-21,3.9000000953674316
2020-02-24,3.6649999618530273
2020-02-25,3.430000066757202
2020-02-26,3.255000114440918
2020-02-27,3.194999933242798
2020-02-28,3.2699999809265137
2020-03-02,3.140000104904175
2020-03-03,3.049999952316284
2020-03-04,3.305000066757202
2020-03-05,3.2100000381469727
2020-03-06,2.9600000381469727
2020-03-09,2.4200000762939453
2020-03-10,2.4000000953674316
2020-03-11,2.3299999237060547
2020-03-12,1.8899999856948853
2020-03-13,2.0350000858306885
2020-03-16,2.009999990463257
2020-03-17,2.0799999237060547
2020-03-18,1.5399999618530273
2020-03-19,1.8700000047683716
2020-03-20,1.9700000286102295
2020-03-23,1.8799999952316284
2020-03-24,1.9199999570846558
2020-03-25,1.9500000476837158
2020-03-26,1.9600000381469727
2020-03-27,2.0399999618530273
2020-03-30,2.299999952316284
2020-03-31,2.450000047683716
2020-04-01,2.059999942779541
2020-04-02,1.940000057220459
2020-04-03,1.840000033378601
2020-04-06,2.119999885559082
2020-04-07,2.200000047683716
2020-04-08,2.5299999713897705
2020-04-09,2.6600000858306885
2020-04-13,2.390000104904175
2020-04-14,2.299999952316284
2020-04-15,2.1500000953674316
2020-04-16,2.0199999809265137
2020-04-17,2.2300000190734863
2020-04-20,2.25
2020-04-21,2.140000104904175
2020-04-22,2.049999952316284
2020-04-23,1.9850000143051147
2020-04-24,1.8300000429153442
2020-04-27,1.8899999856948853
2020-04-28,1.8949999809265137
2020-04-29,2.309999942779541
2020-04-30,2.5199999809265137
2020-05-01,2.380000114440918
2020-05-04,2.2149999141693115
2020-05-05,2.2300000190734863
2020-05-06,2.200000047683716
2020-05-07,2.190000057220459
2020-05-08,2.25
2020-05-11,2.049999952316284
2020-05-12,1.9450000524520874
2020-05-13,1.7400000095367432
2020-05-14,1.7799999713897705
2020-05-15,1.8049999475479126
2020-05-18,2.2300000190734863
2020-05-19,2.174999952316284
2020-05-20,2.25
2020-05-21,2.2699999809265137
2020-05-22,2.234999895095825
2020-05-26,2.3949999809265137
2020-05-27,2.7699999809265137
2020-05-28,2.5299999713897705
2020-05-29,2.390000104904175
2020-06-01,2.2799999713897705
2020-06-02,2.390000104904175
2020-06-03,2.6600000858306885
2020-06-04,2.6600000858306885
2020-06-05,2.9200000762939453
2020-06-08,3.549999952316284
2020-06-09,3.2100000381469727
2020-06-10,2.9100000858306885
2020-06-11,2.509999990463257
2020-06-12,2.619999885559082
2020-06-15,2.640000104904175
2020-06-16,2.6500000953674316
2020-06-17,2.5
2020-06-18,2.5199999809265137
2020-06-19,2.5250000953674316
2020-06-22,2.4800000190734863
2020-06-23,2.4800000190734863
2020-06-24,2.2699999809265137
2020-06-25,2.299999952316284
2020-06-26,2.2300000190734863
2020-06-29,2.4200000762939453
2020-06-30,2.390000104904175
2020-07-01,2.3499999046325684
2020-07-02,2.369999885559082
2020-07-06,2.259999990463257
2020-07-07,2.119999885559082
2020-07-08,2.1050000190734863
2020-07-09,1.9900000095367432
2020-07-10,2.049999952316284
2020-07-13,1.9950000047683716
2020-07-14,1.909999966621399
2020-07-15,2.119999885559082
2020-07-16,2.125
2020-07-17,2.109999895095825
2020-07-20,2.0199999809265137
2020-07-21,2.0899999141693115
2020-07-22,2.069999933242798
2020-07-23,2.049999952316284
2020-07-24,1.9600000381469727
2020-07-27,1.9199999570846558
2020-07-28,1.9299999475479126
2020-07-29,2.0
2020-07-30,1.9800000190734863
2020-07-31,1.909999966621399
2020-08-03,2.140000104904175
2020-08-04,2.240000009536743
2020-08-05,2.234999895095825
2020-08-06,2.259999990463257
2020-08-07,4.130000114440918
2020-08-10,4.489999771118164
2020-08-11,4.039999961853027
2020-08-12,3.75
2020-08-13,4.079999923706055
2020-08-14,3.9100000858306885
2020-08-17,3.759999990463257
2020-08-18,3.7799999713897705
2020-08-19,3.700000047683716
2020-08-20,3.5
2020-08-21,3.5
2020-08-24,3.825000047683716
2020-08-25,3.765000104904175
2020-08-26,3.6600000858306885
2020-08-27,3.615000009536743
2020-08-28,3.6050000190734863
2020-08-31,3.380000114440918
2020-09-01,3.509999990463257
2020-09-02,3.5899999141693115
2020-09-03,3.5
2020-09-04,3.694999933242798
2020-09-08,3.390000104904175
2020-09-09,3.200000047683716
2020-09-10,3.2699999809265137
2020-09-11,3.569999933242798
2020-09-14,3.5999999046325684
2020-09-15,3.5299999713897705
2020-09-16,3.440000057220459
2020-09-17,3.5199999809265137
2020-09-18,3.5899999141693115
2020-09-21,3.299999952316284
2020-09-22,3.255000114440918
2020-09-23,3.075000047683716
2020-09-24,3.0399999618530273
2020-09-25,3.0899999141693115
2020-09-28,3.2100000381469727
2020-09-29,3.25
2020-09-30,3.180000066757202
2020-10-01,3.25
2020-10-02,3.25
2020-10-05,3.369999885559082
2020-10-06,3.2799999713897705
2020-10-07,3.4100000858306885
2020-10-08,3.509999990463257
2020-10-09,3.5999999046325684
2020-10-12,3.630000114440918
2020-10-13,3.609999895095825
2020-10-14,3.5899999141693115
2020-10-15,3.569999933242798
2020-10-16,3.6600000858306885
2020-10-19,3.559999942779541
2020-10-20,3.680000066757202
2020-10-21,3.6549999713897705
2020-10-22,3.7699999809265137
2020-10-23,3.740000009536743
2020-10-26,3.559999942779541
2020-10-27,3.430000066757202
2020-10-28,3.25
2020-10-29,3.4700000286102295
2020-10-30,3.484999895095825
2020-11-02,3.680000066757202
2020-11-03,3.799999952316284
2020-11-04,3.740000009536743
2020-11-05,4.119999885559082
2020-11-06,4.03000020980835
2020-11-09,4.079999923706055
2020-11-10,4.039999961853027
2020-11-11,3.9000000953674316
2020-11-12,3.740000009536743
2020-11-13,3.9100000858306885
2020-11-16,4.079999923706055
2020-11-17,4.230000019073486
2020-11-18,4.210000038146973
2020-11-19,4.170000076293945
2020-11-20,4.21999979019165
2020-11-23,4.53000020980835
2020-11-24,4.46999979019165
2020-11-25,4.480000019073486
2020-11-27,4.539999961853027
2020-11-30,4.21999979019165
2020-12-01,4.275000095367432
2020-12-02,4.380000114440918
2020-12-03,4.320000171661377
2020-12-04,4.53000020980835
2020-12-07,4.639999866485596
2020-12-08,5.284999847412109
2020-12-09,5.099999904632568
2020-12-10,5.440000057220459
2020-12-11,5.244999885559082
2020-12-14,5.070000171661377
2020-12-15,5.130000114440918
2020-12-16,5.215000152587891
2020-12-17,5.070000171661377
2020-12-18,5.019999980926514
2020-12-21,4.96999979019165
2020-12-22,4.989999771118164
2020-12-23,5.010000228881836
2020-12-24,4.849999904632568
2020-12-28,4.900000095367432
2020-12-29,4.71999979019165
2020-12-30,4.71999979019165
2020-12-31,4.800000190734863
2021-01-04,4.675000190734863
2021-01-05,4.929999828338623
2021-01-06,5.079999923706055
2021-01-07,5.03000020980835
2021-01-08,4.949999809265137
2021-01-11,4.84499979019165
2021-01-12,4.860000133514404
2021-01-13,4.670000076293945
2021-01-14,4.809999942779541
2021-01-15,4.809999942779541
2021-01-19,5.03000020980835
2021-01-20,5.090000152587891
2021-01-21,5.119999885559082
2021-01-22,5.25
2021-01-25,5.25
2021-01-26,4.889999866485596
2021-01-27,4.789999961853027
2021-01-28,4.789999961853027
2021-01-29,4.820000171661377
2021-02-01,5.0
2021-02-02,5.090000152587891
2021-02-03,5.090000152587891
2021-02-04,5.099999904632568
2021-02-05,5.159999847412109
2021-02-08,5.260000228881836
2021-02-09,5.449999809265137
2021-02-10,5.380000114440918
2021-02-11,5.75
2021-02-12,5.84499979019165
2021-02-16,5.639999866485596
2021-02-17,5.650000095367432
2021-02-18,5.78000020980835
2021-02-19,5.079999923706055
2021-02-22,5.059999942779541
2021-02-23,5.050000190734863
2021-02-24,5.579999923706055
2021-02-25,5.505000114440918
2021-02-26,5.380000114440918
2021-03-01,5.860000133514404
2021-03-02,6.099999904632568
2021-03-03,6.360000133514404
2021-03-04,6.139999866485596
2021-03-05,6.320000171661377
2021-03-08,6.710000038146973
2021-03-09,6.849999904632568
2021-03-10,6.739999771118164
2021-03-11,6.735000133514404
2021-03-12,6.880000114440918
2021-03-15,7.050000190734863
2021-03-16,6.934999942779541
2021-03-17,6.940000057220459
2021-03-18,6.650000095367432
2021-03-19,7.079999923706055
2021-03-22,6.710000038146973
2021-03-23,6.380000114440918
2021-03-24,6.179999828338623
2021-03-25,6.730000019073486
2021-03-26,6.769999980926514
2021-03-29,6.539999961853027
2021-03-30,6.829999923706055
2021-03-31,6.659999847412109
2021-04-01,6.920000076293945
2021-04-05,7.0
2021-04-06,6.929999828338623
2021-04-07,6.809999942779541
2021-04-08,6.800000190734863
2021-04-09,6.730000019073486
2021-04-12,6.760000228881836
2021-04-13,6.730000019073486
2021-04-14,6.860000133514404
2021-04-15,6.960000038146973
2021-04-16,7.050000190734863
2021-04-19,6.800000190734863
2021-04-20,6.599999904632568
2021-04-21,6.760000228881836
2021-04-22,6.710000038146973
2021-04-23,6.840000152587891
2021-04-26,6.789999961853027
2021-04-27,6.75
2021-04-28,6.730000019073486
2021-04-29,6.840000152587891
2021-04-30,6.800000190734863
2021-05-03,7.070000171661377
2021-05-04,7.110000133514404
2021-05-05,6.889999866485596
2021-05-06,7.309999942779541
2021-05-07,7.519999980926514
2021-05-10,7.300000190734863
2021-05-11,7.150000095367432
2021-05-12,6.880000114440918
2021-05-13,7.050000190734863
2021-05-14,7.21999979019165
2021-05-17,7.210000038146973
2021-05-18,7.179999828338623
2021-05-19,7.199999809265137
2021-05-20,7.260000228881836
2021-05-21,7.320000171661377
2021-05-24,7.369999885559082
2021-05-25,7.150000095367432
2021-05-26,7.360000133514404
2021-05-27,7.78000020980835
2021-05-28,7.579999923706055
2021-06-01,7.71999979019165
2021-06-02,7.840000152587891
2021-06-03,7.699999809265137
2021-06-04,7.710000038146973
2021-06-07,7.869999885559082
2021-06-08,8.3100004196167
2021-06-09,8.020000457763672
2021-06-10,8.140000343322754
2021-06-11,8.149999618530273
2021-06-14,8.069999694824219
2021-06-15,7.960000038146973
2021-06-16,8.0
2021-06-17,7.699999809265137
2021-06-18,7.380000114440918
2021-06-21,7.690000057220459
2021-06-22,7.679999828338623
2021-06-23,7.650000095367432
2021-06-24,7.760000228881836
2021-06-25,7.590000152587891
2021-06-28,7.440000057220459
2021-06-29,7.599999904632568
2021-06-30,7.5
2021-07-01,7.380000114440918
2021-07-02,7.230000019073486
2021-07-06,7.059999942779541
2021-07-07,7.119999885559082
2021-07-08,7.019999980926514
2021-07-09,7.190000057220459
2021-07-12,7.239999771118164
2021-07-13,7.110000133514404
2021-07-14,7.03000020980835
2021-07-15,7.019999980926514
2021-07-16,6.730000019073486
2021-07-19,6.639999866485596
2021-07-20,6.789999961853027
2021-07-21,6.989999771118164
2021-07-22,6.71999979019165
2021-07-23,6.75
2021-07-26,6.809999942779541
2021-07-27,6.699999809265137
2021-07-28,6.699999809265137
2021-07-29,6.809999942779541
2021-07-30,6.710000038146973
2021-08-02,6.670000076293945
2021-08-03,6.480000019073486
2021-08-04,6.289999961853027
2021-08-05,6.380000114440918
2021-08-06,6.949999809265137
2021-08-09,6.679999828338623
2021-08-10,6.889999866485596
2021-08-11,6.849999904632568
2021-08-12,7.199999809265137
2021-08-13,7.369999885559082
2021-08-16,7.289999961853027
2021-08-17,7.150000095367432
2021-08-18,7.039999961853027
2021-08-19,6.760000228881836
2021-08-20,6.900000095367432
2021-08-23,6.940000057220459
2021-08-24,6.909999847412109
2021-08-25,7.0
2021-08-26,6.789999961853027
2021-08-27,7.119999885559082
2021-08-30,7.03000020980835
2021-08-31,7.300000190734863
2021-09-01,7.230000019073486
2021-09-02,7.349999904632568
2021-09-03,7.449999809265137
2021-09-07,7.130000114440918
2021-09-08,6.960000038146973
2021-09-09,6.929999828338623
2021-09-10,6.715000152587891
2021-09-13,6.900000095367432
2021-09-14,6.579999923706055
2021-09-15,6.739999771118164
2021-09-16,6.630000114440918
2021-09-17,6.46999979019165
2021-09-20,6.380000114440918
2021-09-21,6.329999923706055
2021-09-22,6.46999979019165
2021-09-23,6.610000133514404
2021-09-24,6.510000228881836
2021-09-27,6.75
2021-09-28,6.610000133514404
2021-09-29,6.539999961853027
2021-09-30,6.590000152587891
2021-10-01,6.829999923706055
2021-10-04,6.760000228881836
2021-10-05,6.929999828338623
2021-10-06,6.869999885559082
2021-10-07,6.869999885559082
2021-10-08,6.789999961853027
2021-10-11,6.659999847412109
2021-10-12,6.630000114440918
2021-10-13,6.739999771118164
2021-10-14,6.809999942779541
2021-10-15,6.739999771118164
2021-10-18,6.699999809265137
2021-10-19,6.75
2021-10-20,6.789999961853027
2021-10-21,6.769999980926514
2021-10-22,6.869999885559082
2021-10-25,7.059999942779541
2021-10-26,6.829999923706055
2021-10-27,6.650000095367432
2021-10-28,6.75
2021-10-29,6.75
2021-11-01,7.079999923706055
2021-11-02,6.960000038146973
2021-11-03,7.110000133514404
2021-11-04,7.03000020980835
2021-11-05,6.210000038146973
2021-11-08,6.099999904632568
2021-11-09,6.059999942779541
2021-11-10,5.909999847412109
2021-11-11,5.920000076293945
2021-11-12,5.849999904632568
2021-11-15,5.739999771118164
2021-11-16,5.699999809265137
2021-11-17,5.619999885559082
2021-11-18,5.510000228881836
2021-11-19,5.400000095367432
2021-11-22,5.619999885559082
2021-11-23,5.519999980926514
2021-11-24,5.449999809265137
2021-11-26,5.139999866485596
2021-11-29,5.239999771118164
2021-11-30,5.039999961853027
2021-12-01,5.039999961853027
2021-12-02,5.21999979019165
2021-12-03,5.21999979019165
2021-12-06,5.309999942779541
2021-12-07,5.46999979019165
2021-12-08,5.409999847412109
2021-12-09,5.329999923706055
2021-12-10,5.309999942779541
2021-12-13,5.150000095367432
2021-12-14,5.150000095367432
2021-12-15,5.119999885559082
2021-12-16,5.050000190734863
2021-12-17,5.110000133514404
2021-12-20,5.0
2021-12-21,5.21999979019165
2021-12-22,5.269999980926514
2021-12-23,5.360000133514404
2021-12-27,5.380000114440918
2021-12-28,5.340000152587891
2021-12-29,5.369999885559082
2021-12-30,5.340000152587891
2021-12-31,5.340000152587891
2022-01-03,5.599999904632568
2022-01-04,5.96999979019165
2022-01-05,6.199999809265137
2022-01-06,6.159999847412109
2022-01-07,5.940000057220459
2022-01-10,5.909999847412109
2022-01-11,6.039999961853027
2022-01-12,5.860000133514404
2022-01-13,5.840000152587891
2022-01-14,5.590000152587891
2022-01-18,5.21999979019165
2022-01-19,5.050000190734863
2022-01-20,5.119999885559082
2022-01-21,5.019999980926514
2022-01-24,5.079999923706055
2022-01-25,4.849999904632568
2022-01-26,4.78000020980835
2022-01-27,4.630000114440918
2022-01-28,4.619999885559082
2022-01-31,4.730000019073486
2022-02-01,4.789999961853027
2022-02-02,4.730000019073486
2022-02-03,4.579999923706055
2022-02-04,4.630000114440918
2022-02-07,4.539999961853027
2022-02-08,4.670000076293945
2022-02-09,4.800000190734863
2022-02-10,4.590000152587891
2022-02-11,4.550000190734863
2022-02-14,4.400000095367432
2022-02-15,4.679999828338623
2022-02-16,4.730000019073486
2022-02-17,4.679999828338623
2022-02-18,4.78000020980835
2022-02-22,4.710000038146973
2022-02-23,5.099999904632568
2022-02-24,5.03000020980835
2022-02-25,5.110000133514404
2022-02-28,4.869999885559082
2022-03-01,4.489999771118164
2022-03-02,4.650000095367432
2022-03-03,4.449999809265137
2022-03-04,4.239999771118164
2022-03-07,4.159999847412109
2022-03-08,4.289999961853027
2022-03-09,4.389999866485596
2022-03-10,4.380000114440918
2022-03-11,4.320000171661377
2022-03-14,4.329999923706055
2022-03-15,4.420000076293945
2022-03-16,4.690000057220459
2022-03-17,4.650000095367432
2022-03-18,4.71999979019165
2022-03-21,4.760000228881836
2022-03-22,4.880000114440918
2022-03-23,4.849999904632568
2022-03-24,4.900000095367432
2022-03-25,4.860000133514404
2022-03-28,4.940000057220459
2022-03-29,5.130000114440918
2022-03-30,5.090000152587891
2022-03-31,5.159999847412109
2022-04-01,5.190000057220459
2022-04-04,5.139999866485596
2022-04-05,4.96999979019165
2022-04-06,4.860000133514404
2022-04-07,5.380000114440918
2022-04-08,5.769999980926514
2022-04-11,5.630000114440918
2022-04-12,5.610000133514404
2022-04-13,5.699999809265137
2022-04-14,5.599999904632568
2022-04-18,5.550000190734863
2022-04-19,5.619999885559082
2022-04-20,5.650000095367432
2022-04-21,5.539999961853027
2022-04-22,5.369999885559082
2022-04-25,5.570000171661377
2022-04-26,5.559999942779541
2022-04-27,5.679999828338623
2022-04-28,5.679999828338623
2022-04-29,5.630000114440918
2022-05-02,5.5
2022-05-03,5.420000076293945
2022-05-04,4.650000095367432
2022-05-05,4.639999866485596
2022-05-06,4.570000171661377
2022-05-09,4.650000095367432
2022-05-10,4.699999809265137
2022-05-11,4.480000019073486
2022-05-12,4.570000171661377
2022-05-13,4.659999847412109
2022-05-16,4.739999771118164
2022-05-17,5.019999980926514
2022-05-18,4.869999885559082
2022-05-19,4.849999904632568
2022-05-20,4.829999923706055
2022-05-23,4.849999904632568
2022-05-24,4.659999847412109
2022-05-25,4.809999942779541
2022-05-26,4.920000076293945
2022-05-27,5.050000190734863
2022-05-31,5.300000190734863
2022-06-01,5.289999961853027
2022-06-02,5.380000114440918
2022-06-03,5.389999866485596
2022-06-06,5.570000171661377
2022-06-07,5.519999980926514
2022-06-08,5.389999866485596
2022-06-09,5.25
2022-06-10,4.960000038146973
2022-06-13,4.460000038146973
2022-06-14,4.369999885559082
2022-06-15,4.480000019073486
2022-06-16,4.239999771118164
2022-06-17,4.300000190734863
2022-06-21,4.460000038146973
2022-06-22,4.460000038146973
2022-06-23,4.409999847412109
2022-06-24,4.460000038146973
2022-06-27,4.460000038146973
2022-06-28,4.340000152587891
2022-06-29,4.329999923706055
2022-06-30,4.320000171661377
2022-07-01,4.289999961853027
2022-07-05,4.230000019073486
2022-07-06,4.139999866485596
2022-07-07,4.210000038146973
2022-07-08,4.289999961853027
2022-07-11,4.079999923706055
2022-07-12,4.070000171661377
2022-07-13,4.070000171661377
2022-07-14,4.03000020980835
2022-07-15,4.130000114440918
2022-07-18,4.130000114440918
2022-07-19,4.559999942779541
2022-07-20,4.579999923706055
2022-07-21,4.489999771118164
2022-07-22,4.539999961853027
2022-07-25,4.489999771118164
2022-07-26,4.480000019073486
2022-07-27,4.579999923706055
2022-07-28,4.670000076293945
2022-07-29,4.659999847412109
2022-08-01,4.659999847412109
2022-08-02,4.599999904632568
2022-08-03,4.179999828338623
2022-08-04,4.25
2022-08-05,4.340000152587891
2022-08-08,4.590000152587891
2022-08-09,4.440000057220459
2022-08-10,4.550000190734863
2022-08-11,4.460000038146973
2022-08-12,4.630000114440918
2022-08-15,4.659999847412109
2022-08-16,4.650000095367432
2022-08-17,4.420000076293945
2022-08-18,4.429999828338623
2022-08-19,4.360000133514404
2022-08-22,4.309999942779541
2022-08-23,4.269999980926514
2022-08-24,4.260000228881836
2022-08-25,4.360000133514404
2022-08-26,4.269999980926514
2022-08-29,4.230000019073486
2022-08-30,4.170000076293945
2022-08-31,4.090000152587891
2022-09-01,4.019999980926514
2022-09-02,3.990000009536743
2022-09-06,3.9800000190734863
2022-09-07,4.050000190734863
2022-09-08,3.990000009536743
2022-09-09,4.079999923706055
2022-09-12,4.190000057220459
2022-09-13,4.050000190734863
2022-09-14,3.9700000286102295
2022-09-15,3.859999895095825
2022-09-16,3.7300000190734863
2022-09-19,3.75
2022-09-20,3.690000057220459
2022-09-21,3.630000114440918
2022-09-22,3.619999885559082
2022-09-23,3.490000009536743
2022-09-26,3.4000000953674316
2022-09-27,3.4000000953674316
2022-09-28,3.4800000190734863
2022-09-29,3.369999885559082
2022-09-30,3.3399999141693115
2022-10-03,3.4200000762939453
2022-10-04,3.619999885559082
2022-10-05,3.549999952316284
2022-10-06,3.4700000286102295
2022-10-07,3.4200000762939453
2022-10-10,3.4000000953674316
2022-10-11,3.390000104904175
2022-10-12,3.380000114440918
2022-10-13,3.509999990463257
2022-10-14,3.450000047683716
2022-10-17,3.569999933242798
2022-10-18,3.630000114440918
2022-10-19,3.5199999809265137
2022-10-20,3.5799999237060547
2022-10-21,3.6700000762939453
2022-10-24,3.6500000953674316
2022-10-25,3.7899999618530273
2022-10-26,3.8299999237060547
2022-10-27,3.930000066757202
2022-10-28,4.099999904632568
2022-10-31,4.119999885559082
2022-11-01,4.0
2022-11-02,3.8299999237060547
2022-11-03,3.809999942779541
2022-11-04,3.75
2022-11-07,3.869999885559082
2022-11-08,3.799999952316284
2022-11-09,3.640000104904175
2022-11-10,3.819999933242798
2022-11-11,3.859999895095825
2022-11-14,3.7899999618530273
2022-11-15,3.859999895095825
2022-11-16,3.8499999046325684
2022-11-17,3.9100000858306885
2022-11-18,3.9700000286102295
2022-11-21,3.859999895095825
2022-11-22,3.9200000762939453
2022-11-23,4.039999961853027
2022-11-25,4.119999885559082
2022-11-28,3.990000009536743
2022-11-29,3.9600000381469727
2022-11-30,4.039999961853027
2022-12-01,4.159999847412109
2022-12-02,4.190000057220459
2022-12-05,4.039999961853027
2022-12-06,4.0
2022-12-07,3.8499999046325684
2022-12-08,3.819999933242798
2022-12-09,3.7899999618530273
2022-12-12,3.930000066757202
2022-12-13,3.940000057220459
2022-12-14,4.039999961853027
2022-12-15,3.8299999237060547
2022-12-16,3.7699999809265137
2022-12-19,3.890000104904175
2022-12-20,3.9700000286102295
2022-12-21,4.110000133514404
2022-12-22,4.090000152587891
2022-12-23,4.130000114440918
2022-12-27,4.099999904632568
2022-12-28,3.9800000190734863
2022-12-29,4.110000133514404
2022-12-30,4.050000190734863
2023-01-03,4.179999828338623
2023-01-04,4.179999828338623
2023-01-05,4.210000038146973
2023-01-06,4.349999904632568
2023-01-09,4.480000019073486
2023-01-10,4.420000076293945
2023-01-11,4.429999828338623
2023-01-12,4.659999847412109
2023-01-13,4.699999809265137
2023-01-17,4.710000038146973
2023-01-18,4.619999885559082
2023-01-19,4.610000133514404
2023-01-20,4.679999828338623
2023-01-23,4.75
2023-01-24,4.690000057220459
2023-01-25,4.760000228881836
2023-01-26,4.829999923706055
2023-01-27,4.739999771118164
2023-01-30,4.739999771118164
2023-01-31,4.769999980926514
2023-02-01,4.829999923706055
2023-02-02,4.880000114440918
2023-02-03,4.769999980926514
2023-02-06,4.650000095367432
2023-02-07,4.650000095367432
2023-02-08,4.519999980926514
2023-02-09,4.400000095367432
2023-02-10,4.420000076293945
2023-02-13,4.380000114440918
2023-02-14,4.28000020980835
2023-02-15,4.21999979019165
2023-02-16,4.170000076293945
2023-02-17,4.239999771118164
2023-02-21,4.159999847412109
2023-02-22,4.099999904632568
2023-02-23,4.110000133514404
2023-02-24,4.050000190734863
2023-02-27,4.019999980926514
2023-02-28,3.9800000190734863
2023-03-01,3.940000057220459
2023-03-02,3.9600000381469727
2023-03-03,4.0
2023-03-06,3.880000114440918
2023-03-07,3.8299999237060547
2023-03-08,3.7799999713897705
2023-03-09,3.630000114440918
2023-03-10,3.5899999141693115
2023-03-13,3.369999885559082
2023-03-14,3.4700000286102295
2023-03-15,3.3299999237060547
2023-03-16,3.359999895095825
2023-03-17,3.3299999237060547
2023-03-20,3.380000114440918
2023-03-21,3.440000057220459
2023-03-22,3.3399999141693115
2023-03-23,3.25
2023-03-24,3.200000047683716
2023-03-27,3.1700000762939453
2023-03-28,3.1500000953674316
2023-03-29,3.2100000381469727
2023-03-30,3.359999895095825
2023-03-31,3.430000066757202
2023-04-03,3.440000057220459
2023-04-04,3.4100000858306885
2023-04-05,3.380000114440918
2023-04-06,3.3299999237060547
2023-04-10,3.4600000381469727
2023-04-11,3.4800000190734863
2023-04-12,3.4200000762939453
2023-04-13,3.430000066757202
2023-04-14,3.369999885559082
2023-04-17,3.4600000381469727
2023-04-18,3.369999885559082
2023-04-19,3.390000104904175
2023-04-20,3.4100000858306885
2023-04-21,3.4000000953674316
2023-04-24,3.359999895095825
2023-04-25,3.3399999141693115
2023-04-26,3.369999885559082
2023-04-27,3.430000066757202
2023-04-28,3.509999990463257
2023-05-01,3.569999933242798
2023-05-02,3.309999942779541
2023-05-03,2.8949999809265137
2023-05-04,2.740000009536743
2023-05-05,2.9600000381469727
2023-05-08,2.869999885559082
2023-05-09,2.930000066757202
2023-05-10,2.9000000953674316
2023-05-11,2.859999895095825
2023-05-12,2.8499999046325684
2023-05-15,2.9100000858306885
2023-05-16,3.1500000953674316
2023-05-17,3.4000000953674316
2023-05-18,3.569999933242798
2023-05-19,3.5399999618530273
2023-05-22,3.5199999809265137
2023-05-23,3.4100000858306885
2023-05-24,3.309999942779541
2023-05-25,3.240000009536743
2023-05-26,3.259999990463257
2023-05-30,3.140000104904175
2023-05-31,3.0299999713897705
2023-06-01,3.130000114440918
2023-06-02,3.25
2023-06-05,3.059999942779541
2023-06-06,3.240000009536743
2023-06-07,3.380000114440918
2023-06-08,3.309999942779541
2023-06-09,3.25
2023-06-12,3.259999990463257
2023-06-13,3.2200000286102295
2023-06-14,3.2100000381469727
2023-06-15,3.3499999046325684
2023-06-16,3.359999895095825
2023-06-20,3.319999933242798
2023-06-21,3.299999952316284
2023-06-22,3.2200000286102295
2023-06-23,3.1700000762939453
2023-06-26,3.259999990463257
2023-06-27,3.359999895095825
2023-06-28,3.390000104904175
2023-06-29,3.4600000381469727
2023-06-30,3.4000000953674316
2023-07-03,3.5299999713897705
2023-07-05,3.359999895095825
2023-07-06,3.2699999809265137
2023-07-07,3.5399999618530273
2023-07-10,3.5399999618530273
2023-07-11,3.569999933242798
2023-07-12,3.5899999141693115
2023-07-13,3.619999885559082
2023-07-14,3.5799999237060547
2023-07-17,3.549999952316284
2023-07-18,3.5299999713897705
2023-07-19,3.569999933242798
2023-07-20,3.430000066757202
2023-07-21,3.390000104904175
2023-07-24,3.359999895095825
2023-07-25,3.5
2023-07-26,3.5399999618530273
2023-07-27,3.509999990463257
2023-07-28,3.4700000286102295
2023-07-31,3.4600000381469727
2023-08-01,3.430000066757202
2023-08-02,3.700000047683716
2023-08-03,3.5999999046325684
2023-08-04,3.4600000381469727
2023-08-07,3.319999933242798
2023-08-08,3.2699999809265137
2023-08-09,3.319999933242798
2023-08-10,3.309999942779541
2023-08-11,3.299999952316284
2023-08-14,3.2699999809265137
2023-08-15,3.200000047683716
2023-08-16,3.200000047683716
2023-08-17,3.190000057220459
2023-08-18,3.190000057220459
2023-08-21,3.200000047683716
2023-08-22,3.1700000762939453
2023-08-23,3.25
2023-08-24,3.2100000381469727
2023-08-25,3.1600000858306885
2023-08-28,3.240000009536743
2023-08-29,3.2200000286102295
2023-08-30,3.109999895095825
2023-08-31,3.140000104904175
2023-09-01,3.1700000762939453
2023-09-05,3.059999942779541
2023-09-06,3.0399999618530273
2023-09-07,2.9200000762939453
2023-09-08,3.0199999809265137
2023-09-11,3.059999942779541
2023-09-12,3.130000114440918
2023-09-13,3.069999933242798
2023-09-14,3.1600000858306885
2023-09-15,3.130000114440918
2023-09-18,3.0799999237060547
2023-09-19,3.5199999809265137
2023-09-20,3.4000000953674316
2023-09-21,3.4200000762939453
2023-09-22,3.450000047683716
2023-09-25,3.4700000286102295
2023-09-26,3.359999895095825
2023-09-27,3.4000000953674316
2023-09-28,3.5199999809265137
2023-09-29,3.4800000190734863
2023-10-02,3.5299999713897705
2023-10-03,3.490000009536743
2023-10-04,3.4800000190734863
2023-10-05,3.509999990463257
2023-10-06,3.4200000762939453
2023-10-09,3.4000000953674316
2023-10-10,3.4100000858306885
2023-10-11,3.440000057220459
2023-10-12,3.3499999046325684
2023-10-13,3.2899999618530273
2023-10-16,3.380000114440918
2023-10-17,3.430000066757202
2023-10-18,3.309999942779541
2023-10-19,3.2200000286102295
2023-10-20,3.119999885559082
2023-10-23,3.119999885559082
2023-10-24,3.1600000858306885
2023-10-25,3.140000104904175
2023-10-26,3.2200000286102295
2023-10-27,3.0999999046325684
2023-10-30,3.200000047683716
2023-10-31,3.190000057220459
2023-11-01,2.5999999046325684
2023-11-02,2.609999895095825
2023-11-03,2.7100000381469727
2023-11-06,2.4700000286102295
2023-11-07,2.630000114440918
2023-11-08,2.609999895095825
2023-11-09,2.4700000286102295
2023-11-10,2.509999990463257
2023-11-13,2.4700000286102295
2023-11-14,2.6600000858306885
2023-11-15,2.7799999713897705
2023-11-16,2.700000047683716
2023-11-17,2.799999952316284
2023-11-20,2.9200000762939453
2023-11-21,2.9600000381469727
2023-11-22,3.0199999809265137
2023-11-24,3.0399999618530273
2023-11-27,3.0399999618530273
2023-11-28,2.990000009536743
2023-11-29,3.055000066757202
2023-11-30,3.0399999618530273
2023-12-01,3.1700000762939453
2023-12-04,3.190000057220459
2023-12-05,3.259999990463257
2023-12-06,3.2300000190734863
2023-12-07,3.25
2023-12-08,3.2300000190734863
2023-12-11,3.2799999713897705
2023-12-12,3.2300000190734863
2023-12-13,3.369999885559082
2023-12-14,3.4600000381469727
2023-12-15,3.440000057220459
2023-12-18,3.440000057220459
2023-12-19,3.4600000381469727
2023-12-20,3.4000000953674316
2023-12-21,3.509999990463257
2023-12-22,3.5999999046325684
2023-12-26,3.680000066757202
2023-12-27,3.690000057220459
2023-12-28,3.7100000381469727
2023-12-29,3.6500000953674316
2024-01-02,3.690000057220459
2024-01-03,3.559999942779541
2024-01-04,3.450000047683716
2024-01-05,3.4600000381469727
2024-01-08,3.609999895095825
2024-01-09,3.440000057220459
2024-01-10,3.440000057220459
2024-01-11,3.5199999809265137
2024-01-12,3.5299999713897705
2024-01-16,3.490000009536743
2024-01-17,3.4700000286102295
2024-01-18,3.4800000190734863
2024-01-19,3.5799999237060547
2024-01-22,3.700000047683716
2024-01-23,3.740000009536743
2024-01-24,3.690000057220459
2024-01-25,3.630000114440918
2024-01-26,3.680000066757202
2024-01-29,3.7799999713897705
2024-01-30,3.700000047683716
2024-01-31,3.5999999046325684
2024-02-01,3.700000047683716
2024-02-02,3.5999999046325684
2024-02-05,3.4800000190734863
2024-02-06,3.569999933242798
2024-02-07,3.4700000286102295
2024-02-08,3.390000104904175
2024-02-09,3.450000047683716
2024-02-12,3.569999933242798
2024-02-13,3.4000000953674316
2024-02-14,3.4700000286102295
2024-02-15,3.700000047683716
2024-02-16,3.6500000953674316
2024-02-20,3.559999942779541
2024-02-21,3.509999990463257
2024-02-22,3.509999990463257
2024-02-23,3.5
2024-02-26,3.5299999713897705
2024-02-27,3.559999942779541
2024-02-28,3.3499999046325684
2024-02-29,3.440000057220459
2024-03-01,3.3399999141693115
2024-03-04,3.390000104904175
2024-03-05,3.309999942779541
2024-03-06,3.3499999046325684
2024-03-07,3.3499999046325684
2024-03-08,3.369999885559082
2024-03-11,3.299999952316284
2024-03-12,3.2300000190734863
2024-03-13,3.180000066757202
2024-03-14,3.200000047683716
2024-03-15,3.2799999713897705
2024-03-18,3.259999990463257
2024-03-19,3.3399999141693115
2024-03-20,3.4100000858306885
2024-03-21,3.390000104904175
2024-03-22,3.259999990463257
2024-03-25,3.2300000190734863
2024-03-26,3.200000047683716
2024-03-27,3.319999933242798
2024-03-28,3.380000114440918
2024-04-01,3.2699999809265137
2024-04-02,3.2200000286102295
2024-04-03,3.240000009536743
2024-04-04,3.240000009536743
2024-04-05,3.240000009536743
2024-04-08,3.3499999046325684
2024-04-09,3.380000114440918
2024-04-10,3.3299999237060547
2024-04-11,3.309999942779541
2024-04-12,3.200000047683716
2024-04-15,3.1700000762939453
2024-04-16,3.0899999141693115
2024-04-17,3.0199999809265137
2024-04-18,3.0199999809265137
2024-04-19,3.059999942779541
2024-04-22,3.049999952316284
2024-04-23,3.0299999713897705
2024-04-24,3.069999933242798
2024-04-25,2.990000009536743
2024-04-26,3.059999942779541
2024-04-29,3.299999952316284
2024-04-30,3.1500000953674316
2024-05-01,3.490000009536743
2024-05-02,3.680000066757202
2024-05-03,3.869999885559082
2024-05-06,3.859999895095825
2024-05-07,3.759999990463257
2024-05-08,3.819999933242798
2024-05-09,3.809999942779541
2024-05-10,3.700000047683716
2024-05-13,3.940000057220459
2024-05-14,3.869999885559082
2024-05-15,3.9600000381469727
2024-05-16,3.940000057220459
2024-05-17,3.819999933242798
2024-05-20,3.740000009536743
2024-05-21,3.680000066757202
2024-05-22,3.5399999618530273
2024-05-23,3.5
2024-05-24,3.450000047683716
2024-05-28,3.4000000953674316
2024-05-29,3.440000057220459
2024-05-30,3.5999999046325684
2024-05-31,3.5
2024-06-03,3.5899999141693115
2024-06-04,3.7699999809265137
2024-06-05,3.680000066757202
2024-06-06,3.559999942779541
2024-06-07,3.4700000286102295
2024-06-10,3.5199999809265137
2024-06-11,3.299999952316284
2024-06-12,3.190000057220459
2024-06-13,3.1500000953674316
2024-06-14,3.069999933242798
2024-06-17,3.0299999713897705
2024-06-18,3.069999933242798
2024-06-20,3.0899999141693115
2024-06-21,3.059999942779541
2024-06-24,3.240000009536743
2024-06-25,3.2300000190734863
2024-06-26,3.2699999809265137
2024-06-27,3.359999895095825
2024-06-28,3.259999990463257
2024-07-01,3.2699999809265137
2024-07-02,3.380000114440918
2024-07-03,3.3299999237060547
2024-07-05,3.259999990463257
2024-07-08,3.2899999618530273
2024-07-09,3.2899999618530273
2024-07-10,3.2799999713897705
2024-07-11,3.490000009536743
2024-07-12,3.549999952316284
2024-07-15,3.809999942779541
2024-07-16,3.9600000381469727
2024-07-17,3.9800000190734863
2024-07-18,3.950000047683716
2024-07-19,3.9100000858306885
2024-07-22,4.079999923706055
2024-07-23,4.139999866485596
2024-07-24,3.9800000190734863
2024-07-25,4.070000171661377
2024-07-26,4.159999847412109
2024-07-29,4.070000171661377
2024-07-30,4.150000095367432
2024-07-31,4.079999923706055
2024-08-01,3.940000057220459
2024-08-02,3.75
2024-08-05,3.5199999809265137
2024-08-06,3.569999933242798
2024-08-07,3.0799999237060547
2024-08-08,3.069999933242798
2024-08-09,3.0799999237060547
2024-08-12,3.0299999713897705
2024-08-13,3.200000047683716
2024-08-14,3.2100000381469727
2024-08-15,3.2899999618530273
2024-08-16,3.319999933242798
2024-08-19,3.309999942779541
2024-08-20,3.3399999141693115
2024-08-21,3.3399999141693115
2024-08-22,3.299999952316284
2024-08-23,3.640000104904175
2024-08-26,3.7899999618530273
2024-08-27,3.859999895095825
2024-08-28,3.930000066757202
2024-08-29,3.859999895095825
2024-08-30,3.819999933242798
2024-09-03,3.740000009536743
2024-09-04,3.799999952316284
2024-09-05,3.75
2024-09-06,3.609999895095825
2024-09-09,3.6600000858306885
2024-09-10,3.7699999809265137
2024-09-11,3.7300000190734863
2024-09-12,3.819999933242798
2024-09-13,3.9200000762939453
2024-09-16,3.8399999141693115
2024-09-17,3.8399999141693115
2024-09-18,3.799999952316284
2024-09-19,3.9100000858306885
2024-09-20,3.75
2024-09-23,3.819999933242798
2024-09-24,3.869999885559082
2024-09-25,3.8299999237060547
2024-09-26,3.799999952316284
2024-09-27,3.8399999141693115
2024-09-30,4.03000020980835
2024-10-01,3.9200000762939453
2024-10-02,3.9000000953674316
2024-10-03,3.890000104904175
2024-10-04,4.019999980926514
2024-10-07,4.050000190734863
2024-10-08,4.110000133514404
2024-10-09,4.119999885559082
2024-10-10,3.9800000190734863
2024-10-11,4.050000190734863
2024-10-14,4.010000228881836
2024-10-15,3.9200000762939453
2024-10-16,3.9800000190734863
2024-10-17,3.9800000190734863
2024-10-18,3.930000066757202
2024-10-21,3.7899999618530273
2024-10-22,3.700000047683716
2024-10-23,3.680000066757202
2024-10-24,3.700000047683716
2024-10-25,3.559999942779541
2024-10-28,3.7200000286102295
2024-10-29,3.640000104904175
2024-10-30,3.6700000762939453
2024-10-31,3.5999999046325684
2024-11-01,3.5799999237060547
2024-11-04,3.6600000858306885
2024-11-05,3.7100000381469727
2024-11-06,4.130000114440918
2024-11-07,4.079999923706055
2024-11-08,4.099999904632568
2024-11-11,4.289999961853027
2024-11-12,4.269999980926514
2024-11-13,4.269999980926514
2024-11-14,4.050000190734863
2024-11-15,3.9200000762939453
2024-11-18,3.690000057220459
2024-11-19,3.559999942779541
2024-11-20,3.5899999141693115
2024-11-21,3.640000104904175
2024-11-22,3.740000009536743
2024-11-25,3.8499999046325684
2024-11-26,3.8299999237060547
2024-11-27,3.700000047683716
2024-11-29,3.7300000190734863
2024-12-02,4.139999866485596
2024-12-03,4.079999923706055
2024-12-04,4.03000020980835
2024-12-05,4.059999942779541
2024-12-06,4.03000020980835
2024-12-09,4.260000228881836
2024-12-10,4.389999866485596
2024-12-11,4.369999885559082
2024-12-12,4.320000171661377
2024-12-13,4.210000038146973
2024-12-16,4.260000228881836
2024-12-17,4.320000171661377
2024-12-18,4.21999979019165
2024-12-19,4.329999923706055
2024-12-20,4.409999847412109
2024-12-23,4.130000114440918
2024-12-24,4.150000095367432
2024-12-26,4.260000228881836
2024-12-27,4.079999923706055
2024-12-30,4.039999961853027
2024-12-31,4.039999961853027
2025-01-02,4.019999980926514
2025-01-03,4.110000133514404
2025-01-06,3.950000047683716
2025-01-07,3.950000047683716
2025-01-08,3.930000066757202
2025-01-10,3.799999952316284
2025-01-13,3.890000104904175
2025-01-14,3.9700000286102295
2025-01-15,4.010000228881836
2025-01-16,4.050000190734863
2025-01-17,4.039999961853027
2025-01-21,4.110000133514404
2025-01-22,3.990000009536743
2025-01-23,4.019999980926514
2025-01-24,3.9800000190734863
2025-01-27,3.9600000381469727
2025-01-28,3.9700000286102295
2025-01-29,4.070000171661377
2025-01-30,4.019999980926514
2025-01-31,3.9600000381469727
2025-02-03,3.869999885559082
2025-02-04,3.9200000762939453
2025-02-05,3.9000000953674316
2025-02-06,3.940000057220459
2025-02-07,4.420000076293945
2025-02-10,4.320000171661377
2025-02-11,4.389999866485596
2025-02-12,4.119999885559082
2025-02-13,4.230000019073486
2025-02-14,4.199999809265137
2025-02-18,4.119999885559082
2025-02-19,4.050000190734863
2025-02-20,3.880000114440918
2025-02-21,3.75
2025-02-24,3.680000066757202
2025-02-25,3.690000057220459
2025-02-26,3.5999999046325684
2025-02-27,3.569999933242798
2025-02-28,3.5399999618530273
2025-03-03,3.3499999046325684
2025-03-04,3.319999933242798
2025-03-05,3.3399999141693115
2025-03-06,3.2899999618530273
2025-03-07,3.2899999618530273
2025-03-10,3.0999999046325684
2025-03-11,3.049999952316284
2025-03-12,3.119999885559082
2025-03-13,3.0399999618530273
2025-03-14,3.130000114440918
2025-03-17,3.0799999237060547
2025-03-18,2.990000009536743
2025-03-19,3.009999990463257
2025-03-20,2.9700000286102295
2025-03-21,3.049999952316284
2025-03-24,2.990000009536743
2025-03-25,2.940000057220459
2025-03-26,2.9000000953674316
2025-03-27,2.880000114440918
2025-03-28,2.7799999713897705
2025-03-31,2.700000047683716
2025-04-01,2.700000047683716
2025-04-02,2.7100000381469727
2025-04-03,2.549999952316284
2025-04-04,2.490000009536743
2025-04-07,2.4200000762939453
2025-04-08,2.2300000190734863
2025-04-09,2.259999990463257
2025-04-10,2.130000114440918
2025-04-11,2.0399999618530273
2025-04-14,2.119999885559082
2025-04-15,2.059999942779541
2025-04-16,2.069999933242798
2025-04-17,2.049999952316284
2025-04-21,1.9700000286102295
2025-04-22,1.9800000190734863
2025-04-23,2.0799999237060547
2025-04-24,2.140000104904175
2025-04-25,2.1500000953674316
2025-04-28,2.130000114440918
2025-04-29,2.1500000953674316
2025-04-30,2.109999895095825
2025-05-01,2.140000104904175
2025-05-02,2.1600000858306885
2025-05-05,2.0899999141693115
2025-05-06,2.049999952316284
2025-05-07,1.9800000190734863
2025-05-08,2.200000047683716
2025-05-09,2.25
2025-05-12,2.299999952316284
2025-05-13,2.299999952316284
2025-05-14,2.1700000762939453
2025-05-15,2.2300000190734863
2025-05-16,2.25
2025-05-19,2.2200000286102295
2025-05-20,2.299999952316284
2025-05-21,2.25
2025-05-22,2.380000114440918
2025-05-23,2.1600000858306885
2025-05-27,2.0999999046325684
2025-05-28,2.2200000286102295
2025-05-29,2.2300000190734863
2025-05-30,2.240000009536743
2025-06-02,2.359999895095825
2025-06-03,2.450000047683716
2025-06-04,2.4800000190734863
2025-06-05,2.5299999713897705
2025-06-06,2.6600000858306885
2025-06-09,2.7200000286102295
2025-06-10,2.7699999809265137
2025-06-11,2.7300000190734863
2025-06-12,2.740000009536743
2025-06-13,2.6700000762939453
2025-06-16,2.809999942779541
2025-06-17,2.7200000286102295
2025-06-18,2.7100000381469727
2025-06-20,2.680000066757202
2025-06-23,2.5799999237060547
2025-06-24,2.630000114440918
2025-06-25,2.5999999046325684
2025-06-26,2.690000057220459
2025-06-27,2.640000104904175
2025-06-30,2.640000104904175
2025-07-01,2.7699999809265137
2025-07-02,2.7699999809265137
2025-07-03,2.799999952316284
2025-07-07,2.700000047683716
2025-07-08,2.7699999809265137
2025-07-09,2.759999990463257
2025-07-10,2.740000009536743
2025-07-11,2.6700000762939453
2025-07-14,2.6700000762939453
2025-07-15,2.559999942779541
2025-07-16,2.569999933242798
2025-07-17,2.630000114440918
2025-07-18,2.5999999046325684
2025-07-21,2.5999999046325684
2025-07-22,2.700000047683716
2025-07-23,2.8299999237060547
2025-07-24,2.759999990463257
2025-07-25,2.7799999713897705
2025-07-28,2.7300000190734863
2025-07-29,2.75
2025-07-30,2.7300000190734863
2025-07-31,2.6600000858306885
2025-08-01,2.4600000381469727
2025-08-04,2.509999990463257
2025-08-05,2.4600000381469727
2025-08-06,2.450000047683716
2025-08-07,2.4800000190734863
2025-08-08,2.4800000190734863
2025-08-11,2.5399999618530273
2025-08-12,2.609999895095825
2025-08-13,2.549999952316284
2025-08-14,2.490000009536743
2025-08-15,2.430000066757202
2025-08-18,2.5999999046325684
2025-08-19,2.5399999618530273
2025-08-20,2.559999942779541
2025-08-21,2.5299999713897705
2025-08-22,2.799999952316284
2025-08-25,2.75
2025-08-26,2.8299999237060547
2025-08-27,2.8499999046325684
2025-08-28,2.799999952316284
2025-08-29,2.7799999713897705
2025-09-02,2.75
2025-09-03,2.809999942779541
2025-09-04,2.7899999618530273
2025-09-05,2.8299999237060547
2025-09-08,2.890000104904175
2025-09-09,2.799999952316284
2025-09-10,2.799999952316284
2025-09-11,2.9000000953674316
2025-09-12,2.819999933242798
2025-09-15,2.759999990463257
2025-09-16,2.7799999713897705
2025-09-17,2.799999952316284
2025-09-18,2.9600000381469727
2025-09-19,2.8399999141693115
