Date,EQH
2018-05-10,16.853736877441406
2018-05-11,17.723770141601562
2018-05-14,17.814916610717773
2018-05-15,17.897775650024414
2018-05-16,17.897775650024414
2018-05-17,17.964061737060547
2018-05-18,17.881208419799805
2018-05-21,18.11321449279785
2018-05-22,18.10492706298828
2018-05-23,17.997209548950195
2018-05-24,18.046920776367188
2018-05-25,18.187782287597656
2018-05-29,17.185176849365234
2018-05-30,17.76519775390625
2018-05-31,17.698915481567383
2018-06-01,17.848058700561523
2018-06-04,17.964061737060547
2018-06-05,17.798349380493164
2018-06-06,17.715484619140625
2018-06-07,17.616052627563477
2018-06-08,17.450334548950195
2018-06-11,17.682342529296875
2018-06-12,17.715484619140625
2018-06-13,17.922632217407227
2018-06-14,17.566333770751953
2018-06-15,17.50004768371582
2018-06-18,17.342615127563477
2018-06-19,17.31775665283203
2018-06-20,17.508337020874023
2018-06-21,17.574621200561523
2018-06-22,17.972347259521484
2018-06-25,17.483476638793945
2018-06-26,17.2514705657959
2018-06-27,16.75430679321289
2018-06-28,16.779163360595703
2018-06-29,17.077463150024414
2018-07-02,17.094026565551758
2018-07-03,17.226612091064453
2018-07-05,17.458616256713867
2018-07-06,17.566333770751953
2018-07-09,18.005495071411133
2018-07-10,17.848058700561523
2018-07-11,17.433761596679688
2018-07-12,17.483476638793945
2018-07-13,17.433761596679688
2018-07-16,17.59119415283203
2018-07-17,17.60776710510254
2018-07-18,17.5994815826416
2018-07-19,17.375762939453125
2018-07-20,17.53318977355957
2018-07-23,17.814916610717773
2018-07-24,17.889490127563477
2018-07-25,17.872915267944336
2018-07-26,18.06349754333496
2018-07-27,18.01378059387207
2018-07-30,18.245790481567383
2018-07-31,18.220932006835938
2018-08-01,17.94749641418457
2018-08-02,17.922632217407227
2018-08-03,18.196069717407227
2018-08-06,18.179500579833984
2018-08-07,17.889490127563477
2018-08-08,18.088356018066406
2018-08-09,17.955778121948242
2018-08-10,17.649192810058594
2018-08-13,17.690628051757812
2018-08-14,18.121498107910156
2018-08-15,17.922632217407227
2018-08-16,18.245790481567383
2018-08-17,18.4197940826416
2018-08-20,18.527511596679688
2018-08-21,18.79266357421875
2018-08-22,18.86766242980957
2018-08-23,18.725990295410156
2018-08-24,18.734329223632812
2018-08-27,18.992679595947266
2018-08-28,19.034345626831055
2018-08-29,18.95100975036621
2018-08-30,19.167686462402344
2018-08-31,19.126018524169922
2018-09-04,19.192689895629883
2018-09-05,19.084348678588867
2018-09-06,18.784334182739258
2018-09-07,18.609325408935547
2018-09-10,18.750995635986328
2018-09-11,18.709325790405273
2018-09-12,18.709325790405273
2018-09-13,18.525985717773438
2018-09-14,18.54265785217285
2018-09-17,18.617658615112305
2018-09-18,18.51764488220215
2018-09-19,18.742658615112305
2018-09-20,18.79266357421875
2018-09-21,18.71766471862793
2018-09-24,18.509319305419922
2018-09-25,18.20930290222168
2018-09-26,17.834287643432617
2018-09-27,18.184301376342773
2018-09-28,17.87594985961914
2018-10-01,17.609272003173828
2018-10-02,17.559267044067383
2018-10-03,17.809276580810547
2018-10-04,18.15096092224121
2018-10-05,18.192636489868164
2018-10-08,18.217634201049805
2018-10-09,18.192636489868164
2018-10-10,17.81761360168457
2018-10-11,17.100910186767578
2018-10-12,17.200912475585938
2018-10-15,17.200912475585938
2018-10-16,17.317590713500977
2018-10-17,17.53426742553711
2018-10-18,17.259252548217773
2018-10-19,17.284250259399414
2018-10-22,17.21758460998535
2018-10-23,17.37592124938965
2018-10-24,16.62588119506836
2018-10-25,16.809223175048828
2018-10-26,16.575881958007812
2018-10-29,16.550884246826172
2018-10-30,16.834228515625
2018-10-31,16.909236907958984
2018-11-01,16.78422737121582
2018-11-02,17.17591667175293
2018-11-05,17.325923919677734
2018-11-06,17.592601776123047
2018-11-07,18.250972747802734
2018-11-08,18.08429527282715
2018-11-09,17.8509521484375
2018-11-12,17.567598342895508
2018-11-13,17.392593383789062
2018-11-14,17.417593002319336
2018-11-15,17.042573928833008
2018-11-16,16.875892639160156
2018-11-19,16.834228515625
2018-11-20,16.32586669921875
2018-11-21,16.375871658325195
2018-11-23,16.434595108032227
2018-11-26,16.803728103637695
2018-11-27,16.686275482177734
2018-11-28,16.946340560913086
2018-11-29,16.669492721557617
2018-11-30,16.51009750366211
2018-12-03,16.61916160583496
2018-12-04,15.620831489562988
2018-12-06,14.949692726135254
2018-12-07,14.563788414001465
2018-12-10,14.54700756072998
2018-12-11,14.622512817382812
2018-12-12,14.706405639648438
2018-12-13,14.71479606628418
2018-12-14,14.152710914611816
2018-12-17,14.119153022766113
2018-12-18,13.808749198913574
2018-12-19,13.615795135498047
2018-12-20,13.330560684204102
2018-12-21,12.843986511230469
2018-12-24,12.508410453796387
2018-12-26,12.927878379821777
2018-12-27,13.129218101501465
2018-12-28,13.397675514221191
2018-12-31,13.951367378234863
2019-01-02,13.766801834106445
2019-01-03,13.607410430908203
2019-01-04,14.471503257751465
2019-01-07,14.597341537475586
2019-01-08,14.773518562316895
2019-01-09,14.95807933807373
2019-01-10,15.15103530883789
2019-01-11,15.3272123336792
2019-01-14,15.352375984191895
2019-01-15,15.46143913269043
2019-01-16,15.687952995300293
2019-01-17,15.939626693725586
2019-01-18,15.838956832885742
2019-01-22,15.478217124938965
2019-01-23,15.520163536071777
2019-01-24,15.469829559326172
2019-01-25,15.646003723144531
2019-01-28,15.43626880645752
2019-01-29,15.469829559326172
2019-01-30,15.553719520568848
2019-01-31,15.553719520568848
2019-02-01,15.53693962097168
2019-02-04,15.612444877624512
2019-02-05,15.629227638244629
2019-02-06,15.578886032104492
2019-02-07,15.360767364501953
2019-02-08,15.293657302856445
2019-02-11,15.251708030700684
2019-02-12,15.713115692138672
2019-02-13,15.880897521972656
2019-02-14,15.721506118774414
2019-02-15,16.224872589111328
2019-02-19,16.291976928710938
2019-02-20,16.36747932434082
2019-02-21,16.182918548583984
2019-02-22,16.224872589111328
2019-02-25,16.11579704284668
2019-02-26,16.090635299682617
2019-02-27,16.140974044799805
2019-02-28,16.04029655456543
2019-03-01,16.946340560913086
2019-03-04,17.258752822875977
2019-03-05,16.963232040405273
2019-03-06,16.726808547973633
2019-03-07,16.608596801757812
2019-03-08,16.769027709960938
2019-03-11,17.047670364379883
2019-03-12,17.013887405395508
2019-03-13,17.072994232177734
2019-03-14,17.34319305419922
2019-03-15,17.52895164489746
2019-03-18,17.62183380126953
2019-03-19,18.06089973449707
2019-03-20,17.604942321777344
2019-03-21,17.554283142089844
2019-03-22,16.65081024169922
2019-03-25,16.329965591430664
2019-03-26,16.887237548828125
2019-03-27,16.785905838012695
2019-03-28,16.904123306274414
2019-03-29,17.00544548034668
2019-04-01,17.630273818969727
2019-04-02,17.43606948852539
2019-04-03,17.75693130493164
2019-04-04,18.044010162353516
2019-04-05,18.44085693359375
2019-04-08,18.50840950012207
2019-04-09,18.30575942993164
2019-04-10,18.44930648803711
2019-04-11,18.457748413085938
2019-04-12,18.803937911987305
2019-04-15,18.83771324157715
2019-04-16,19.06568717956543
2019-04-17,19.074129104614258
2019-04-18,19.082578659057617
2019-04-22,18.677278518676758
2019-04-23,19.16701889038086
2019-04-24,18.913700103759766
2019-04-25,18.702611923217773
2019-04-26,18.879928588867188
2019-04-29,19.015024185180664
2019-04-30,19.1585693359375
2019-05-01,18.913700103759766
2019-05-02,19.09101676940918
2019-05-03,19.276779174804688
2019-05-06,19.074129104614258
2019-05-07,18.812381744384766
2019-05-08,18.584402084350586
2019-05-09,18.6097354888916
2019-05-10,18.744829177856445
2019-05-13,17.520505905151367
2019-05-14,17.968017578125
2019-05-15,18.07778549194336
2019-05-16,18.204442977905273
2019-05-17,18.13689613342285
2019-05-20,17.900466918945312
2019-05-21,18.187549591064453
2019-05-22,18.044010162353516
2019-05-23,17.706270217895508
2019-05-24,18.170665740966797
2019-05-28,18.19599723815918
2019-05-29,18.010236740112305
2019-05-30,18.07778549194336
2019-05-31,17.47406005859375
2019-06-03,17.703649520874023
2019-06-04,17.856700897216797
2019-06-05,17.77167320251465
2019-06-06,17.780170440673828
2019-06-07,17.74616050720215
2019-06-10,17.924724578857422
2019-06-11,18.154312133789062
2019-06-12,18.052276611328125
2019-06-13,18.103296279907227
2019-06-14,18.086288452148438
2019-06-17,17.678138732910156
2019-06-18,17.678138732910156
2019-06-19,17.73766326904297
2019-06-20,17.797178268432617
2019-06-21,17.610107421875
2019-06-24,17.508068084716797
2019-06-25,16.912853240966797
2019-06-26,16.921356201171875
2019-06-27,17.24447250366211
2019-06-28,17.77167320251465
2019-07-01,17.856700897216797
2019-07-02,17.81418800354004
2019-07-03,18.290363311767578
2019-07-05,18.56246566772461
2019-07-08,18.426410675048828
2019-07-09,18.62198829650879
2019-07-10,18.596479415893555
2019-07-11,18.860078811645508
2019-07-12,19.09817123413086
2019-07-15,19.140684127807617
2019-07-16,19.259727478027344
2019-07-17,18.877084732055664
2019-07-18,19.106674194335938
2019-07-19,19.064157485961914
2019-07-22,18.945114135742188
2019-07-23,19.27674102783203
2019-07-24,19.38727569580078
2019-07-25,19.285240173339844
2019-07-26,19.31925392150879
2019-07-29,19.31925392150879
2019-07-30,19.37027359008789
2019-07-31,19.11517333984375
2019-08-01,17.958738327026367
2019-08-02,17.593103408813477
2019-08-05,16.86182975769043
2019-08-06,17.21046257019043
2019-08-07,17.159435272216797
2019-08-08,17.780170440673828
2019-08-09,17.856700897216797
2019-08-12,17.35501480102539
2019-08-13,17.644123077392578
2019-08-14,16.938358306884766
2019-08-15,16.878835678100586
2019-08-16,17.21046257019043
2019-08-19,17.457050323486328
2019-08-20,17.269983291625977
2019-08-21,17.467010498046875
2019-08-22,17.604076385498047
2019-08-23,17.038686752319336
2019-08-26,17.235715866088867
2019-08-27,17.004423141479492
2019-08-28,17.192880630493164
2019-08-29,17.655471801757812
2019-08-30,17.792539596557617
2019-09-03,17.37278175354004
2019-09-04,17.59550666809082
2019-09-05,18.02383041381836
2019-09-06,17.963869094848633
2019-09-09,18.39219093322754
2019-09-10,18.58064842224121
2019-09-11,18.563514709472656
2019-09-12,18.452152252197266
2019-09-13,18.906179428100586
2019-09-16,18.692018508911133
2019-09-17,18.837648391723633
2019-09-18,18.940441131591797
2019-09-19,19.008975982666016
2019-09-20,19.377334594726562
2019-09-23,19.137468338012695
2019-09-24,18.96613883972168
2019-09-25,19.214567184448242
2019-09-26,19.214567184448242
2019-09-27,19.403030395507812
2019-09-30,18.9832763671875
2019-10-01,18.623483657836914
2019-10-02,18.02383041381836
2019-10-03,17.91246795654297
2019-10-04,18.178020477294922
2019-10-07,17.955297470092773
2019-10-08,17.2871150970459
2019-10-09,17.51841163635254
2019-10-10,17.59550666809082
2019-10-11,18.195158004760742
2019-10-14,18.246557235717773
2019-10-15,18.357921600341797
2019-10-16,18.297958374023438
2019-10-17,18.43502426147461
2019-10-18,18.597782135009766
2019-10-21,19.111772537231445
2019-10-22,19.240266799926758
2019-10-23,19.308799743652344
2019-10-24,19.094640731811523
2019-10-25,19.017539978027344
2019-10-28,19.46299171447754
2019-10-29,19.06037139892578
2019-10-30,18.837648391723633
2019-10-31,18.50355339050293
2019-11-01,18.820510864257812
2019-11-04,19.29166603088379
2019-11-05,19.283098220825195
2019-11-06,19.120336532592773
2019-11-07,19.137468338012695
2019-11-08,19.857051849365234
2019-11-11,20.18257713317871
2019-11-12,20.036951065063477
2019-11-13,19.78852081298828
2019-11-14,20.13117790222168
2019-11-15,20.43293571472168
2019-11-18,20.338096618652344
2019-11-19,20.476041793823242
2019-11-20,20.657085418701172
2019-11-21,20.69157600402832
2019-11-22,20.941598892211914
2019-11-25,21.22611427307129
2019-11-26,21.51923942565918
2019-11-27,21.51923942565918
2019-11-29,21.329565048217773
2019-12-02,21.139888763427734
2019-12-03,20.381202697753906
2019-12-04,20.605361938476562
2019-12-05,20.97608757019043
2019-12-06,21.346813201904297
2019-12-09,21.139888763427734
2019-12-10,21.079545974731445
2019-12-11,20.924362182617188
2019-12-12,21.433025360107422
2019-12-13,21.24335479736328
2019-12-16,21.407161712646484
2019-12-17,21.338191986083984
2019-12-18,21.183002471923828
2019-12-19,21.527860641479492
2019-12-20,21.493379592895508
2019-12-23,21.329565048217773
2019-12-24,21.22611427307129
2019-12-26,21.329565048217773
2019-12-27,21.208866119384766
2019-12-30,21.303699493408203
2019-12-31,21.36405372619629
2020-01-02,21.46750831604004
2020-01-03,21.010570526123047
2020-01-06,21.062297821044922
2020-01-07,21.51923942565918
2020-01-08,21.94169044494629
2020-01-09,22.243444442749023
2020-01-10,22.234825134277344
2020-01-13,22.527950286865234
2020-01-14,22.484848022460938
2020-01-15,22.12274742126465
2020-01-16,22.476228713989258
2020-01-17,22.484848022460938
2020-01-21,22.0882568359375
2020-01-22,22.096885681152344
2020-01-23,21.976179122924805
2020-01-24,21.53647804260254
2020-01-27,20.99333381652832
2020-01-28,21.217487335205078
2020-01-29,21.41578483581543
2020-01-30,21.26922035217285
2020-01-31,20.708820343017578
2020-02-03,20.88987159729004
2020-02-04,21.381296157836914
2020-02-05,22.10550308227539
2020-02-06,22.148609161376953
2020-02-07,22.13136100769043
2020-02-10,22.458980560302734
2020-02-11,23.191810607910156
2020-02-12,23.27802085876465
2020-02-13,23.27802085876465
2020-02-14,23.183189392089844
2020-02-18,23.02800178527832
2020-02-19,23.260778427124023
2020-02-20,23.407350540161133
2020-02-21,23.019380569458008
2020-02-24,21.72615623474121
2020-02-25,20.717443466186523
2020-02-26,19.984617233276367
2020-02-27,18.49309730529785
2020-02-28,18.449989318847656
2020-03-02,18.855199813842773
2020-03-03,18.062026977539062
2020-03-04,18.605178833007812
2020-03-05,17.363685607910156
2020-03-06,16.295284271240234
2020-03-09,13.35935115814209
2020-03-10,15.192136764526367
2020-03-11,13.741541862487793
2020-03-12,12.28226375579834
2020-03-13,14.02818775177002
2020-03-16,11.509194374084473
2020-03-17,11.26598072052002
2020-03-18,9.98911190032959
2020-03-19,9.780643463134766
2020-03-20,9.233413696289062
2020-03-23,9.051006317138672
2020-03-24,11.656858444213867
2020-03-25,13.263803482055664
2020-03-26,13.724170684814453
2020-03-27,12.916354179382324
2020-03-30,13.428841590881348
2020-03-31,12.551534652709961
2020-04-01,11.604743003845215
2020-04-02,11.630799293518066
2020-04-03,11.309410095214844
2020-04-06,12.386499404907227
2020-04-07,12.490734100341797
2020-04-08,13.515700340270996
2020-04-09,14.427752494812012
2020-04-13,13.967385292053223
2020-04-14,14.132420539855957
2020-04-15,13.064020156860352
2020-04-16,12.534163475036621
2020-04-17,13.680737495422363
2020-04-20,13.31592082977295
2020-04-21,12.70788860321045
2020-04-22,13.341979026794434
2020-04-23,13.31592082977295
2020-04-24,13.897894859313965
2020-04-27,14.262714385986328
2020-04-28,15.661187171936035
2020-04-29,16.46900177001953
2020-04-30,15.91308879852295
2020-05-01,15.061842918395996
2020-05-04,14.801257133483887
2020-05-05,14.523299217224121
2020-05-06,14.245344161987305
2020-05-07,15.166075706481934
2020-05-08,15.504839897155762
2020-05-11,14.896805763244629
2020-05-12,14.262714385986328
2020-05-13,13.43752670288086
2020-05-14,14.201908111572266
2020-05-15,14.332201957702637
2020-05-18,15.791484832763672
2020-05-19,14.96629524230957
2020-05-20,15.374543190002441
2020-05-21,15.643816947937012
2020-05-22,15.374543190002441
2020-05-26,16.72958755493164
2020-05-27,17.459226608276367
2020-05-28,17.068349838256836
2020-05-29,16.744159698486328
2020-06-01,17.015777587890625
2020-06-02,17.2611141204834
2020-06-03,18.373886108398438
2020-06-04,19.109891891479492
2020-06-05,19.442852020263672
2020-06-08,20.19637680053711
2020-06-09,19.381513595581055
2020-06-10,18.943418502807617
2020-06-11,16.971967697143555
2020-06-12,18.049692153930664
2020-06-15,18.181121826171875
2020-06-16,18.435218811035156
2020-06-17,17.672929763793945
2020-06-18,17.53273582458496
2020-06-19,17.243593215942383
2020-06-22,17.147207260131836
2020-06-23,17.2611141204834
2020-06-24,16.481294631958008
2020-06-25,17.313688278198242
2020-06-26,16.639013290405273
2020-06-29,16.65653419494629
2020-06-30,16.901874542236328
2020-07-01,16.525108337402344
2020-07-02,16.665300369262695
2020-07-06,17.015777587890625
2020-07-07,16.5513916015625
2020-07-08,16.82301139831543
2020-07-09,15.894244194030762
2020-07-10,16.83177947998047
2020-07-13,17.094636917114258
2020-07-14,17.191022872924805
2020-07-15,18.032167434692383
2020-07-16,17.935787200927734
2020-07-17,17.778074264526367
2020-07-20,17.506444931030273
2020-07-21,17.664167404174805
2020-07-22,17.83940887451172
2020-07-23,18.040929794311523
2020-07-24,17.786828994750977
2020-07-27,17.769309997558594
2020-07-28,17.55902671813965
2020-07-29,18.12854766845703
2020-07-30,17.743024826049805
2020-07-31,17.927030563354492
2020-08-03,18.242456436157227
2020-08-04,18.189884185791016
2020-08-05,18.443981170654297
2020-08-06,18.058452606201172
2020-08-07,18.79446029663086
2020-08-10,19.068252563476562
2020-08-11,19.236064910888672
2020-08-12,19.024091720581055
2020-08-13,19.17423439025879
2020-08-14,19.25372314453125
2020-08-17,18.935779571533203
2020-08-18,18.564828872680664
2020-08-19,18.52950096130371
2020-08-20,18.397024154663086
2020-08-21,18.238048553466797
2020-08-24,19.0152645111084
2020-08-25,18.944602966308594
2020-08-26,18.688478469848633
2020-08-27,18.935779571533203
2020-08-28,19.08591651916504
2020-08-31,18.71497344970703
2020-09-01,18.635488510131836
2020-09-02,19.050588607788086
2020-09-03,18.644317626953125
2020-09-04,18.520673751831055
2020-09-08,17.58448028564453
2020-09-09,17.663965225219727
2020-09-10,17.028064727783203
2020-09-11,17.328357696533203
2020-09-14,17.531490325927734
2020-09-15,16.78076934814453
2020-09-16,16.842594146728516
2020-09-17,16.869089126586914
2020-09-18,16.860254287719727
2020-09-21,15.579620361328125
2020-09-22,15.853416442871094
2020-09-23,15.756260871887207
2020-09-24,15.835747718811035
2020-09-25,15.826918601989746
2020-09-28,16.436325073242188
2020-09-29,16.197858810424805
2020-09-30,16.10953712463379
2020-10-01,16.436325073242188
2020-10-02,16.559968948364258
2020-10-05,17.160547256469727
2020-10-06,17.08989143371582
2020-10-07,17.81411361694336
2020-10-08,18.670814514160156
2020-10-09,18.37936019897461
2020-10-12,18.81212615966797
2020-10-13,18.20271873474121
2020-10-14,17.92892837524414
2020-10-15,18.176223754882812
2020-10-16,17.89360237121582
2020-10-19,17.566818237304688
2020-10-20,17.62864112854004
2020-10-21,17.50499153137207
2020-10-22,17.92892837524414
2020-10-23,18.1850528717041
2020-10-26,17.354846954345703
2020-10-27,16.339168548583984
2020-10-28,17.81411361694336
2020-10-29,18.741464614868164
2020-10-30,18.979928970336914
2020-11-02,19.37737274169922
2020-11-03,19.801307678222656
2020-11-04,19.642332077026367
2020-11-05,20.2958984375
2020-11-06,19.960283279418945
2020-11-09,21.355741500854492
2020-11-10,21.82383155822754
2020-11-11,21.700185775756836
2020-11-12,21.346904754638672
2020-11-13,21.73551368713379
2020-11-16,21.717851638793945
2020-11-17,21.497047424316406
2020-11-18,21.762008666992188
2020-11-19,21.832664489746094
2020-11-20,22.001630783081055
2020-11-23,22.286212921142578
2020-11-24,23.58461570739746
2020-11-25,23.460111618041992
2020-11-27,23.12217140197754
2020-11-30,22.57079315185547
2020-12-01,23.451217651367188
2020-12-02,23.63797378540039
2020-12-03,23.51346778869629
2020-12-04,24.118206024169922
2020-12-07,23.557931900024414
2020-12-08,23.66465187072754
2020-12-09,23.557931900024414
2020-12-10,23.504575729370117
2020-12-11,23.113279342651367
2020-12-14,22.472970962524414
2020-12-15,22.917633056640625
2020-12-16,22.837594985961914
2020-12-17,23.006561279296875
2020-12-18,22.3840389251709
2020-12-21,22.09946060180664
2020-12-22,22.09056854248047
2020-12-23,22.561904907226562
2020-12-24,22.32179069519043
2020-12-28,22.29510498046875
2020-12-29,22.108352661132812
2020-12-30,22.43739891052246
2020-12-31,22.75755500793457
2021-01-04,21.98384666442871
2021-01-05,22.35736083984375
2021-01-06,24.118206024169922
2021-01-07,23.833621978759766
2021-01-08,23.762479782104492
2021-01-11,23.851408004760742
2021-01-12,24.62510871887207
2021-01-13,24.38499641418457
2021-01-14,24.8029727935791
2021-01-15,24.456138610839844
2021-01-19,24.64289665222168
2021-01-20,24.420570373535156
2021-01-21,24.233814239501953
2021-01-22,23.940336227416992
2021-01-25,23.70911979675293
2021-01-26,23.068811416625977
2021-01-27,22.001630783081055
2021-01-28,22.66861915588379
2021-01-29,22.03721046447754
2021-02-01,22.277326583862305
2021-02-02,22.52632713317871
2021-02-03,22.855377197265625
2021-02-04,23.344501495361328
2021-02-05,23.789155960083008
2021-02-08,24.17156219482422
2021-02-09,24.52728843688965
2021-02-10,24.607322692871094
2021-02-11,24.48282241821289
2021-02-12,24.322744369506836
2021-02-16,24.891902923583984
2021-02-17,24.785188674926758
2021-02-18,24.767396926879883
2021-02-19,25.51442527770996
2021-02-22,26.10137367248535
2021-02-23,25.834577560424805
2021-02-24,27.32862663269043
2021-02-25,26.528242111206055
2021-02-26,26.297019958496094
2021-03-01,26.910646438598633
2021-03-02,26.964008331298828
2021-03-03,27.22336196899414
2021-03-04,26.794084548950195
2021-03-05,27.43800163269043
2021-03-08,28.207124710083008
2021-03-09,27.867280960083008
2021-03-10,28.546968460083008
2021-03-11,28.439647674560547
2021-03-12,28.859981536865234
2021-03-15,29.12828254699707
2021-03-16,28.421762466430664
2021-03-17,29.155113220214844
2021-03-18,29.083566665649414
2021-03-19,29.17300033569336
2021-03-22,28.967304229736328
2021-03-23,27.688413619995117
2021-03-24,27.482717514038086
2021-03-25,28.207124710083008
2021-03-26,28.484371185302734
2021-03-29,28.260786056518555
2021-03-30,28.985187530517578
2021-03-31,29.17300033569336
2021-04-01,29.521787643432617
2021-04-05,29.83480453491211
2021-04-06,29.66488265991211
2021-04-07,29.816911697387695
2021-04-08,29.781143188476562
2021-04-09,29.736431121826172
2021-04-12,30.02261734008789
2021-04-13,29.790088653564453
2021-04-14,30.19253921508789
2021-04-15,30.00472640991211
2021-04-16,30.138879776000977
2021-04-19,30.06732177734375
2021-04-20,29.190885543823242
2021-04-21,29.906347274780273
2021-04-22,29.62016487121582
2021-04-23,30.33562469482422
2021-04-26,30.550262451171875
2021-04-27,30.79173469543457
2021-04-28,30.84539794921875
2021-04-29,31.10474967956543
2021-04-30,30.612863540649414
2021-05-03,30.916942596435547
2021-05-04,30.89906120300293
2021-05-05,31.39988136291504
2021-05-06,31.355167388916016
2021-05-07,31.310440063476562
2021-05-10,30.702301025390625
2021-05-11,29.852685928344727
2021-05-12,28.788436889648438
2021-05-13,29.50390625
2021-05-14,30.425058364868164
2021-05-17,30.27302360534668
2021-05-18,30.085214614868164
2021-05-19,30.040494918823242
2021-05-20,29.539669036865234
2021-05-21,29.494956970214844
2021-05-24,29.289268493652344
2021-05-25,28.296558380126953
2021-05-26,28.49331283569336
2021-05-27,28.790115356445312
2021-05-28,28.556270599365234
2021-06-01,29.13189125061035
2021-06-02,28.82608985900879
2021-06-03,28.646215438842773
2021-06-04,28.223487854003906
2021-06-07,28.28644561767578
2021-06-08,28.17852020263672
2021-06-09,27.899700164794922
2021-06-10,27.270111083984375
2021-06-11,28.025615692138672
2021-06-14,28.025615692138672
2021-06-15,28.691181182861328
2021-06-16,28.556270599365234
2021-06-17,27.449996948242188
2021-06-18,26.469636917114258
2021-06-21,27.270111083984375
2021-06-22,27.180171966552734
2021-06-23,27.117212295532227
2021-06-24,27.44099998474121
2021-06-25,27.8547306060791
2021-06-28,27.036264419555664
2021-06-29,26.93733024597168
2021-06-30,27.387039184570312
2021-07-01,27.79176902770996
2021-07-02,27.719820022583008
2021-07-06,26.622539520263672
2021-07-07,26.60455322265625
2021-07-08,25.56123161315918
2021-07-09,26.667505264282227
2021-07-12,26.820405960083008
2021-07-13,26.199817657470703
2021-07-14,26.298749923706055
2021-07-15,26.487625122070312
2021-07-16,25.92999267578125
2021-07-19,25.246440887451172
2021-07-20,26.37969207763672
2021-07-21,27.063249588012695
2021-07-22,26.397686004638672
2021-07-23,26.45164680480957
2021-07-26,26.87436866760254
2021-07-27,26.559579849243164
2021-07-28,26.964309692382812
2021-07-29,27.737808227539062
2021-07-30,27.764789581298828
2021-08-02,27.638872146606445
2021-08-03,28.097570419311523
2021-08-04,27.315086364746094
2021-08-05,28.51129722595215
2021-08-06,28.969995498657227
2021-08-09,28.70017433166504
2021-08-10,29.32076644897461
2021-08-11,29.644556045532227
2021-08-12,29.210468292236328
2021-08-13,28.993427276611328
2021-08-16,28.78542137145996
2021-08-17,28.260902404785156
2021-08-18,27.872032165527344
2021-08-19,26.83203125
2021-08-20,27.33846664428711
2021-08-23,27.130464553833008
2021-08-24,27.89916229248047
2021-08-25,28.324201583862305
2021-08-26,27.872032165527344
2021-08-27,28.47794532775879
2021-08-30,28.06194496154785
2021-08-31,28.043859481811523
2021-09-01,28.025774002075195
2021-09-02,28.269943237304688
2021-09-03,28.22472381591797
2021-09-07,27.86298370361328
2021-09-08,27.636898040771484
2021-09-09,27.59168243408203
2021-09-10,26.77777099609375
2021-09-13,27.130464553833008
2021-09-14,26.56072998046875
2021-09-15,26.69638442993164
2021-09-16,26.660205841064453
2021-09-17,26.370811462402344
2021-09-20,25.45741844177246
2021-09-21,25.33985710144043
2021-09-22,25.59307289123535
2021-09-23,26.46124839782715
2021-09-24,26.624027252197266
2021-09-27,27.60072898864746
2021-09-28,27.38368034362793
2021-09-29,27.30229377746582
2021-09-30,26.804903030395508
2021-10-01,27.329423904418945
2021-10-04,27.085247039794922
2021-10-05,27.67307472229004
2021-10-06,27.790637969970703
2021-10-07,28.089073181152344
2021-10-08,28.64072608947754
2021-10-11,28.559337615966797
2021-10-12,28.740205764770508
2021-10-13,28.92107391357422
2021-10-14,29.273771286010742
2021-10-15,28.966293334960938
2021-10-18,29.110986709594727
2021-10-19,29.807340621948242
2021-10-20,30.621252059936523
2021-10-21,30.5850830078125
2021-10-22,30.639345169067383
2021-10-25,30.548904418945312
2021-10-26,30.60315704345703
2021-10-27,30.304729461669922
2021-10-28,30.48560333251953
2021-10-29,30.295690536499023
2021-11-01,30.702646255493164
2021-11-02,30.874467849731445
2021-11-03,31.35377311706543
2021-11-04,32.04108810424805
2021-11-05,31.824031829833984
2021-11-08,31.597942352294922
2021-11-09,31.209077835083008
2021-11-10,31.209077835083008
2021-11-11,31.290464401245117
2021-11-12,31.4532527923584
2021-11-15,31.62507438659668
2021-11-16,31.154815673828125
2021-11-17,30.096731185913086
2021-11-18,29.942991256713867
2021-11-19,29.626466751098633
2021-11-22,30.06960105895996
2021-11-23,30.702646255493164
2021-11-24,30.548904418945312
2021-11-26,29.50333023071289
2021-11-29,29.312402725219727
2021-11-30,28.603227615356445
2021-12-01,27.812232971191406
2021-12-02,28.430484771728516
2021-12-03,28.585044860839844
2021-12-06,29.1396541595459
2021-12-07,29.69426155090332
2021-12-08,29.84882354736328
2021-12-09,29.576066970825195
2021-12-10,29.41241455078125
2021-12-13,29.13055992126465
2021-12-14,29.212392807006836
2021-12-15,29.43968963623047
2021-12-16,29.27603530883789
2021-12-17,28.95781707763672
2021-12-20,27.966794967651367
2021-12-21,29.11237907409668
2021-12-22,29.585161209106445
2021-12-23,29.967021942138672
2021-12-27,30.030664443969727
2021-12-28,30.076126098632812
2021-12-29,30.057947158813477
2021-12-30,29.785181045532227
2021-12-31,29.812458038330078
2022-01-03,30.257963180541992
2022-01-04,31.32171630859375
2022-01-05,31.012592315673828
2022-01-06,31.930877685546875
2022-01-07,32.26728057861328
2022-01-10,31.97633171081543
2022-01-11,32.5218505859375
2022-01-12,32.367286682128906
2022-01-13,32.45820617675781
2022-01-14,32.71278381347656
2022-01-18,31.876331329345703
2022-01-19,31.267160415649414
2022-01-20,31.185344696044922
2022-01-21,30.294330596923828
2022-01-24,29.93974494934082
2022-01-25,29.94883918762207
2022-01-26,30.08521270751953
2022-01-27,29.348766326904297
2022-01-28,29.08510398864746
2022-01-31,30.585269927978516
2022-02-01,31.494462966918945
2022-02-02,31.639936447143555
2022-02-03,30.367067337036133
2022-02-04,31.449005126953125
2022-02-07,31.876331329345703
2022-02-08,32.55823516845703
2022-02-09,32.93099594116211
2022-02-10,33.003726959228516
2022-02-11,31.45809555053711
2022-02-14,30.8580265045166
2022-02-15,31.45809555053711
2022-02-16,31.449005126953125
2022-02-17,30.20340919494629
2022-02-18,30.157949447631836
2022-02-22,29.530611038208008
2022-02-23,29.08510398864746
2022-02-24,29.012365341186523
2022-02-25,30.25588607788086
2022-02-28,29.86271095275879
2022-03-01,28.162019729614258
2022-03-02,29.039796829223633
2022-03-03,28.747207641601562
2022-03-04,28.024864196777344
2022-03-07,26.077302932739258
2022-03-08,26.18701934814453
2022-03-09,27.64998435974121
2022-03-10,27.24766731262207
2022-03-11,27.357391357421875
2022-03-14,27.65912628173828
2022-03-15,27.878572463989258
2022-03-16,28.83864402770996
2022-03-17,28.811206817626953
2022-03-18,29.048946380615234
2022-03-21,28.48204231262207
2022-03-22,29.37810707092285
2022-03-23,28.591768264770508
2022-03-24,29.048946380615234
2022-03-25,29.33238983154297
2022-03-28,28.911788940429688
2022-03-29,29.2318115234375
2022-03-30,28.98493766784668
2022-03-31,28.26259994506836
2022-04-01,28.207740783691406
2022-04-04,28.226028442382812
2022-04-05,28.875213623046875
2022-04-06,28.83864402770996
2022-04-07,28.216880798339844
2022-04-08,28.76548957824707
2022-04-11,28.253454208374023
2022-04-12,27.796281814575195
2022-04-13,28.354034423828125
2022-04-14,28.05229377746582
2022-04-18,28.31745719909668
2022-04-19,29.112943649291992
2022-04-20,29.533544540405273
2022-04-21,29.1312313079834
2022-04-22,27.988292694091797
2022-04-25,27.604267120361328
2022-04-26,26.607624053955078
2022-04-27,26.790494918823242
2022-04-28,27.183664321899414
2022-04-29,26.360748291015625
2022-05-02,26.51618766784668
2022-05-03,27.357391357421875
2022-05-04,28.344890594482422
2022-05-05,27.073942184448242
2022-05-06,26.82706642150879
2022-05-09,25.89443016052246
2022-05-10,25.30924415588379
2022-05-11,24.879501342773438
2022-05-12,24.266887664794922
2022-05-13,25.42810821533203
2022-05-16,25.245237350463867
2022-05-17,26.342458724975586
2022-05-18,25.373249053955078
2022-05-19,25.354961395263672
2022-05-20,25.42810821533203
2022-05-23,26.324172973632812
2022-05-24,26.004146575927734
2022-05-25,26.90021514892578
2022-05-26,27.84844207763672
2022-05-27,28.437633514404297
2022-05-31,27.995737075805664
2022-06-01,27.691938400268555
2022-06-02,27.627498626708984
2022-06-03,27.056718826293945
2022-06-06,27.332902908325195
2022-06-07,27.397342681884766
2022-06-08,27.04751205444336
2022-06-09,26.421499252319336
2022-06-10,25.16026496887207
2022-06-13,23.88982391357422
2022-06-14,24.12917709350586
2022-06-15,24.552658081054688
2022-06-16,23.530784606933594
2022-06-17,23.834585189819336
2022-06-21,24.29488754272461
2022-06-22,24.451391220092773
2022-06-23,24.1015625
2022-06-24,25.08661651611328
2022-06-27,24.902490615844727
2022-06-28,24.865665435791016
2022-06-29,24.469806671142578
2022-06-30,24.000293731689453
2022-07-01,24.23044776916504
2022-07-05,23.97267723083496
2022-07-06,23.44792366027832
2022-07-07,24.037118911743164
2022-07-08,23.908231735229492
2022-07-11,23.63205337524414
2022-07-12,23.770137786865234
2022-07-13,23.429519653320312
2022-07-14,22.89556312561035
2022-07-15,23.42030906677246
2022-07-18,23.493961334228516
2022-07-19,24.2580623626709
2022-07-20,24.617101669311523
2022-07-21,24.828842163085938
2022-07-22,24.4329833984375
2022-07-25,24.718372344970703
2022-07-26,24.58948516845703
2022-07-27,25.169469833374023
2022-07-28,25.510093688964844
2022-07-29,26.17293357849121
2022-08-01,25.896751403808594
2022-08-02,25.325971603393555
2022-08-03,26.145315170288086
2022-08-04,26.246583938598633
2022-08-05,26.265127182006836
2022-08-08,26.404191970825195
2022-08-09,26.635971069335938
2022-08-10,27.498188018798828
2022-08-11,28.100811004638672
2022-08-12,28.675622940063477
2022-08-15,28.44384002685547
2022-08-16,29.20407485961914
2022-08-17,29.222618103027344
2022-08-18,29.510019302368164
2022-08-19,29.000112533569336
2022-08-22,28.091535568237305
2022-08-23,28.100811004638672
2022-08-24,28.017370223999023
2022-08-25,28.935209274291992
2022-08-26,28.16570472717285
2022-08-29,28.0637264251709
2022-08-30,27.785593032836914
2022-08-31,27.58162498474121
2022-09-01,27.37766456604004
2022-09-02,27.220048904418945
2022-09-06,26.88629150390625
2022-09-07,27.46110725402832
2022-09-08,27.850488662719727
2022-09-09,28.332590103149414
2022-09-12,28.74979019165039
2022-09-13,27.73923683166504
2022-09-14,27.720693588256836
2022-09-15,27.35911750793457
2022-09-16,27.090255737304688
2022-09-19,27.386932373046875
2022-09-20,27.12734031677246
2022-09-21,26.932645797729492
2022-09-22,26.22804069519043
2022-09-23,25.477079391479492
2022-09-26,24.540691375732422
2022-09-27,24.485065460205078
2022-09-28,25.282386779785156
2022-09-29,24.772472381591797
2022-09-30,24.429439544677734
2022-10-03,25.338014602661133
2022-10-04,26.877017974853516
2022-10-05,26.895557403564453
2022-10-06,26.663785934448242
2022-10-07,26.098243713378906
2022-10-10,26.03334617614746
2022-10-11,25.514163970947266
2022-10-12,25.18967056274414
2022-10-13,26.098243713378906
2022-10-14,25.745941162109375
2022-10-17,26.11678695678711
2022-10-18,26.68232536315918
2022-10-19,26.088972091674805
2022-10-20,25.439992904663086
2022-10-21,26.11678695678711
2022-10-24,26.802852630615234
2022-10-25,27.220048904418945
2022-10-26,27.322032928466797
2022-10-27,27.767047882080078
2022-10-28,28.694162368774414
2022-10-31,28.38821792602539
2022-11-01,28.666353225708008
2022-11-02,28.40675926208496
2022-11-03,26.33002281188965
2022-11-04,27.692882537841797
2022-11-07,28.18425178527832
2022-11-08,27.869029998779297
2022-11-09,27.12734031677246
2022-11-10,28.990840911865234
2022-11-11,28.351131439208984
2022-11-14,27.618711471557617
2022-11-15,28.36967658996582
2022-11-16,28.378942489624023
2022-11-17,28.16570472717285
2022-11-18,28.416025161743164
2022-11-21,28.36967658996582
2022-11-22,29.29678726196289
2022-11-23,29.000112533569336
2022-11-25,29.12140655517578
2022-11-28,28.57089614868164
2022-11-29,28.77617073059082
2022-11-30,29.61594009399414
2022-12-01,29.75590705871582
2022-12-02,29.839881896972656
2022-12-05,28.953454971313477
2022-12-06,28.477588653564453
2022-12-07,28.636207580566406
2022-12-08,28.384279251098633
2022-12-09,27.712461471557617
2022-12-12,28.3189640045166
2022-12-13,28.496246337890625
2022-12-14,27.91773796081543
2022-12-15,27.255250930786133
2022-12-16,26.88201904296875
2022-12-19,26.5741024017334
2022-12-20,26.788707733154297
2022-12-21,27.311237335205078
2022-12-22,26.611431121826172
2022-12-23,26.695404052734375
2022-12-27,26.49945640563965
2022-12-28,26.05158042907715
2022-12-29,27.031312942504883
2022-12-30,26.779380798339844
2023-01-03,26.686077117919922
2023-01-04,27.68446922302246
2023-01-05,27.43253517150879
2023-01-06,28.197662353515625
2023-01-09,27.65647315979004
2023-01-10,27.899076461791992
2023-01-11,28.533571243286133
2023-01-12,28.57089614868164
2023-01-13,28.48691749572754
2023-01-17,28.701522827148438
2023-01-18,28.290971755981445
2023-01-19,27.647144317626953
2023-01-20,28.253646850585938
2023-01-23,28.468250274658203
2023-01-24,28.54290008544922
2023-01-25,28.654869079589844
2023-01-26,29.205387115478516
2023-01-27,29.140071868896484
2023-01-30,28.906801223754883
2023-01-31,29.923856735229492
2023-02-01,30.11979866027832
2023-02-02,30.3437442779541
2023-02-03,30.185117721557617
2023-02-06,29.671924591064453
2023-02-07,30.29709243774414
2023-02-08,30.56768035888672
2023-02-09,29.690587997436523
2023-02-10,29.671924591064453
2023-02-13,30.222444534301758
2023-02-14,30.679651260375977
2023-02-15,30.586341857910156
2023-02-16,30.660987854003906
2023-02-17,30.55835723876953
2023-02-21,29.233381271362305
2023-02-22,29.205387115478516
2023-02-23,29.326688766479492
2023-02-24,29.439374923706055
2023-02-27,29.46754264831543
2023-02-28,29.50510597229004
2023-03-01,30.34086799621582
2023-03-02,29.98402976989746
2023-03-03,30.190616607666016
2023-03-06,29.674137115478516
2023-03-07,29.16704750061035
2023-03-08,28.613004684448242
2023-03-09,26.875755310058594
2023-03-10,25.59864044189453
2023-03-13,23.551502227783203
2023-03-14,24.09615135192871
2023-03-15,22.612445831298828
2023-03-16,23.344907760620117
2023-03-17,22.030227661132812
2023-03-20,22.650005340576172
2023-03-21,24.124324798583984
2023-03-22,22.894161224365234
2023-03-23,22.52792739868164
2023-03-24,22.142915725708008
2023-03-27,22.537321090698242
2023-03-28,22.22743034362793
2023-03-29,22.706350326538086
2023-03-30,23.194658279418945
2023-03-31,23.842605590820312
2023-04-03,23.560890197753906
2023-04-04,23.0162353515625
2023-04-05,22.819034576416016
2023-04-06,23.128925323486328
2023-04-10,23.0162353515625
2023-04-11,23.476377487182617
2023-04-12,23.711139678955078
2023-04-13,23.748703002929688
2023-04-14,23.748703002929688
2023-04-17,24.199445724487305
2023-04-18,24.565675735473633
2023-04-19,24.80044174194336
2023-04-20,24.48116683959961
2023-04-21,24.23700523376465
2023-04-24,24.312135696411133
2023-04-25,23.673574447631836
2023-04-26,23.60784149169922
2023-04-27,24.039810180664062
2023-04-28,24.406038284301758
2023-05-01,24.48116683959961
2023-05-02,23.476377487182617
2023-05-03,23.044410705566406
2023-05-04,21.5888729095459
2023-05-05,22.56549072265625
2023-05-08,22.142915725708008
2023-05-09,21.448015213012695
2023-05-10,21.429235458374023
2023-05-11,22.002058029174805
2023-05-12,22.03961753845215
2023-05-15,22.49036979675293
2023-05-16,22.02083969116211
2023-05-17,22.95050621032715
2023-05-18,23.410642623901367
2023-05-19,23.00684356689453
2023-05-22,23.6641845703125
2023-05-23,23.64540672302246
2023-05-24,23.213438034057617
2023-05-25,23.748703002929688
2023-05-26,23.870777130126953
2023-05-30,23.673574447631836
2023-05-31,23.044410705566406
2023-06-01,23.42942237854004
2023-06-02,24.39577865600586
2023-06-05,24.064184188842773
2023-06-06,24.670528411865234
2023-06-07,25.087385177612305
2023-06-08,25.096860885620117
2023-06-09,25.16318130493164
2023-06-12,24.878957748413086
2023-06-13,25.693729400634766
2023-06-14,25.362138748168945
2023-06-15,25.29581642150879
2023-06-16,25.040016174316406
2023-06-20,24.897905349731445
2023-06-21,24.841060638427734
2023-06-22,24.25366973876953
2023-06-23,24.092607498168945
2023-06-26,24.57578468322754
2023-06-27,25.16318130493164
2023-06-28,25.191604614257812
2023-06-29,25.532670974731445
2023-06-30,25.73162269592285
2023-07-03,25.940053939819336
2023-07-05,25.693729400634766
2023-07-06,25.447402954101562
2023-07-07,25.797945022583008
2023-07-10,25.902156829833984
2023-07-11,26.12953758239746
2023-07-12,26.25269889831543
2023-07-13,26.53692626953125
2023-07-14,25.883207321166992
2023-07-17,26.233753204345703
2023-07-18,26.707460403442383
2023-07-19,26.972728729248047
2023-07-20,27.067472457885742
2023-07-21,26.91588592529297
2023-07-24,27.29484748840332
2023-07-25,27.36116600036621
2023-07-26,27.635915756225586
2023-07-27,27.29484748840332
2023-07-28,27.152738571166992
2023-07-31,27.181161880493164
2023-08-01,27.427488327026367
2023-08-02,26.9632568359375
2023-08-03,27.067472457885742
2023-08-04,27.239330291748047
2023-08-07,27.764448165893555
2023-08-08,27.773996353149414
2023-08-09,27.07701873779297
2023-08-10,26.847875595092773
2023-08-11,27.124755859375
2023-08-14,26.8096866607666
2023-08-15,26.427780151367188
2023-08-16,26.236827850341797
2023-08-17,26.15089988708496
2023-08-18,26.303661346435547
2023-08-21,26.29411506652832
2023-08-22,25.82628059387207
2023-08-23,26.103160858154297
2023-08-24,26.341854095458984
2023-08-25,26.475521087646484
2023-08-28,26.924257278442383
2023-08-29,27.20113754272461
2023-08-30,27.7930908203125
2023-08-31,27.497112274169922
2023-09-01,27.869470596313477
2023-09-05,27.24887466430664
2023-09-06,27.14385223388672
2023-09-07,26.60918617248535
2023-09-08,27.191593170166016
2023-09-11,27.01973533630371
2023-09-12,27.563947677612305
2023-09-13,27.31570816040039
2023-09-14,27.812183380126953
2023-09-15,27.840829849243164
2023-09-18,27.859922409057617
2023-09-19,27.764448165893555
2023-09-20,27.745351791381836
2023-09-21,26.86697006225586
2023-09-22,26.78104019165039
2023-09-25,26.971996307373047
2023-09-26,26.2750186920166
2023-09-27,26.37049674987793
2023-09-28,26.828781127929688
2023-09-29,27.10565948486328
2023-10-02,26.198640823364258
2023-10-03,25.558948516845703
2023-10-04,25.635330200195312
2023-10-05,25.80718421936035
2023-10-06,26.179546356201172
2023-10-09,26.16044807434082
2023-10-10,26.52326011657715
2023-10-11,27.01018714904785
2023-10-12,26.37049674987793
2023-10-13,26.25592613220215
2023-10-16,26.876516342163086
2023-10-17,27.229782104492188
2023-10-18,26.933807373046875
2023-10-19,26.389589309692383
2023-10-20,25.740352630615234
2023-10-23,25.625783920288086
2023-10-24,25.893115997314453
2023-10-25,24.995641708374023
2023-10-26,25.48257064819336
2023-10-27,24.976545333862305
2023-10-30,25.09111785888672
2023-10-31,25.367998123168945
2023-11-01,24.069522857666016
2023-11-02,25.367998123168945
2023-11-03,26.389589309692383
2023-11-06,25.367998123168945
2023-11-07,25.444379806518555
2023-11-08,25.043378829956055
2023-11-09,24.833330154418945
2023-11-10,25.367998123168945
2023-11-13,25.177045822143555
2023-11-14,26.55190086364746
2023-11-15,26.857421875
2023-11-16,26.590089797973633
2023-11-17,27.096113204956055
2023-11-20,27.134302139282227
2023-11-21,26.914709091186523
2023-11-22,27.840829849243164
2023-11-24,28.235254287719727
2023-11-27,28.62006187438965
2023-11-28,28.437278747558594
2023-11-29,28.822086334228516
2023-11-30,29.524362564086914
2023-12-01,30.072711944580078
2023-12-04,31.025108337402344
2023-12-05,30.130430221557617
2023-12-06,30.351694107055664
2023-12-07,30.6595458984375
2023-12-08,30.900047302246094
2023-12-11,31.265613555908203
2023-12-12,31.563844680786133
2023-12-13,32.32383728027344
2023-12-14,33.15116882324219
2023-12-15,32.74712371826172
2023-12-18,32.64130401611328
2023-12-19,32.708641052246094
2023-12-20,32.24687576293945
2023-12-21,32.218013763427734
2023-12-22,31.939029693603516
2023-12-26,32.25648880004883
2023-12-27,32.12180709838867
2023-12-28,32.4104118347168
2023-12-29,32.03522872924805
2024-01-02,31.862062454223633
2024-01-03,31.198272705078125
2024-01-04,31.332956314086914
2024-01-05,31.794723510742188
2024-01-08,31.929410934448242
2024-01-09,31.381057739257812
2024-01-10,31.52535629272461
2024-01-11,31.53497886657715
2024-01-12,31.41953468322754
2024-01-16,31.1116943359375
2024-01-17,31.025108337402344
2024-01-18,31.217517852783203
2024-01-19,31.785104751586914
2024-01-22,32.054473876953125
2024-01-23,31.765865325927734
2024-01-24,31.948644638061523
2024-01-25,32.054473876953125
2024-01-26,31.88130760192871
2024-01-29,32.03522872924805
2024-01-30,32.02560806274414
2024-01-31,31.448396682739258
2024-02-01,31.159791946411133
2024-02-02,31.592702865600586
2024-02-05,31.41953468322754
2024-02-06,31.49650001525879
2024-02-07,32.42003631591797
2024-02-08,32.33345413208008
2024-02-09,32.45852279663086
2024-02-12,32.80484390258789
2024-02-13,31.862062454223633
2024-02-14,32.506622314453125
2024-02-15,33.295475006103516
2024-02-16,32.910667419433594
2024-02-20,33.03572463989258
2024-02-21,32.80484390258789
2024-02-22,33.18003845214844
2024-02-23,33.576988220214844
2024-02-26,33.35430908203125
2024-02-27,33.4317626953125
2024-02-28,33.092891693115234
2024-02-29,33.1509895324707
2024-03-01,32.657203674316406
2024-03-04,32.38611602783203
2024-03-05,32.686248779296875
2024-03-06,32.14406967163086
2024-03-07,32.502296447753906
2024-03-08,32.531341552734375
2024-03-11,32.85084533691406
2024-03-12,33.547943115234375
2024-03-13,34.03204345703125
2024-03-14,34.15790939331055
2024-03-15,34.09981918334961
2024-03-18,34.458045959472656
2024-03-19,34.7581901550293
2024-03-20,35.30038070678711
2024-03-21,35.648929595947266
2024-03-22,35.23260498046875
2024-03-25,36.22984313964844
2024-03-26,36.20079803466797
2024-03-27,36.76235580444336
2024-03-28,36.80107498168945
2024-04-01,36.24920654296875
2024-04-02,36.06525421142578
2024-04-03,36.63648223876953
2024-04-04,36.39443588256836
2024-04-05,36.588077545166016
2024-04-08,36.617122650146484
2024-04-09,36.39443588256836
2024-04-10,35.871612548828125
2024-04-11,35.88129806518555
2024-04-12,35.339111328125
2024-04-15,34.70977783203125
2024-04-16,34.49678039550781
2024-04-17,34.50646209716797
2024-04-18,35.087379455566406
2024-04-19,35.3972053527832
2024-04-22,35.8328857421875
2024-04-23,36.084617614746094
2024-04-24,36.85917663574219
2024-04-25,35.94906997680664
2024-04-26,35.71670150756836
2024-04-29,36.278255462646484
2024-04-30,35.736061096191406
2024-05-01,37.381996154785156
2024-05-02,37.033447265625
2024-05-03,37.3142204284668
2024-05-06,37.91450500488281
2024-05-07,38.17591857910156
2024-05-08,38.17591857910156
2024-05-09,38.37923812866211
2024-05-10,38.572872161865234
2024-05-13,39.02792739868164
2024-05-14,38.95047378540039
2024-05-15,39.19252395629883
2024-05-16,38.96015930175781
2024-05-17,39.434574127197266
2024-05-20,39.11506652832031
2024-05-21,39.444252014160156
2024-05-22,39.35711669921875
2024-05-23,39.14411544799805
2024-05-24,39.686302185058594
2024-05-28,39.134429931640625
2024-05-29,39.434574127197266
2024-05-30,40.18008041381836
2024-05-31,40.1703987121582
2024-06-03,40.034061431884766
2024-06-04,39.1284065246582
2024-06-05,39.14787673950195
2024-06-06,39.24525833129883
2024-06-07,39.10892868041992
2024-06-10,39.57636260986328
2024-06-11,39.49845504760742
2024-06-12,40.06327438354492
2024-06-13,39.25499725341797
2024-06-14,38.6414909362793
2024-06-17,38.98232650756836
2024-06-18,38.98232650756836
2024-06-20,39.97563171386719
2024-06-21,40.043800354003906
2024-06-24,40.34568786621094
2024-06-25,40.21908950805664
2024-06-26,39.50819396972656
2024-06-27,39.44976043701172
2024-06-28,39.79060745239258
2024-07-01,39.75165557861328
2024-07-02,40.28725814819336
2024-07-03,39.98537063598633
2024-07-05,39.362117767333984
2024-07-08,39.32316589355469
2024-07-09,39.732173919677734
2024-07-10,40.54045486450195
2024-07-11,40.93972396850586
2024-07-12,41.28055953979492
2024-07-15,41.78695297241211
2024-07-16,42.05962371826172
2024-07-17,41.19291687011719
2024-07-18,40.93972396850586
2024-07-19,40.63783264160156
2024-07-22,40.998146057128906
2024-07-23,41.309776306152344
2024-07-24,40.589141845703125
2024-07-25,41.25135040283203
2024-07-26,41.9427604675293
2024-07-29,41.777217864990234
2024-07-30,42.05962371826172
2024-07-31,42.468631744384766
2024-08-01,40.9007682800293
2024-08-02,38.15457534790039
2024-08-05,36.080322265625
2024-08-06,37.20752716064453
2024-08-07,36.42338180541992
2024-08-08,37.18791961669922
2024-08-09,37.78582763671875
2024-08-12,37.481971740722656
2024-08-13,37.952457427978516
2024-08-14,38.46215057373047
2024-08-15,39.187477111816406
2024-08-16,39.9520149230957
2024-08-19,40.20686340332031
2024-08-20,39.3541145324707
2024-08-21,39.67757034301758
2024-08-22,39.71677780151367
2024-08-23,40.79497528076172
2024-08-26,41.04982376098633
2024-08-27,41.118431091308594
2024-08-28,41.040016174316406
2024-08-29,41.2066535949707
2024-08-30,41.6771354675293
2024-09-03,40.53031921386719
2024-09-04,40.24607849121094
2024-09-05,39.72657775878906
2024-09-06,38.795413970947266
2024-09-09,39.17768096923828
2024-09-10,38.266117095947266
2024-09-11,38.25631332397461
2024-09-12,38.530765533447266
2024-09-13,39.324703216552734
2024-09-16,39.971622467041016
2024-09-17,40.549930572509766
2024-09-18,40.54012680053711
2024-09-19,41.62812423706055
2024-09-20,41.27526092529297
2024-09-23,41.44188690185547
2024-09-24,41.3732795715332
2024-09-25,41.16743850708008
2024-09-26,41.147830963134766
2024-09-27,41.147830963134766
2024-09-30,41.196842193603516
2024-10-01,40.88318634033203
2024-10-02,41.118431091308594
2024-10-03,40.765567779541016
2024-10-04,42.039798736572266
2024-10-07,41.90257263183594
2024-10-08,41.98099136352539
2024-10-09,42.14761734008789
2024-10-10,42.20642852783203
2024-10-11,43.03957748413086
2024-10-14,43.1277961730957
2024-10-15,43.22581100463867
2024-10-16,43.686500549316406
2024-10-17,44.60785675048828
2024-10-18,45.06854248046875
2024-10-21,44.94112014770508
2024-10-22,45.13715362548828
2024-10-23,44.53924560546875
2024-10-24,44.83330154418945
2024-10-25,44.07856750488281
2024-10-28,44.94112014770508
2024-10-29,44.90191650390625
2024-10-30,45.27437973022461
2024-10-31,44.44123077392578
2024-11-01,44.23539352416992
2024-11-04,44.10797119140625
2024-11-05,43.60808563232422
2024-11-06,49.40092849731445
2024-11-07,47.362159729003906
2024-11-08,46.42119216918945
2024-11-11,48.21491241455078
2024-11-12,47.58759689331055
2024-11-13,46.970088958740234
2024-11-14,46.705440521240234
2024-11-15,46.49959945678711
2024-11-18,46.185943603515625
2024-11-19,45.67625427246094
2024-11-20,45.80367660522461
2024-11-21,45.87228775024414
2024-11-22,46.67603302001953
2024-11-25,48.03847885131836
2024-11-26,47.585384368896484
2024-11-27,47.35883331298828
2024-11-29,47.5065803527832
2024-12-02,46.63977813720703
2024-12-03,46.84663009643555
2024-12-04,47.00423049926758
2024-12-05,47.01408004760742
2024-12-06,46.541282653808594
2024-12-09,46.05862808227539
2024-12-10,45.66463088989258
2024-12-11,46.47233200073242
2024-12-12,46.34428024291992
2024-12-13,46.75798034667969
2024-12-16,46.6102294921875
2024-12-17,45.87147903442383
2024-12-18,43.69462966918945
2024-12-19,44.305328369140625
2024-12-20,45.82223129272461
2024-12-23,46.29502868652344
2024-12-24,46.65947723388672
2024-12-26,47.329280853271484
2024-12-27,46.78752899169922
2024-12-30,46.30487823486328
2024-12-31,46.46247863769531
2025-01-02,46.92543029785156
2025-01-03,47.82177734375
2025-01-06,48.668880462646484
2025-01-07,48.373382568359375
2025-01-08,48.274879455566406
2025-01-10,47.35883331298828
2025-01-13,48.28472900390625
2025-01-14,49.15153121948242
2025-01-15,50.7866325378418
2025-01-16,50.76693344116211
2025-01-17,50.90483093261719
2025-01-21,52.0375862121582
2025-01-22,52.38233184814453
2025-01-23,52.26413345336914
2025-01-24,52.45127868652344
2025-01-27,52.28383255004883
2025-01-28,52.884681701660156
2025-01-29,53.33778762817383
2025-01-30,53.44613265991211
2025-01-31,53.60373306274414
2025-02-03,52.95363235473633
2025-02-04,52.45127868652344
2025-02-05,52.697532653808594
2025-02-06,51.476131439208984
2025-02-07,52.84528350830078
2025-02-10,52.884681701660156
2025-02-11,52.9240837097168
2025-02-12,52.84528350830078
2025-02-13,52.93393325805664
2025-02-14,54.50993347167969
2025-02-18,54.687232971191406
2025-02-19,54.84483337402344
2025-02-20,53.150630950927734
2025-02-21,50.59947967529297
2025-02-24,52.50053024291992
2025-02-25,52.5793342590332
2025-02-26,53.26883316040039
2025-02-27,53.31808090209961
2025-02-28,54.194732666015625
2025-03-03,53.485530853271484
2025-03-04,50.58963394165039
2025-03-05,51.688114166259766
2025-03-06,49.34270477294922
2025-03-07,49.80782699584961
2025-03-10,48.649967193603516
2025-03-11,49.99585723876953
2025-03-12,50.89641571044922
2025-03-13,49.026023864746094
2025-03-14,50.738075256347656
2025-03-17,51.717803955078125
2025-03-18,51.08444595336914
2025-03-19,52.21261215209961
2025-03-20,51.866249084472656
2025-03-21,52.00479507446289
2025-03-24,53.03400421142578
2025-03-25,53.736637115478516
2025-03-26,53.49913024902344
2025-03-27,52.74700927734375
2025-03-28,51.124027252197266
2025-03-31,51.549564361572266
2025-04-01,51.747493743896484
2025-04-02,54.36009979248047
2025-04-03,49.68907165527344
2025-04-04,44.63208770751953
2025-04-07,44.39457702636719
2025-04-08,43.523704528808594
2025-04-09,49.08539962768555
2025-04-10,45.324825286865234
2025-04-11,45.928497314453125
2025-04-14,46.74988555908203
2025-04-15,46.83895492553711
2025-04-16,45.869117736816406
2025-04-17,46.383724212646484
2025-04-21,45.13679504394531
2025-04-22,47.10614776611328
2025-04-23,48.38276672363281
2025-04-24,49.530731201171875
2025-04-25,49.164573669433594
2025-04-28,49.88699722290039
2025-04-29,50.49066925048828
2025-04-30,48.93695831298828
2025-05-01,48.74892807006836
2025-05-02,49.93647384643555
2025-05-05,49.78803634643555
2025-05-06,49.629695892333984
2025-05-07,50.38180923461914
2025-05-08,50.65890121459961
2025-05-09,50.80734634399414
2025-05-12,53.380374908447266
2025-05-13,53.697052001953125
2025-05-14,53.14286422729492
2025-05-15,52.30168151855469
2025-05-16,53.03400421142578
2025-05-19,53.15275955200195
2025-05-20,53.15275955200195
2025-05-21,51.302162170410156
2025-05-22,51.58915328979492
2025-05-23,51.262577056884766
2025-05-27,53.410064697265625
2025-05-28,52.44023132324219
2025-05-29,52.954830169677734
2025-05-30,52.32147216796875
2025-06-02,52.42094421386719
2025-06-03,53.32612609863281
2025-06-04,52.64972686767578
2025-06-05,53.32612609863281
2025-06-06,54.519775390625
2025-06-09,54.290992736816406
2025-06-10,54.39046096801758
2025-06-11,53.286338806152344
2025-06-12,52.79893493652344
2025-06-13,51.33671569824219
2025-06-16,52.72930145263672
2025-06-17,51.575443267822266
2025-06-18,52.59004211425781
2025-06-20,53.037662506103516
2025-06-23,53.554908752441406
2025-06-24,53.70411682128906
2025-06-25,54.121891021728516
2025-06-26,55.723365783691406
2025-06-27,55.66368103027344
2025-06-30,55.802940368652344
2025-07-01,55.5841064453125
2025-07-02,55.554264068603516
2025-07-03,55.37521743774414
2025-07-07,54.40040588378906
2025-07-08,54.48992919921875
2025-07-09,52.89840316772461
2025-07-10,53.4753303527832
2025-07-11,52.520416259765625
2025-07-14,53.1271858215332
2025-07-15,51.575443267822266
2025-07-16,51.446136474609375
2025-07-17,52.3314208984375
2025-07-18,52.64972686767578
2025-07-21,51.993221282958984
2025-07-22,52.16231918334961
2025-07-23,52.70941162109375
2025-07-24,51.78433609008789
2025-07-25,52.351318359375
2025-07-28,52.0429573059082
2025-07-29,51.42624282836914
2025-07-30,50.13312530517578
2025-07-31,51.07809066772461
2025-08-01,49.824764251708984
2025-08-04,50.720001220703125
2025-08-05,50.93000030517578
2025-08-06,51.150001525878906
2025-08-07,50.33000183105469
2025-08-08,51.97999954223633
2025-08-11,53.11000061035156
2025-08-12,54.84000015258789
2025-08-13,54.61000061035156
2025-08-14,54.63999938964844
2025-08-15,53.900001525878906
2025-08-18,53.0
2025-08-19,52.459999084472656
2025-08-20,52.08000183105469
2025-08-21,51.869998931884766
2025-08-22,53.59000015258789
2025-08-25,52.880001068115234
2025-08-26,54.099998474121094
2025-08-27,53.779998779296875
2025-08-28,53.2400016784668
2025-08-29,53.2599983215332
2025-09-02,52.75
2025-09-03,52.84000015258789
2025-09-04,54.06999969482422
2025-09-05,53.369998931884766
2025-09-08,53.220001220703125
2025-09-09,52.689998626708984
2025-09-10,52.720001220703125
2025-09-11,53.90999984741211
2025-09-12,54.04999923706055
2025-09-15,53.310001373291016
2025-09-16,52.79999923706055
2025-09-17,53.529998779296875
2025-09-18,54.40999984741211
2025-09-19,54.22999954223633
