Date,FWONA
2013-01-10,19.312593460083008
2013-01-11,19.51156234741211
2013-01-14,19.470703125
2013-01-15,19.523998260498047
2013-01-16,19.417407989501953
2013-01-17,19.637697219848633
2013-01-18,19.63947296142578
2013-01-22,19.673227310180664
2013-01-23,19.550647735595703
2013-01-24,19.55775260925293
2013-01-25,19.675003051757812
2013-01-28,19.69099235534668
2013-01-29,19.657238006591797
2013-01-30,19.64302635192871
2013-01-31,19.810020446777344
2013-02-01,19.980566024780273
2013-02-04,19.69809913635254
2013-02-05,20.08538055419922
2013-02-06,19.829561233520508
2013-02-07,19.60749626159668
2013-02-08,19.550647735595703
2013-02-11,19.717639923095703
2013-02-12,19.714086532592773
2013-02-13,19.68743896484375
2013-02-14,19.671451568603516
2013-02-15,19.73362922668457
2013-02-19,19.669673919677734
2013-02-20,19.51866912841797
2013-02-21,19.097633361816406
2013-02-22,19.03367805480957
2013-02-25,18.90576934814453
2013-02-26,19.007030487060547
2013-02-27,19.106515884399414
2013-02-28,19.186460494995117
2013-03-01,19.195341110229492
2013-03-04,19.452938079833984
2013-03-05,19.6856632232666
2013-03-06,19.69099235534668
2013-03-07,19.673227310180664
2013-03-08,19.584400177001953
2013-03-11,19.550647735595703
2013-03-12,19.666120529174805
2013-03-13,19.527551651000977
2013-03-14,19.70165252685547
2013-03-15,19.60749626159668
2013-03-18,19.659015655517578
2013-03-19,19.60216522216797
2013-03-20,19.6057186126709
2013-03-21,19.706981658935547
2013-03-22,19.548870086669922
2013-03-25,19.502681732177734
2013-03-26,19.545316696166992
2013-03-27,19.641250610351562
2013-03-28,19.83133888244629
2013-04-01,19.678556442260742
2013-04-02,19.653684616088867
2013-04-03,19.64657974243164
2013-04-04,19.34634780883789
2013-04-05,19.365888595581055
2013-04-08,19.353452682495117
2013-04-09,19.48136329650879
2013-04-10,19.77981948852539
2013-04-11,20.17243003845215
2013-04-12,19.90595245361328
2013-04-15,19.447608947753906
2013-04-16,19.51156234741211
2013-04-17,19.433395385742188
2013-04-18,19.34457015991211
2013-04-19,19.319698333740234
2013-04-22,19.492021560668945
2013-04-23,19.625261306762695
2013-04-24,19.63947296142578
2013-04-25,19.699874877929688
2013-04-26,19.8526554107666
2013-04-29,19.760276794433594
2013-04-30,20.408708572387695
2013-05-01,21.007396697998047
2013-05-02,20.808425903320312
2013-05-03,21.030492782592773
2013-05-06,21.12642478942871
2013-05-07,21.34493637084961
2013-05-08,21.55278968811035
2013-05-09,21.497716903686523
2013-05-10,21.755313873291016
2013-05-13,21.77485466003418
2013-05-14,22.16391372680664
2013-05-15,22.5529727935791
2013-05-16,22.2864933013916
2013-05-17,22.41973304748535
2013-05-20,22.26162338256836
2013-05-21,22.181678771972656
2013-05-22,22.050216674804688
2013-05-23,21.895658493041992
2013-05-24,22.304258346557617
2013-05-28,22.275835037231445
2013-05-29,21.90276527404785
2013-05-30,22.21365737915039
2013-05-31,22.181678771972656
2013-06-03,22.226091384887695
2013-06-04,22.190561294555664
2013-06-05,21.60786247253418
2013-06-06,22.158584594726562
2013-06-07,22.682659149169922
2013-06-10,22.34334373474121
2013-06-11,22.03422737121582
2013-06-12,21.46929359436035
2013-06-13,22.004026412963867
2013-06-14,22.20655059814453
2013-06-17,22.51744270324707
2013-06-18,23.096588134765625
2013-06-19,22.760826110839844
2013-06-20,22.20655059814453
2013-06-21,21.90276527404785
2013-06-24,21.732219696044922
2013-06-25,21.805055618286133
2013-06-26,22.092853546142578
2013-06-27,22.584949493408203
2013-06-28,22.51921844482422
2013-07-01,22.68088150024414
2013-07-02,22.98822021484375
2013-07-03,22.9544677734375
2013-07-05,23.016645431518555
2013-07-08,23.43412971496582
2013-07-09,23.830293655395508
2013-07-10,23.99373435974121
2013-07-11,24.192703247070312
2013-07-12,24.508926391601562
2013-07-15,24.72743797302246
2013-07-16,24.64038848876953
2013-07-17,24.537349700927734
2013-07-18,25.018787384033203
2013-07-19,24.985034942626953
2013-07-22,25.189334869384766
2013-07-23,25.20709991455078
2013-07-24,24.851795196533203
2013-07-25,25.363433837890625
2013-07-26,25.663665771484375
2013-07-29,25.68853759765625
2013-07-30,25.324350357055664
2013-07-31,25.533979415893555
2013-08-01,25.589052200317383
2013-08-02,26.264131546020508
2013-08-05,25.81467056274414
2013-08-06,25.573062896728516
2013-08-07,25.343891143798828
2013-08-08,25.679655075073242
2013-08-09,25.564180374145508
2013-08-12,25.574840545654297
2013-08-13,25.56062889099121
2013-08-14,25.304807662963867
2013-08-15,24.876665115356445
2013-08-16,24.972597122192383
2013-08-19,24.569326400756836
2013-08-20,24.76829719543457
2013-08-21,24.56044578552246
2013-08-22,24.754085540771484
2013-08-23,24.670589447021484
2013-08-26,24.90509033203125
2013-08-27,24.274423599243164
2013-08-28,24.412992477416992
2013-08-29,24.453853607177734
2013-08-30,24.246000289916992
2013-09-03,24.935291290283203
2013-09-04,25.104061126708984
2013-09-05,25.56062889099121
2013-09-06,25.55885124206543
2013-09-09,25.624582290649414
2013-09-10,25.77203369140625
2013-09-11,25.883955001831055
2013-09-12,25.448707580566406
2013-09-13,25.788022994995117
2013-09-16,25.804012298583984
2013-09-17,26.226823806762695
2013-09-18,26.29077911376953
2013-09-19,26.496856689453125
2013-09-20,26.34585189819336
2013-09-23,25.965675354003906
2013-09-24,25.761375427246094
2013-09-25,25.81822395324707
2013-09-26,26.29433250427246
2013-09-27,26.4737606048584
2013-09-30,26.141550064086914
2013-10-01,26.393817901611328
2013-10-02,26.477313995361328
2013-10-03,26.12556266784668
2013-10-04,26.150434494018555
2013-10-07,26.242813110351562
2013-10-08,25.807565689086914
2013-10-09,25.459365844726562
2013-10-10,25.95146369934082
2013-10-11,26.51106834411621
2013-10-14,26.587459564208984
2013-10-15,26.34229850769043
2013-10-16,27.131074905395508
2013-10-17,27.532569885253906
2013-10-18,27.529016494750977
2013-10-21,27.89142608642578
2013-10-22,28.021114349365234
2013-10-23,27.77595329284668
2013-10-24,27.37801170349121
2013-10-25,26.893020629882812
2013-10-28,26.67450714111328
2013-10-29,26.742015838623047
2013-10-30,26.845054626464844
2013-10-31,27.16482925415039
2013-11-01,27.81503677368164
2013-11-04,27.363800048828125
2013-11-05,27.019153594970703
2013-11-06,26.665626525878906
2013-11-07,26.2037296295166
2013-11-08,26.54837417602539
2013-11-11,26.38138198852539
2013-11-12,26.29788589477539
2013-11-13,26.679838180541992
2013-11-14,26.59456443786621
2013-11-15,26.763334274291992
2013-11-18,26.2037296295166
2013-11-19,25.660112380981445
2013-11-20,25.576616287231445
2013-11-21,25.725845336914062
2013-11-22,26.635425567626953
2013-11-25,26.9072322845459
2013-11-26,27.43130874633789
2013-11-27,27.404659271240234
2013-11-29,27.26253890991211
2013-12-02,27.225231170654297
2013-12-03,26.976516723632812
2013-12-04,26.521726608276367
2013-12-05,26.201953887939453
2013-12-06,26.47553825378418
2013-12-09,26.52350425720215
2013-12-10,26.662073135375977
2013-12-11,26.25880241394043
2013-12-12,26.191293716430664
2013-12-13,26.11845588684082
2013-12-16,26.052724838256836
2013-12-17,25.7702579498291
2013-12-18,25.85730743408203
2013-12-19,25.452259063720703
2013-12-20,25.750715255737305
2013-12-23,25.805788040161133
2013-12-24,25.82533073425293
2013-12-26,25.788022994995117
2013-12-27,26.097137451171875
2013-12-30,25.978111267089844
2013-12-31,25.98876953125
2014-01-02,25.660112380981445
2014-01-03,25.81822395324707
2014-01-06,25.242630004882812
2014-01-07,25.35277557373047
2014-01-08,24.789615631103516
2014-01-09,24.881996154785156
2014-01-10,24.55156135559082
2014-01-13,24.018604278564453
2014-01-14,24.285083770751953
2014-01-15,24.295743942260742
2014-01-16,24.3064022064209
2014-01-17,24.395227432250977
2014-01-21,24.361473083496094
2014-01-22,24.571104049682617
2014-01-23,24.43075942993164
2014-01-24,23.7698917388916
2014-01-27,23.888919830322266
2014-01-28,23.89424705505371
2014-01-29,23.631322860717773
2014-01-30,23.476764678955078
2014-01-31,23.38438606262207
2014-02-03,23.016645431518555
2014-02-04,23.0699405670166
2014-02-05,22.590280532836914
2014-02-06,22.910053253173828
2014-02-07,23.023752212524414
2014-02-10,22.9864444732666
2014-02-11,23.42346954345703
2014-02-12,23.627769470214844
2014-02-13,23.697053909301758
2014-02-14,24.027488708496094
2014-02-18,24.109207153320312
2014-02-19,24.020381927490234
2014-02-20,24.246000289916992
2014-02-21,24.137632369995117
2014-02-24,24.105655670166016
2014-02-25,23.983074188232422
2014-02-26,23.86049461364746
2014-02-27,24.178491592407227
2014-02-28,24.366804122924805
2014-03-03,24.015052795410156
2014-03-04,24.03459358215332
2014-03-05,23.979520797729492
2014-03-06,23.9049072265625
2014-03-07,23.69527816772461
2014-03-10,23.42702293395996
2014-03-11,23.005985260009766
2014-03-12,22.77681541442871
2014-03-13,22.409074783325195
2014-03-14,24.027488708496094
2014-03-17,23.9564266204834
2014-03-18,24.112760543823242
2014-03-19,24.51780891418457
2014-03-20,24.29041290283203
2014-03-21,24.354368209838867
2014-03-24,23.68817138671875
2014-03-25,23.197851181030273
2014-03-26,23.005985260009766
2014-03-27,22.831886291503906
2014-03-28,23.000656127929688
2014-03-31,23.224498748779297
2014-04-01,23.405704498291016
2014-04-02,23.675735473632812
2014-04-03,23.16587257385254
2014-04-04,22.709306716918945
2014-04-07,22.08041763305664
2014-04-08,21.95428466796875
2014-04-09,22.359331130981445
2014-04-10,22.101736068725586
2014-04-11,22.29360008239746
2014-04-14,22.204774856567383
2014-04-15,22.105289459228516
2014-04-16,22.51033592224121
2014-04-17,22.16391372680664
2014-04-21,22.414403915405273
2014-04-22,22.876300811767578
2014-04-23,22.810569763183594
2014-04-24,22.913606643676758
2014-04-25,22.526325225830078
2014-04-28,22.792802810668945
2014-04-29,22.70220184326172
2014-04-30,23.043292999267578
2014-05-01,23.220945358276367
2014-05-02,23.281347274780273
2014-05-05,23.371950149536133
2014-05-06,23.20673370361328
2014-05-07,23.176532745361328
2014-05-08,23.075271606445312
2014-05-09,22.982891082763672
2014-05-12,23.005985260009766
2014-05-13,22.883405685424805
2014-05-14,22.350448608398438
2014-05-15,22.08219337463379
2014-05-16,22.096406936645508
2014-05-19,22.178125381469727
2014-05-20,22.21365737915039
2014-05-21,22.275835037231445
2014-05-22,22.364660263061523
2014-05-23,22.51388931274414
2014-05-27,22.624034881591797
2014-05-28,22.616928100585938
2014-05-29,22.750167846679688
2014-05-30,22.584949493408203
2014-06-02,22.82833480834961
2014-06-03,23.048622131347656
2014-06-04,23.315101623535156
2014-06-05,23.361291885375977
2014-06-06,23.354185104370117
2014-06-09,23.494529724121094
2014-06-10,23.322208404541016
2014-06-11,23.396821975708008
2014-06-12,23.315101623535156
2014-06-13,23.20673370361328
2014-06-16,23.25114631652832
2014-06-17,23.33464241027832
2014-06-18,23.750350952148438
2014-06-19,23.72014808654785
2014-06-20,23.579803466796875
2014-06-23,23.752126693725586
2014-06-24,23.625993728637695
2014-06-25,23.745019912719727
2014-06-26,23.800092697143555
2014-06-27,23.961755752563477
2014-06-30,24.281530380249023
2014-07-01,24.185598373413086
2014-07-02,24.6883544921875
2014-07-03,24.738096237182617
2014-07-07,24.462736129760742
2014-07-08,24.025711059570312
2014-07-09,24.366804122924805
2014-07-10,24.52313804626465
2014-07-11,24.366804122924805
2014-07-14,24.397005081176758
2014-07-15,24.55156135559082
2014-07-16,24.889102935791016
2014-07-17,25.002798080444336
2014-07-18,25.07386016845703
2014-07-21,25.072084426879883
2014-07-22,25.015235900878906
2014-07-23,25.104061126708984
2014-07-24,24.909194946289062
2014-07-25,24.563091278076172
2014-07-28,24.42057991027832
2014-07-29,24.537643432617188
2014-07-30,24.629257202148438
2014-07-31,23.947233200073242
2014-08-01,23.758913040161133
2014-08-04,23.769092559814453
2014-08-05,23.64693832397461
2014-08-06,23.580772399902344
2014-08-07,23.473886489868164
2014-08-08,23.66729736328125
2014-08-11,23.738554000854492
2014-08-12,23.672386169433594
2014-08-13,23.794540405273438
2014-08-14,24.705604553222656
2014-08-15,24.975360870361328
2014-08-18,24.99571990966797
2014-08-19,24.85829734802246
2014-08-20,25.03643798828125
2014-08-21,25.107694625854492
2014-08-22,24.97027015686035
2014-08-25,24.8786563873291
2014-08-26,24.73105239868164
2014-08-27,24.883745193481445
2014-08-28,24.97027015686035
2014-08-29,25.05679702758789
2014-09-02,25.148412704467773
2014-09-03,25.199308395385742
2014-09-04,25.07715606689453
2014-09-05,24.955001831054688
2014-09-08,25.061885833740234
2014-09-09,24.888835906982422
2014-09-10,25.04661750793457
2014-09-11,24.934642791748047
2014-09-12,24.832847595214844
2014-09-15,24.781951904296875
2014-09-16,24.86847686767578
2014-09-17,24.97027015686035
2014-09-18,24.92955207824707
2014-09-19,24.84811782836914
2014-09-22,24.13555335998535
2014-09-23,24.028669357299805
2014-09-24,24.04393768310547
2014-09-25,23.83525848388672
2014-09-26,24.206809997558594
2014-09-29,23.95232391357422
2014-09-30,24.013399124145508
2014-10-01,23.321195602416992
2014-10-02,23.41790008544922
2014-10-03,23.819990158081055
2014-10-06,23.641849517822266
2014-10-07,23.367002487182617
2014-10-08,23.662208557128906
2014-10-09,23.02090072631836
2014-10-10,22.33887481689453
2014-10-13,21.738285064697266
2014-10-14,21.88079833984375
2014-10-15,21.81463050842285
2014-10-16,21.677207946777344
2014-10-17,22.31851577758789
2014-10-20,22.588272094726562
2014-10-21,23.49933624267578
2014-10-22,22.914016723632812
2014-10-23,23.4586181640625
2014-10-24,23.64693832397461
2014-10-27,23.682567596435547
2014-10-28,23.840349197387695
2014-10-29,23.819990158081055
2014-10-30,23.931964874267578
2014-10-31,24.44093894958496
2014-11-03,24.63943862915039
2014-11-04,24.680156707763672
2014-11-05,24.097196578979492
2014-11-06,24.366138458251953
2014-11-07,24.45354461669922
2014-11-10,24.083749771118164
2014-11-11,24.12409019470215
2014-11-12,24.003068923950195
2014-11-13,24.117368698120117
2014-11-14,23.9963436126709
2014-11-17,24.144262313842773
2014-11-18,24.386310577392578
2014-11-19,24.083749771118164
2014-11-20,24.144262313842773
2014-11-21,23.976173400878906
2014-11-24,24.319074630737305
2014-11-25,24.715763092041016
2014-11-26,24.715763092041016
2014-11-28,24.72248649597168
2014-12-01,24.527503967285156
2014-12-02,24.5006103515625
2014-12-03,24.64180564880371
2014-12-04,24.608186721801758
2014-12-05,24.10392189025879
2014-12-08,23.404672622680664
2014-12-09,23.545866012573242
2014-12-10,23.216411590576172
2014-12-11,23.545866012573242
2014-12-12,23.176071166992188
2014-12-15,22.6314640045166
2014-12-16,22.49026870727539
2014-12-17,22.73904037475586
2014-12-18,22.83316993713379
2014-12-19,23.115558624267578
2014-12-22,23.02142906188965
2014-12-23,23.014705657958984
2014-12-24,23.135730743408203
2014-12-26,23.283647537231445
2014-12-29,23.613101959228516
2014-12-30,23.98289680480957
2014-12-31,23.71395492553711
2015-01-02,23.43156623840332
2015-01-05,22.91385269165039
2015-01-06,22.42303466796875
2015-01-07,22.907129287719727
2015-01-08,23.660167694091797
2015-01-09,23.49880027770996
2015-01-12,23.687061309814453
2015-01-13,23.754295349121094
2015-01-14,23.3105411529541
2015-01-15,22.873510360717773
2015-01-16,23.229860305786133
2015-01-20,23.155899047851562
2015-01-21,23.30381965637207
2015-01-22,23.626548767089844
2015-01-23,23.229860305786133
2015-01-26,23.976173400878906
2015-01-27,23.848426818847656
2015-01-28,23.081941604614258
2015-01-29,23.06849479675293
2015-01-30,22.8936824798584
2015-02-02,23.229860305786133
2015-02-03,23.942556381225586
2015-02-04,23.969449996948242
2015-02-05,24.53422737121582
2015-02-06,24.621633529663086
2015-02-09,24.466991424560547
2015-02-10,24.70903968811035
2015-02-11,24.850234985351562
2015-02-12,25.488971710205078
2015-02-13,25.529312133789062
2015-02-17,25.630165100097656
2015-02-18,25.926002502441406
2015-02-19,25.865489959716797
2015-02-20,25.88566017150879
2015-02-23,25.986513137817383
2015-02-24,26.094091415405273
2015-02-25,26.02685546875
2015-02-26,26.067197799682617
2015-02-27,25.93272590637207
2015-03-02,26.40337371826172
2015-03-03,27.08245277404785
2015-03-04,26.7933406829834
2015-03-05,26.665592193603516
2015-03-06,26.517675399780273
2015-03-09,26.571462631225586
2015-03-10,26.08736801147461
2015-03-11,26.268903732299805
2015-03-12,26.578187942504883
2015-03-13,26.289073944091797
2015-03-16,26.524398803710938
2015-03-17,26.423545837402344
2015-03-18,26.631975173950195
2015-03-19,26.853851318359375
2015-03-20,26.95470428466797
2015-03-23,26.558015823364258
2015-03-24,26.27562713623047
2015-03-25,25.616718292236328
2015-03-26,25.562931060791016
2015-03-27,25.576377868652344
2015-03-30,25.865489959716797
2015-03-31,25.919279098510742
2015-04-01,26.067197799682617
2015-04-02,26.54456901550293
2015-04-06,26.645421981811523
2015-04-07,26.517675399780273
2015-04-08,26.490779876708984
2015-04-09,26.470609664916992
2015-04-10,26.48405647277832
2015-04-13,26.336139678955078
2015-04-14,26.376480102539062
2015-04-15,26.463886260986328
2015-04-16,26.188220977783203
2015-04-17,25.603271484375
2015-04-20,25.83859634399414
2015-04-21,25.973066329956055
2015-04-22,25.952896118164062
2015-04-23,26.08736801147461
2015-04-24,26.490779876708984
2015-04-27,26.1075382232666
2015-04-28,26.188220977783203
2015-04-29,26.32941436767578
2015-04-30,25.80497932434082
2015-05-01,26.06047248840332
2015-05-04,26.268903732299805
2015-05-05,25.771360397338867
2015-05-06,25.542760848999023
2015-05-07,25.583101272583008
2015-05-08,25.502418518066406
2015-05-11,25.20658302307129
2015-05-12,25.314159393310547
2015-05-13,25.341054916381836
2015-05-14,25.367948532104492
2015-05-15,25.421735763549805
2015-05-18,25.44190788269043
2015-05-19,25.44862937927246
2015-05-20,25.401565551757812
2015-05-21,25.56965446472168
2015-05-22,25.583101272583008
2015-05-26,25.47552490234375
2015-05-27,25.85204315185547
2015-05-28,25.630165100097656
2015-05-29,25.764636993408203
2015-06-01,25.74446678161621
2015-06-02,25.72429656982422
2015-06-03,26.194944381713867
2015-06-04,26.1075382232666
2015-06-05,26.255456924438477
2015-06-08,25.959619522094727
2015-06-09,25.81842613220215
2015-06-10,26.20166778564453
2015-06-11,26.040302276611328
2015-06-12,25.83859634399414
2015-06-15,25.589824676513672
2015-06-16,25.462078094482422
2015-06-17,25.52259063720703
2015-06-18,25.926002502441406
2015-06-19,25.80497932434082
2015-06-22,25.831872940063477
2015-06-23,25.6839542388916
2015-06-24,25.435182571411133
2015-06-25,25.22675323486328
2015-06-26,25.05194091796875
2015-06-29,24.298904418945312
2015-06-30,24.23166847229004
2015-07-01,24.413204193115234
2015-07-02,24.352691650390625
2015-07-06,24.056856155395508
2015-07-07,24.164432525634766
2015-07-08,23.518972396850586
2015-07-09,23.740848541259766
2015-07-10,24.02996253967285
2015-07-13,24.44009780883789
2015-07-14,24.729211807250977
2015-07-15,24.668699264526367
2015-07-16,24.917470932006836
2015-07-17,24.68886947631836
2015-07-20,24.614910125732422
2015-07-21,24.480440139770508
2015-07-22,24.5006103515625
2015-07-23,24.44009780883789
2015-07-24,24.21822166442871
2015-07-27,24.016515731811523
2015-07-28,24.762828826904297
2015-07-29,25.092281341552734
2015-07-30,25.347776412963867
2015-07-31,25.41501235961914
2015-08-03,25.576377868652344
2015-08-04,25.798255920410156
2015-08-05,25.919279098510742
2015-08-06,25.72429656982422
2015-08-07,25.630165100097656
2015-08-10,25.973066329956055
2015-08-11,25.56965446472168
2015-08-12,25.939449310302734
2015-08-13,25.83859634399414
2015-08-14,25.737743377685547
2015-08-17,25.939449310302734
2015-08-18,25.865489959716797
2015-08-19,25.657060623168945
2015-08-20,24.964534759521484
2015-08-21,24.238391876220703
2015-08-24,23.344160079956055
2015-08-25,23.505525588989258
2015-08-26,24.305627822875977
2015-08-27,24.95781135559082
2015-08-28,25.13262367248535
2015-08-31,25.045217514038086
2015-09-01,24.729211807250977
2015-09-02,25.119176864624023
2015-09-03,25.20658302307129
2015-09-04,24.9241943359375
2015-09-08,25.401565551757812
2015-09-09,25.213306427001953
2015-09-10,25.388118743896484
2015-09-11,25.25364875793457
2015-09-14,25.179689407348633
2015-09-15,25.361223220825195
2015-09-16,25.515865325927734
2015-09-17,25.50914192199707
2015-09-18,25.072111129760742
2015-09-21,25.30071258544922
2015-09-22,25.065387725830078
2015-09-23,25.011600494384766
2015-09-24,24.80316925048828
2015-09-25,24.540950775146484
2015-09-28,23.861873626708984
2015-09-29,23.592931747436523
2015-09-30,24.016515731811523
2015-10-01,24.789722442626953
2015-10-02,24.99142837524414
2015-10-05,25.246923446655273
2015-10-06,25.2670955657959
2015-10-07,25.25364875793457
2015-10-08,25.636890411376953
2015-10-09,25.677230834960938
2015-10-12,25.88566017150879
2015-10-13,25.831872940063477
2015-10-14,25.6839542388916
2015-10-15,26.02685546875
2015-10-16,26.08736801147461
2015-10-19,25.959619522094727
2015-10-20,26.21511459350586
2015-10-21,25.55620765686035
2015-10-22,26.221839904785156
2015-10-23,26.759721755981445
2015-10-26,27.055559158325195
2015-10-27,26.786617279052734
2015-10-28,27.2169246673584
2015-10-29,27.66067886352539
2015-10-30,27.405183792114258
2015-11-02,27.627059936523438
2015-11-03,27.627059936523438
2015-11-04,27.781702041625977
2015-11-05,27.358118057250977
2015-11-06,27.22364616394043
2015-11-09,27.183305740356445
2015-11-10,27.311052322387695
2015-11-11,27.586719512939453
2015-11-12,28.043920516967773
2015-11-13,27.701019287109375
2015-11-16,27.88255500793457
2015-11-17,27.66067886352539
2015-11-18,28.090984344482422
2015-11-19,27.586719512939453
2015-11-20,27.559825897216797
2015-11-23,27.317777633666992
2015-11-24,27.163135528564453
2015-11-25,27.37828826904297
2015-11-27,27.37828826904297
2015-11-30,27.23709487915039
2015-12-01,27.452247619628906
2015-12-02,27.243818283081055
2015-12-03,26.76644515991211
2015-12-04,26.894193649291992
2015-12-07,26.67231559753418
2015-12-08,26.376480102539062
2015-12-09,26.1075382232666
2015-12-10,26.49750328063965
2015-12-11,25.88566017150879
2015-12-14,25.609996795654297
2015-12-15,26.551292419433594
2015-12-16,26.665592193603516
2015-12-17,25.939449310302734
2015-12-18,25.657060623168945
2015-12-21,25.999961853027344
2015-12-22,26.080644607543945
2015-12-23,26.396650314331055
2015-12-24,26.383203506469727
2015-12-28,26.282350540161133
2015-12-29,26.54456901550293
2015-12-30,26.416820526123047
2015-12-31,26.38992691040039
2016-01-04,25.583101272583008
2016-01-05,25.213306427001953
2016-01-06,25.14607048034668
2016-01-07,24.944364547729492
2016-01-08,24.601463317871094
2016-01-11,24.520780563354492
2016-01-12,24.65525245666504
2016-01-13,23.915660858154297
2016-01-14,24.11064338684082
2016-01-15,23.44501304626465
2016-01-19,23.52569580078125
2016-01-20,23.229860305786133
2016-01-21,23.64672088623047
2016-01-22,24.13753890991211
2016-01-25,23.754295349121094
2016-01-26,24.32579803466797
2016-01-27,24.036685943603516
2016-01-28,24.02996253967285
2016-01-29,24.621633529663086
2016-02-01,24.608186721801758
2016-02-02,23.747573852539062
2016-02-03,23.357606887817383
2016-02-04,23.14917755126953
2016-02-05,22.214603424072266
2016-02-08,21.582590103149414
2016-02-09,21.616207122802734
2016-02-10,21.84480857849121
2016-02-11,21.535524368286133
2016-02-12,21.84480857849121
2016-02-16,21.97255516052246
2016-02-17,22.618017196655273
2016-02-18,22.37596893310547
2016-02-19,22.75921058654785
2016-02-22,23.16262435913086
2016-02-23,22.920576095581055
2016-02-24,23.14917755126953
2016-02-25,23.727401733398438
2016-02-26,23.882043838500977
2016-02-29,23.94927978515625
2016-03-01,24.53422737121582
2016-03-02,24.951087951660156
2016-03-03,25.39484214782715
2016-03-04,25.56965446472168
2016-03-07,25.55620765686035
2016-03-08,25.13262367248535
2016-03-09,25.542760848999023
2016-03-10,25.30071258544922
2016-03-11,25.657060623168945
2016-03-14,25.616718292236328
2016-03-15,25.596548080444336
2016-03-16,25.81842613220215
2016-03-17,25.986513137817383
2016-03-18,25.9461727142334
2016-03-21,25.784807205200195
2016-03-22,25.93272590637207
2016-03-23,25.468801498413086
2016-03-24,25.495695114135742
2016-03-28,25.751190185546875
2016-03-29,26.013408660888672
2016-03-30,25.973066329956055
2016-03-31,25.973066329956055
2016-04-01,26.06047248840332
2016-04-04,25.811702728271484
2016-04-05,25.636890411376953
2016-04-06,26.114261627197266
2016-04-07,25.502418518066406
2016-04-08,25.87221336364746
2016-04-11,25.643613815307617
2016-04-12,25.845319747924805
2016-04-13,26.336139678955078
2016-04-14,26.067197799682617
2016-04-15,26.26218032836914
2016-04-18,18.219802856445312
2016-04-19,18.219802856445312
2016-04-20,17.91342544555664
2016-04-21,17.78896141052246
2016-04-22,17.92300033569336
2016-04-25,17.702791213989258
2016-04-26,17.78896141052246
2016-04-27,17.626197814941406
2016-04-28,17.721940994262695
2016-04-29,17.52088165283203
2016-05-02,17.951723098754883
2016-05-03,17.980445861816406
2016-05-04,18.2293758392334
2016-05-05,18.507028579711914
2016-05-06,18.593198776245117
2016-05-09,18.191078186035156
2016-05-10,18.420860290527344
2016-05-11,18.258098602294922
2016-05-12,18.00916862487793
2016-05-13,17.846406936645508
2016-05-16,17.96129608154297
2016-05-17,17.970870971679688
2016-05-18,17.808109283447266
2016-05-19,17.884702682495117
2016-05-20,18.26767349243164
2016-05-23,18.18150520324707
2016-05-24,18.56447410583496
2016-05-25,18.679365158081055
2016-05-26,18.775108337402344
2016-05-27,18.985742568969727
2016-05-31,18.65064239501953
2016-06-01,18.851701736450195
2016-06-02,19.263395309448242
2016-06-03,19.177227020263672
2016-06-06,19.205949783325195
2016-06-07,19.253820419311523
2016-06-08,18.9378719329834
2016-06-09,18.698514938354492
2016-06-10,17.990020751953125
2016-06-13,17.65492057800293
2016-06-14,17.769811630249023
2016-06-15,17.83683204650879
2016-06-16,17.884702682495117
2016-06-17,17.597475051879883
2016-06-20,18.133634567260742
2016-06-21,17.81768226623535
2016-06-22,17.760238647460938
2016-06-23,17.779386520385742
2016-06-24,17.52088165283203
2016-06-27,17.09004020690918
2016-06-28,17.425138473510742
2016-06-29,17.96129608154297
2016-06-30,18.325119018554688
2016-07-01,18.468732833862305
2016-07-05,18.2293758392334
2016-07-06,18.191078186035156
2016-07-07,18.372989654541016
2016-07-08,18.688940048217773
2016-07-11,18.813404083251953
2016-07-12,19.043188095092773
2016-07-13,18.909147262573242
2016-07-14,19.0910587310791
2016-07-15,19.22509765625
2016-07-18,19.732534408569336
2016-07-19,19.914443969726562
2016-07-20,19.904869079589844
2016-07-21,19.895296096801758
2016-07-22,20.32613754272461
2016-07-25,20.31656265258789
2016-07-26,20.833572387695312
2016-07-27,20.699533462524414
2016-07-28,20.594215393066406
2016-07-29,21.733552932739258
2016-08-01,21.475048065185547
2016-08-02,20.910167694091797
2016-08-03,21.02505874633789
2016-08-04,20.97718620300293
2016-08-05,20.97718620300293
2016-08-08,20.910167694091797
2016-08-09,20.97718620300293
2016-08-10,20.97718620300293
2016-08-11,21.226116180419922
2016-08-12,20.948463439941406
2016-08-15,21.111225128173828
2016-08-16,20.9293155670166
2016-08-17,20.97718620300293
2016-08-18,21.101652145385742
2016-08-19,21.07292938232422
2016-08-22,20.80484962463379
2016-08-23,20.881444931030273
2016-08-24,20.594215393066406
2016-08-25,20.354860305786133
2016-08-26,20.249542236328125
2016-08-29,20.441028594970703
2016-08-30,20.594215393066406
2016-08-31,20.48889923095703
2016-09-01,20.431453704833984
2016-09-02,20.948463439941406
2016-09-06,20.852720260620117
2016-09-07,20.84314727783203
2016-09-08,21.07292938232422
2016-09-09,21.771848678588867
2016-09-12,23.006927490234375
2016-09-13,26.645143508911133
2016-09-14,26.348342895507812
2016-09-15,26.367490768432617
2016-09-16,26.53025245666504
2016-09-19,27.296192169189453
2016-09-20,28.081281661987305
2016-09-21,28.40680694580078
2016-09-22,28.741905212402344
2016-09-23,27.908945083618164
2016-09-26,26.989816665649414
2016-09-27,27.286619186401367
2016-09-28,27.813203811645508
2016-09-29,27.497251510620117
2016-09-30,27.43023109436035
2016-10-03,27.822776794433594
2016-10-04,27.755756378173828
2016-10-05,27.640865325927734
2016-10-06,27.286619186401367
2016-10-07,27.861074447631836
2016-10-10,28.090856552124023
2016-10-11,28.23447036743164
2016-10-12,27.71746063232422
2016-10-13,26.367490768432617
2016-10-14,26.769609451293945
2016-10-17,26.92279624938965
2016-10-18,26.865352630615234
2016-10-19,26.855777740478516
2016-10-20,27.05683708190918
2016-10-21,27.26746940612793
2016-10-24,27.3536376953125
2016-10-25,27.238746643066406
2016-10-26,26.913223266601562
2016-10-27,26.08983612060547
2016-10-28,26.08983612060547
2016-10-31,26.645143508911133
2016-11-01,26.061113357543945
2016-11-02,26.080263137817383
2016-11-03,25.87920379638672
2016-11-04,26.070688247680664
2016-11-07,26.61642074584961
2016-11-08,26.932371139526367
2016-11-09,27.344064712524414
2016-11-10,27.075984954833984
2016-11-11,28.224895477294922
2016-11-14,28.952539443969727
2016-11-15,29.775924682617188
2016-11-16,30.37910270690918
2016-11-17,31.365249633789062
2016-11-18,31.60460662841797
2016-11-21,30.465269088745117
2016-11-22,30.053577423095703
2016-11-23,30.36952781677246
2016-11-25,30.532289505004883
2016-11-28,30.11102294921875
2016-11-29,30.254636764526367
2016-11-30,29.957834243774414
2016-12-01,29.10572624206543
2016-12-02,29.36423110961914
2016-12-05,29.881240844726562
2016-12-06,29.919538497924805
2016-12-07,29.871667861938477
2016-12-08,29.699329376220703
2016-12-09,29.957834243774414
2016-12-12,29.431251525878906
2016-12-13,29.63231086730957
2016-12-14,29.402528762817383
2016-12-15,29.431251525878906
2016-12-16,29.823795318603516
2016-12-19,29.957834243774414
2016-12-20,30.302507400512695
2016-12-21,29.881240844726562
2016-12-22,29.871667861938477
2016-12-23,30.158893585205078
2016-12-27,30.33123016357422
2016-12-28,30.388675689697266
2016-12-29,30.59930992126465
2016-12-30,30.015281677246094
2017-01-03,30.312082290649414
2017-01-04,30.446121215820312
2017-01-05,30.838666915893555
2017-01-06,30.350379943847656
2017-01-09,29.306785583496094
2017-01-10,29.517419815063477
2017-01-11,29.785497665405273
2017-01-12,28.80892562866211
2017-01-13,28.952539443969727
2017-01-17,27.48767852783203
2017-01-18,27.937667846679688
2017-01-19,27.104707717895508
2017-01-20,27.88022232055664
2017-01-23,28.397232055664062
2017-01-24,28.818498611450195
2017-01-25,29.431251525878906
2017-01-26,29.862091064453125
2017-01-27,29.613161087036133
2017-01-30,28.44510269165039
2017-01-31,27.746183395385742
2017-02-01,28.224895477294922
2017-02-02,28.44510269165039
2017-02-03,29.15359878540039
2017-02-06,28.828073501586914
2017-02-07,28.741905212402344
2017-02-08,28.770627975463867
2017-02-09,29.498271942138672
2017-02-10,30.407825469970703
2017-02-13,29.823795318603516
2017-02-14,29.661033630371094
2017-02-15,29.71847915649414
2017-02-16,30.312082290649414
2017-02-17,30.41739845275879
2017-02-21,31.76736831665039
2017-02-22,32.07374572753906
2017-02-23,31.489715576171875
2017-02-24,31.154617309570312
2017-02-27,30.733348846435547
2017-02-28,28.828073501586914
2017-03-01,29.747201919555664
2017-03-02,29.909963607788086
2017-03-03,30.407825469970703
2017-03-06,31.240785598754883
2017-03-07,31.221635818481445
2017-03-08,30.8099422454834
2017-03-09,30.819517135620117
2017-03-10,31.709922790527344
2017-03-13,31.59503173828125
2017-03-14,31.02057647705078
2017-03-15,31.41312026977539
2017-03-16,31.192913055419922
2017-03-17,31.21206283569336
2017-03-20,30.886537551879883
2017-03-21,30.273784637451172
2017-03-22,30.235488891601562
2017-03-23,30.656755447387695
2017-03-24,30.68547821044922
2017-03-27,30.484418869018555
2017-03-28,30.589736938476562
2017-03-29,30.905685424804688
2017-03-30,30.915260314941406
2017-03-31,31.307804107666016
2017-04-03,31.326953887939453
2017-04-04,31.537586212158203
2017-04-05,31.451417922973633
2017-04-06,31.441844940185547
2017-04-07,30.8961124420166
2017-04-10,30.714200973510742
2017-04-11,30.522716522216797
2017-04-12,30.388675689697266
2017-04-13,29.957834243774414
2017-04-17,30.407825469970703
2017-04-18,30.704626083374023
2017-04-19,31.451417922973633
2017-04-20,31.757793426513672
2017-04-21,31.585458755493164
2017-04-24,31.652477264404297
2017-04-25,31.90140724182129
2017-04-26,31.94927978515625
2017-04-27,32.054595947265625
2017-04-28,32.46628952026367
2017-05-01,32.15033721923828
2017-05-02,31.719497680664062
2017-05-03,30.963130950927734
2017-05-04,30.982280731201172
2017-05-05,31.451417922973633
2017-05-08,31.930131912231445
2017-05-09,31.834388732910156
2017-05-10,31.85353660583496
2017-05-11,30.982280731201172
2017-05-12,30.388675689697266
2017-05-15,30.178043365478516
2017-05-16,30.484418869018555
2017-05-17,28.88551902770996
2017-05-18,29.306785583496094
2017-05-19,28.962112426757812
2017-05-22,28.981260299682617
2017-05-23,29.01955795288086
2017-05-24,29.383380889892578
2017-05-25,29.306785583496094
2017-05-26,29.345083236694336
2017-05-30,29.479122161865234
2017-05-31,30.5418643951416
2017-06-01,32.28437805175781
2017-06-02,33.576900482177734
2017-06-05,33.47158432006836
2017-06-06,32.77266311645508
2017-06-07,33.43328857421875
2017-06-08,33.48115921020508
2017-06-09,33.20350646972656
2017-06-12,33.03116989135742
2017-06-13,33.28010177612305
2017-06-14,32.83011245727539
2017-06-15,32.274803161621094
2017-06-16,31.499290466308594
2017-06-19,31.50886344909668
2017-06-20,31.537586212158203
2017-06-21,32.21735763549805
2017-06-22,31.910982131958008
2017-06-23,31.93970489501953
2017-06-26,33.107765197753906
2017-06-27,33.146060943603516
2017-06-28,33.87370300292969
2017-06-29,33.44286346435547
2017-06-30,33.538604736328125
2017-07-03,33.42371368408203
2017-07-05,33.45243835449219
2017-07-06,31.585458755493164
2017-07-07,32.20778274536133
2017-07-10,32.14076232910156
2017-07-11,31.94927978515625
2017-07-12,31.575883865356445
2017-07-13,31.231210708618164
2017-07-14,31.279081344604492
2017-07-17,31.451417922973633
2017-07-18,31.12589454650879
2017-07-19,31.28865623474121
2017-07-20,31.480140686035156
2017-07-21,31.77694320678711
2017-07-24,31.824813842773438
2017-07-25,31.786516189575195
2017-07-26,31.652477264404297
2017-07-27,31.68120002746582
2017-07-28,32.10246658325195
2017-07-31,32.31310272216797
2017-08-01,32.55245590209961
2017-08-02,32.6003303527832
2017-08-03,32.48543930053711
2017-08-04,32.53330993652344
2017-08-07,32.33224868774414
2017-08-08,32.054595947265625
2017-08-09,31.12589454650879
2017-08-10,31.46099281311035
2017-08-11,31.77694320678711
2017-08-14,31.355676651000977
2017-08-15,31.748220443725586
2017-08-16,32.045021057128906
2017-08-17,31.68120002746582
2017-08-18,31.480140686035156
2017-08-21,32.236507415771484
2017-08-22,33.95987319946289
2017-08-23,35.08963394165039
2017-08-24,35.597068786621094
2017-08-25,34.8598518371582
2017-08-28,35.060909271240234
2017-08-29,34.88857650756836
2017-08-30,35.82685089111328
2017-08-31,36.31513977050781
2017-09-01,36.01833724975586
2017-09-05,35.70238494873047
2017-09-06,36.4587516784668
2017-09-07,36.20982360839844
2017-09-08,36.295989990234375
2017-09-11,36.544921875
2017-09-12,36.6119384765625
2017-09-13,36.516197204589844
2017-09-14,35.88429641723633
2017-09-15,36.38215637207031
2017-09-18,36.24811935424805
2017-09-19,35.79813003540039
2017-09-20,35.79813003540039
2017-09-21,35.00346755981445
2017-09-22,34.94601821899414
2017-09-25,34.5056037902832
2017-09-26,33.720516204833984
2017-09-27,34.419437408447266
2017-09-28,34.94601821899414
2017-09-29,34.93644714355469
2017-10-02,34.79283142089844
2017-10-03,35.82685089111328
2017-10-04,36.53534698486328
2017-10-05,37.33958435058594
2017-10-06,37.11937713623047
2017-10-09,36.80342483520508
2017-10-10,36.286415100097656
2017-10-11,36.114078521728516
2017-10-12,36.21939468383789
2017-10-13,36.24811935424805
2017-10-16,36.659812927246094
2017-10-17,36.77470397949219
2017-10-18,36.659812927246094
2017-10-19,36.53534698486328
2017-10-20,37.0523567199707
2017-10-23,35.88429641723633
2017-10-24,35.692813873291016
2017-10-25,35.597068786621094
2017-10-26,34.247100830078125
2017-10-27,35.18537521362305
2017-10-30,35.338565826416016
2017-10-31,34.850276947021484
2017-11-01,35.166229248046875
2017-11-02,34.83112716674805
2017-11-03,34.6204948425293
2017-11-06,35.348140716552734
2017-11-07,34.84070587158203
2017-11-08,34.34284210205078
2017-11-09,34.1513557434082
2017-11-10,34.31412124633789
2017-11-13,33.69179153442383
2017-11-14,32.95457458496094
2017-11-15,33.04074478149414
2017-11-16,33.82583236694336
2017-11-17,35.53004837036133
2017-11-20,35.60664367675781
2017-11-21,35.57792282104492
2017-11-22,35.64493942260742
2017-11-24,35.5683479309082
2017-11-27,33.98859405517578
2017-11-28,33.710941314697266
2017-11-29,34.17050552368164
2017-11-30,33.30882263183594
2017-12-01,32.7822380065918
2017-12-04,31.930131912231445
2017-12-05,30.991853713989258
2017-12-06,30.608884811401367
2017-12-07,31.738645553588867
2017-12-08,31.652477264404297
2017-12-11,32.33224868774414
2017-12-12,32.609901428222656
2017-12-13,32.12161636352539
2017-12-14,32.03544616699219
2017-12-15,32.226932525634766
2017-12-18,32.50458526611328
2017-12-19,32.609901428222656
2017-12-20,31.221635818481445
2017-12-21,31.652477264404297
2017-12-22,31.346101760864258
2017-12-26,31.1641902923584
2017-12-27,31.20248794555664
2017-12-28,31.700349807739258
2017-12-29,31.326953887939453
2018-01-02,31.623754501342773
2018-01-03,31.173765182495117
2018-01-04,30.407825469970703
2018-01-05,31.0301513671875
2018-01-08,31.173765182495117
2018-01-09,30.742923736572266
2018-01-10,30.522716522216797
2018-01-11,31.183338165283203
2018-01-12,31.786516189575195
2018-01-16,31.81524085998535
2018-01-17,32.46628952026367
2018-01-18,32.56203079223633
2018-01-19,33.20350646972656
2018-01-22,33.94072341918945
2018-01-23,33.98859405517578
2018-01-24,34.601348876953125
2018-01-25,34.12263488769531
2018-01-26,34.13220977783203
2018-01-29,33.81625747680664
2018-01-30,34.49603271484375
2018-01-31,34.16093063354492
2018-02-01,34.984317779541016
2018-02-02,35.013038635253906
2018-02-05,33.720516204833984
2018-02-06,32.77266311645508
2018-02-07,32.48543930053711
2018-02-08,31.346101760864258
2018-02-09,30.666330337524414
2018-02-12,31.59503173828125
2018-02-13,31.173765182495117
2018-02-14,31.269508361816406
2018-02-15,31.432270050048828
2018-02-16,31.796091079711914
2018-02-20,32.12161636352539
2018-02-21,31.623754501342773
2018-02-22,31.480140686035156
2018-02-23,31.537586212158203
2018-02-26,31.757793426513672
2018-02-27,31.10674476623535
2018-02-28,30.225914001464844
2018-03-01,29.268489837646484
2018-03-02,30.149320602416992
2018-03-05,29.37380599975586
2018-03-06,29.603588104248047
2018-03-07,30.321657180786133
2018-03-08,30.37910270690918
2018-03-09,30.254636764526367
2018-03-12,30.178043365478516
2018-03-13,29.574865341186523
2018-03-14,28.875944137573242
2018-03-15,29.689756393432617
2018-03-16,29.574865341186523
2018-03-19,28.483400344848633
2018-03-20,28.13872718811035
2018-03-21,28.40680694580078
2018-03-22,27.765331268310547
2018-03-23,27.774906158447266
2018-03-26,28.23447036743164
2018-03-27,27.774906158447266
2018-03-28,27.985538482666016
2018-03-29,28.042985916137695
2018-04-02,27.018539428710938
2018-04-03,26.96109390258789
2018-04-04,27.545122146606445
2018-04-05,27.679162979125977
2018-04-06,27.18130111694336
2018-04-09,26.932371139526367
2018-04-10,27.123855590820312
2018-04-11,27.257896423339844
2018-04-12,26.980243682861328
2018-04-13,26.894073486328125
2018-04-16,27.420658111572266
2018-04-17,27.257896423339844
2018-04-18,27.774906158447266
2018-04-19,28.0621337890625
2018-04-20,27.870647430419922
2018-04-23,27.937667846679688
2018-04-24,27.832351684570312
2018-04-25,27.36321258544922
2018-04-26,27.286619186401367
2018-04-27,26.77918243408203
2018-04-30,26.913223266601562
2018-05-01,26.92279624938965
2018-05-02,27.123855590820312
2018-05-03,28.49297332763672
2018-05-04,29.651458740234375
2018-05-07,29.029132843017578
2018-05-08,28.62701416015625
2018-05-09,27.88979721069336
2018-05-10,27.52597427368164
2018-05-11,28.090856552124023
2018-05-14,27.774906158447266
2018-05-15,27.602569580078125
2018-05-16,27.592994689941406
2018-05-17,28.244043350219727
2018-05-18,29.134449005126953
2018-05-21,28.990835189819336
2018-05-22,29.10572624206543
2018-05-23,28.866369247436523
2018-05-24,28.521696090698242
2018-05-25,28.521696090698242
2018-05-29,28.5504207611084
2018-05-30,28.722755432128906
2018-05-31,28.981260299682617
2018-06-01,29.354656219482422
2018-06-04,28.722755432128906
2018-06-05,28.923816680908203
2018-06-06,29.747201919555664
2018-06-07,29.613161087036133
2018-06-08,29.469547271728516
2018-06-11,29.469547271728516
2018-06-12,30.063152313232422
2018-06-13,29.737627029418945
2018-06-14,30.41739845275879
2018-06-15,31.441844940185547
2018-06-18,30.8099422454834
2018-06-19,30.570587158203125
2018-06-20,31.240785598754883
2018-06-21,30.656755447387695
2018-06-22,32.08332061767578
2018-06-25,32.590755462646484
2018-06-26,32.82053756713867
2018-06-27,32.95457458496094
2018-06-28,33.60562515258789
2018-06-29,33.80668258666992
2018-07-02,34.065189361572266
2018-07-03,34.49603271484375
2018-07-05,34.0843391418457
2018-07-06,35.05133819580078
2018-07-09,35.09920883178711
2018-07-10,35.482177734375
2018-07-11,34.16093063354492
2018-07-12,34.18965530395508
2018-07-13,35.022613525390625
2018-07-16,34.49603271484375
2018-07-17,34.94601821899414
2018-07-18,34.639644622802734
2018-07-19,34.47688293457031
2018-07-20,34.677940368652344
2018-07-23,33.21308135986328
2018-07-24,32.763092041015625
2018-07-25,32.2460823059082
2018-07-26,32.983299255371094
2018-07-27,31.46099281311035
2018-07-30,31.834388732910156
2018-07-31,32.08332061767578
2018-08-01,31.930131912231445
2018-08-02,31.614181518554688
2018-08-03,31.882259368896484
2018-08-06,31.891834259033203
2018-08-07,32.045021057128906
2018-08-08,30.819517135620117
2018-08-09,31.59503173828125
2018-08-10,32.236507415771484
2018-08-13,31.834388732910156
2018-08-14,32.7152214050293
2018-08-15,32.236507415771484
2018-08-16,31.528011322021484
2018-08-17,31.69077491760254
2018-08-20,31.997150421142578
2018-08-21,32.38011932373047
2018-08-22,32.51416015625
2018-08-23,32.7822380065918
2018-08-24,33.17478561401367
2018-08-27,33.47158432006836
2018-08-28,33.529029846191406
2018-08-29,33.58647537231445
2018-08-30,33.576900482177734
2018-08-31,33.4907341003418
2018-09-04,33.69179153442383
2018-09-05,33.58647537231445
2018-09-06,32.70564651489258
2018-09-07,31.910982131958008
2018-09-10,31.834388732910156
2018-09-11,32.045021057128906
2018-09-12,32.3609733581543
2018-09-13,32.73436737060547
2018-09-14,32.85883331298828
2018-09-17,33.0215950012207
2018-09-18,35.50132751464844
2018-09-19,34.457733154296875
2018-09-20,34.285396575927734
2018-09-21,34.093910217285156
2018-09-24,33.46200942993164
2018-09-25,33.63434982299805
2018-09-26,33.682220458984375
2018-09-27,33.80668258666992
2018-09-28,34.065189361572266
2018-10-01,33.66307067871094
2018-10-02,33.6439208984375
2018-10-03,33.41413879394531
2018-10-04,32.55245590209961
2018-10-05,32.2460823059082
2018-10-08,32.092891693115234
2018-10-09,32.054595947265625
2018-10-10,30.398250579833984
2018-10-11,29.92911148071289
2018-10-12,30.044002532958984
2018-10-15,30.063152313232422
2018-10-16,31.049299240112305
2018-10-17,31.393972396850586
2018-10-18,30.742923736572266
2018-10-19,30.72377586364746
2018-10-22,30.714200973510742
2018-10-23,30.178043365478516
2018-10-24,29.383380889892578
2018-10-25,29.85251808166504
2018-10-26,28.89509391784668
2018-10-29,28.607864379882812
2018-10-30,29.594013214111328
2018-10-31,30.340805053710938
2018-11-01,31.154617309570312
2018-11-02,31.259933471679688
2018-11-05,30.838666915893555
2018-11-06,31.097171783447266
2018-11-07,31.049299240112305
2018-11-08,31.33652687072754
2018-11-09,30.12059783935547
2018-11-12,29.258914947509766
2018-11-13,29.661033630371094
2018-11-14,29.297212600708008
2018-11-15,29.507844924926758
2018-11-16,29.077003479003906
2018-11-19,27.458955764770508
2018-11-20,26.740886688232422
2018-11-21,27.04726219177246
2018-11-23,27.31534194946289
2018-11-26,28.244043350219727
2018-11-27,27.88979721069336
2018-11-28,28.425954818725586
2018-11-29,28.148300170898438
2018-11-30,27.592994689941406
2018-12-03,28.93338966369629
2018-12-04,27.755756378173828
2018-12-06,28.27276611328125
2018-12-07,29.919538497924805
2018-12-10,29.297212600708008
2018-12-11,29.306785583496094
2018-12-12,30.015281677246094
2018-12-13,29.440824508666992
2018-12-14,29.124874114990234
2018-12-17,28.397232055664062
2018-12-18,28.425954818725586
2018-12-19,27.8419246673584
2018-12-20,27.2195987701416
2018-12-21,26.30047035217285
2018-12-24,25.7355899810791
2018-12-26,27.104707717895508
2018-12-27,27.43023109436035
2018-12-28,27.755756378173828
2018-12-31,28.45467758178711
2019-01-02,28.722755432128906
2019-01-03,28.588716506958008
2019-01-04,29.163171768188477
2019-01-07,29.785497665405273
2019-01-08,29.833370208740234
2019-01-09,29.747201919555664
2019-01-10,29.661033630371094
2019-01-11,29.699329376220703
2019-01-14,29.0578556060791
2019-01-15,29.258914947509766
2019-01-16,29.09615135192871
2019-01-17,29.10572624206543
2019-01-18,29.862091064453125
2019-01-22,28.981260299682617
2019-01-23,28.75147819519043
2019-01-24,28.483400344848633
2019-01-25,29.144023895263672
2019-01-28,29.6801815032959
2019-01-29,29.038707733154297
2019-01-30,28.416379928588867
2019-01-31,29.297212600708008
2019-02-01,29.507844924926758
2019-02-04,29.92911148071289
2019-02-05,29.909963607788086
2019-02-06,28.914241790771484
2019-02-07,29.440824508666992
2019-02-08,29.19189453125
2019-02-11,28.71318244934082
2019-02-12,29.345083236694336
2019-02-13,29.06743049621582
2019-02-14,29.258914947509766
2019-02-15,29.565290451049805
2019-02-19,28.88551902770996
2019-02-20,29.785497665405273
2019-02-21,29.479122161865234
2019-02-22,30.37910270690918
2019-02-25,29.80464744567871
2019-02-26,29.6801815032959
2019-02-27,29.297212600708008
2019-02-28,29.431251525878906
2019-03-01,31.59503173828125
2019-03-04,31.98757553100586
2019-03-05,31.21206283569336
2019-03-06,31.930131912231445
2019-03-07,31.259933471679688
2019-03-08,30.77164649963379
2019-03-11,32.3609733581543
2019-03-12,32.88755416870117
2019-03-13,32.29395294189453
2019-03-14,32.29395294189453
2019-03-15,32.7152214050293
2019-03-18,32.50458526611328
2019-03-19,32.21735763549805
2019-03-20,32.13119125366211
2019-03-21,32.839683532714844
2019-03-22,31.891834259033203
2019-03-25,31.6716251373291
2019-03-26,32.198211669921875
2019-03-27,32.801387786865234
2019-03-28,32.7152214050293
2019-03-29,32.590755462646484
2019-04-01,33.155635833740234
2019-04-02,32.70564651489258
2019-04-03,33.1364860534668
2019-04-04,33.40456771850586
2019-04-05,34.29497146606445
2019-04-08,34.03646469116211
2019-04-09,34.30454635620117
2019-04-10,34.68751525878906
2019-04-11,35.18537521362305
2019-04-12,34.88857650756836
2019-04-15,35.204524993896484
2019-04-16,34.993892669677734
2019-04-17,34.86942672729492
2019-04-18,35.2140998840332
2019-04-22,34.87900161743164
2019-04-23,35.26197052001953
2019-04-24,34.94601821899414
2019-04-25,34.668365478515625
2019-04-26,35.65451431274414
2019-04-29,35.83642578125
2019-04-30,36.152374267578125
2019-05-01,35.44388198852539
2019-05-02,36.20024871826172
2019-05-03,36.48747634887695
2019-05-06,36.00876235961914
2019-05-07,35.43430709838867
2019-05-08,35.30984115600586
2019-05-09,36.44917678833008
2019-05-10,35.99918746948242
2019-05-13,34.79283142089844
2019-05-14,35.060909271240234
2019-05-15,35.166229248046875
2019-05-16,35.951316833496094
2019-05-17,35.721534729003906
2019-05-20,35.903446197509766
2019-05-21,35.62579345703125
2019-05-22,35.53004837036133
2019-05-23,35.3289909362793
2019-05-24,35.740684509277344
2019-05-28,35.597068786621094
2019-05-29,35.28112030029297
2019-05-30,34.18965530395508
2019-05-31,34.86942672729492
2019-06-03,34.43858337402344
2019-06-04,35.04176330566406
2019-06-05,34.850276947021484
2019-06-06,35.587493896484375
2019-06-07,35.43430709838867
2019-06-10,35.29069137573242
2019-06-11,34.639644622802734
2019-06-12,34.29497146606445
2019-06-13,34.668365478515625
2019-06-14,33.87370300292969
2019-06-17,34.429012298583984
2019-06-18,34.247100830078125
2019-06-19,34.87900161743164
2019-06-20,35.00346755981445
2019-06-21,34.94601821899414
2019-06-24,34.448158264160156
2019-06-25,33.69179153442383
2019-06-26,33.12691116333008
2019-06-27,33.40456771850586
2019-06-28,34.33326721191406
2019-07-01,34.21837615966797
2019-07-02,34.0843391418457
2019-07-03,34.00774383544922
2019-07-05,34.0843391418457
2019-07-08,33.63434982299805
2019-07-09,34.074764251708984
2019-07-10,35.07048416137695
2019-07-11,34.821556091308594
2019-07-12,34.850276947021484
2019-07-15,35.032188415527344
2019-07-16,35.25239562988281
2019-07-17,35.14707946777344
2019-07-18,35.42473220825195
2019-07-19,34.94601821899414
2019-07-22,35.194950103759766
2019-07-23,35.22367477416992
2019-07-24,35.30984115600586
2019-07-25,35.43430709838867
2019-07-26,35.98004150390625
2019-07-29,35.81727600097656
2019-07-30,35.92259216308594
2019-07-31,35.88429641723633
2019-08-01,36.31513977050781
2019-08-02,35.98004150390625
2019-08-05,34.5056037902832
2019-08-06,35.29069137573242
2019-08-07,36.05663299560547
2019-08-08,37.46405029296875
2019-08-09,37.30128479003906
2019-08-12,36.161949157714844
2019-08-13,36.832149505615234
2019-08-14,36.37258529663086
2019-08-15,36.860870361328125
2019-08-16,37.243839263916016
2019-08-19,37.397029876708984
2019-08-20,37.770423889160156
2019-08-21,37.741703033447266
2019-08-22,36.851295471191406
2019-08-23,36.06620788574219
2019-08-26,36.784278869628906
2019-08-27,36.52577209472656
2019-08-28,36.21939468383789
2019-08-29,36.899166107177734
2019-08-30,37.90446472167969
2019-09-03,38.15339660644531
2019-09-04,38.335304260253906
2019-09-05,38.708702087402344
2019-09-06,38.804443359375
2019-09-09,39.015079498291016
2019-09-10,38.03850555419922
2019-09-11,38.478919982910156
2019-09-12,38.85231399536133
2019-09-13,38.54594039916992
2019-09-16,38.19169235229492
2019-09-17,38.59381103515625
2019-09-18,37.97148513793945
2019-09-19,37.49277114868164
2019-09-20,38.268287658691406
2019-09-23,38.28743362426758
2019-09-24,37.83744430541992
2019-09-25,37.68425750732422
2019-09-26,37.62681198120117
2019-09-27,37.13852310180664
2019-09-30,37.90446472167969
2019-10-01,36.8129997253418
2019-10-02,36.53534698486328
2019-10-03,37.31085968017578
2019-10-04,37.90446472167969
2019-10-07,37.83744430541992
2019-10-08,37.19596862792969
2019-10-09,37.387454986572266
2019-10-10,37.243839263916016
2019-10-11,37.69383239746094
2019-10-14,37.416175842285156
2019-10-15,37.4066047668457
2019-10-16,37.23426818847656
2019-10-17,37.79914855957031
2019-10-18,37.79914855957031
2019-10-21,37.80872344970703
2019-10-22,37.83744430541992
2019-10-23,37.80872344970703
2019-10-24,37.83744430541992
2019-10-25,37.79914855957031
2019-10-28,38.5363655090332
2019-10-29,37.62681198120117
2019-10-30,37.8757438659668
2019-10-31,38.708702087402344
2019-11-01,38.04807662963867
2019-11-04,37.51192092895508
2019-11-05,37.770423889160156
2019-11-06,36.84172058105469
2019-11-07,36.21939468383789
2019-11-08,36.32471466064453
2019-11-11,38.737422943115234
2019-11-12,39.4267692565918
2019-11-13,39.12997055053711
2019-11-14,39.2448616027832
2019-11-15,39.70442581176758
2019-11-18,40.403343200683594
2019-11-19,41.05439376831055
2019-11-20,40.90120315551758
2019-11-21,39.972503662109375
2019-11-22,40.06824493408203
2019-11-25,41.01609420776367
2019-11-26,41.40864181518555
2019-11-27,41.37034225463867
2019-11-29,41.236305236816406
2019-12-02,40.47993850708008
2019-12-03,40.41291809082031
2019-12-04,40.1352653503418
2019-12-05,40.82461166381836
2019-12-06,40.65227508544922
2019-12-09,40.61397933959961
2019-12-10,40.7958869934082
2019-12-11,41.17885971069336
2019-12-12,39.972503662109375
2019-12-13,39.90548324584961
2019-12-16,39.982078552246094
2019-12-17,40.1352653503418
2019-12-18,40.11611557006836
2019-12-19,42.08841323852539
2019-12-20,41.95437240600586
2019-12-23,41.801185607910156
2019-12-24,41.8586311340332
2019-12-26,41.877777099609375
2019-12-27,42.07883834838867
2019-12-30,41.52353286743164
2019-12-31,41.91607666015625
2020-01-02,42.14585876464844
2020-01-03,42.07883834838867
2020-01-06,42.10755920410156
2020-01-07,41.42778778076172
2020-01-08,41.140560150146484
2020-01-09,41.56182861328125
2020-01-10,41.5043830871582
2020-01-13,41.6192741394043
2020-01-14,42.557552337646484
2020-01-15,42.7490348815918
2020-01-16,43.467105865478516
2020-01-17,43.725608825683594
2020-01-21,44.00326156616211
2020-01-22,44.1181526184082
2020-01-23,43.514976501464844
2020-01-24,42.89265060424805
2020-01-27,42.77775955200195
2020-01-28,42.806480407714844
2020-01-29,42.81605529785156
2020-01-30,43.112857818603516
2020-01-31,42.65329360961914
2020-02-03,42.404361724853516
2020-02-04,43.07455825805664
2020-02-05,42.950096130371094
2020-02-06,43.01711654663086
2020-02-07,42.366065979003906
2020-02-10,43.05541229248047
2020-02-11,43.22774887084961
2020-02-12,42.84477615356445
2020-02-13,42.7490348815918
2020-02-14,42.404361724853516
2020-02-18,42.09798812866211
2020-02-19,42.47138214111328
2020-02-20,42.29904556274414
2020-02-21,41.8586311340332
2020-02-24,41.111839294433594
2020-02-25,38.77572250366211
2020-02-26,36.152374267578125
2020-02-27,34.802406311035156
2020-02-28,35.89387130737305
2020-03-02,34.91729736328125
2020-03-03,34.75453567504883
2020-03-04,35.10878372192383
2020-03-05,32.69607162475586
2020-03-06,32.46628952026367
2020-03-09,27.91851806640625
2020-03-10,28.88551902770996
2020-03-11,26.204727172851562
2020-03-12,23.102670669555664
2020-03-13,24.749441146850586
2020-03-16,18.784683227539062
2020-03-17,18.507028579711914
2020-03-18,17.31024742126465
2020-03-19,20.048484802246094
2020-03-20,19.962316513061523
2020-03-23,18.909147262573242
2020-03-24,21.187820434570312
2020-03-25,22.853740692138672
2020-03-26,24.12711524963379
2020-03-27,24.55795669555664
2020-03-30,23.90690803527832
2020-03-31,24.720718383789062
2020-04-01,22.06865119934082
2020-04-02,22.221839904785156
2020-04-03,19.732534408569336
2020-04-06,20.747404098510742
2020-04-07,20.10593032836914
2020-04-08,21.369731903076172
2020-04-09,22.7675724029541
2020-04-13,22.212265014648438
2020-04-14,22.748422622680664
2020-04-15,21.580364227294922
2020-04-16,20.383583068847656
2020-04-17,22.6814022064209
2020-04-20,22.834590911865234
2020-04-21,22.834590911865234
2020-04-22,22.844165802001953
2020-04-23,24.931352615356445
2020-04-24,24.940927505493164
2020-04-27,26.827054977416992
2020-04-28,27.066410064697266
2020-04-29,29.06743049621582
2020-04-30,28.962112426757812
2020-05-01,28.01426124572754
2020-05-04,28.49297332763672
2020-05-05,28.378082275390625
2020-05-06,28.339786529541016
2020-05-07,27.439807891845703
2020-05-08,27.995113372802734
2020-05-11,27.152578353881836
2020-05-12,26.77918243408203
2020-05-13,25.56325340270996
2020-05-14,27.05683708190918
2020-05-15,27.411083221435547
2020-05-18,29.775924682617188
2020-05-19,29.84294319152832
2020-05-20,29.900388717651367
2020-05-21,29.038707733154297
2020-05-22,29.62273597717285
2020-05-26,30.388675689697266
2020-05-27,33.07904052734375
2020-05-28,32.188636779785156
2020-05-29,32.38011932373047
2020-06-01,32.839683532714844
2020-06-02,33.193931579589844
2020-06-03,33.82583236694336
2020-06-04,33.576900482177734
2020-06-05,33.8449821472168
2020-06-08,35.17580032348633
2020-06-09,33.38541793823242
2020-06-10,33.48115921020508
2020-06-11,30.666330337524414
2020-06-12,32.3609733581543
2020-06-15,32.38011932373047
2020-06-16,32.17906188964844
2020-06-17,31.480140686035156
2020-06-18,30.72377586364746
2020-06-19,29.85251808166504
2020-06-22,28.818498611450195
2020-06-23,29.038707733154297
2020-06-24,28.023836135864258
2020-06-25,27.736608505249023
2020-06-26,27.334489822387695
2020-06-29,28.44510269165039
2020-06-30,27.937667846679688
2020-07-01,28.780202865600586
2020-07-02,29.00998306274414
2020-07-06,28.684459686279297
2020-07-07,28.856796264648438
2020-07-08,29.603588104248047
2020-07-09,29.97698211669922
2020-07-10,30.350379943847656
2020-07-13,29.62273597717285
2020-07-14,30.85781478881836
2020-07-15,32.07374572753906
2020-07-16,32.15033721923828
2020-07-17,32.092891693115234
2020-07-20,31.95885467529297
2020-07-21,31.432270050048828
2020-07-22,31.585458755493164
2020-07-23,31.489715576171875
2020-07-24,31.50886344909668
2020-07-27,31.566308975219727
2020-07-28,31.326953887939453
2020-07-29,31.355676651000977
2020-07-30,31.843963623046875
2020-07-31,31.68120002746582
2020-08-03,32.84925842285156
2020-08-04,32.6673469543457
2020-08-05,32.64820098876953
2020-08-06,33.63434982299805
2020-08-07,33.11733627319336
2020-08-10,32.945003509521484
2020-08-11,34.30454635620117
2020-08-12,34.12263488769531
2020-08-13,33.74924087524414
2020-08-14,33.83540725708008
2020-08-17,33.97901916503906
2020-08-18,33.59605026245117
2020-08-19,33.6439208984375
2020-08-20,34.13220977783203
2020-08-21,33.8449821472168
2020-08-24,35.376861572265625
2020-08-25,35.98004150390625
2020-08-26,35.82685089111328
2020-08-27,35.65451431274414
2020-08-28,35.740684509277344
2020-08-31,34.639644622802734
2020-09-01,34.38113784790039
2020-09-02,34.36199188232422
2020-09-03,33.96944808959961
2020-09-04,33.710941314697266
2020-09-08,33.38541793823242
2020-09-09,32.7822380065918
2020-09-10,32.437564849853516
2020-09-11,32.32267379760742
2020-09-14,32.945003509521484
2020-09-15,32.81096267700195
2020-09-16,33.184356689453125
2020-09-17,32.82053756713867
2020-09-18,31.365249633789062
2020-09-21,30.991853713989258
2020-09-22,30.915260314941406
2020-09-23,30.695051193237305
2020-09-24,30.85781478881836
2020-09-25,31.240785598754883
2020-09-28,31.633329391479492
2020-09-29,31.259933471679688
2020-09-30,32.08332061767578
2020-10-01,32.868408203125
2020-10-02,32.791812896728516
2020-10-05,33.09819030761719
2020-10-06,33.107765197753906
2020-10-07,33.45243835449219
2020-10-08,33.17478561401367
2020-10-09,32.83011245727539
2020-10-12,33.30882263183594
2020-10-13,32.51416015625
2020-10-14,32.236507415771484
2020-10-15,31.95885467529297
2020-10-16,31.920557022094727
2020-10-19,31.259933471679688
2020-10-20,31.556734085083008
2020-10-21,31.920557022094727
2020-10-22,32.619476318359375
2020-10-23,33.155635833740234
2020-10-26,31.69077491760254
2020-10-27,31.709922790527344
2020-10-28,31.499290466308594
2020-10-29,31.872684478759766
2020-10-30,31.882259368896484
2020-11-02,31.81524085998535
2020-11-03,32.85883331298828
2020-11-04,34.1992301940918
2020-11-05,34.639644622802734
2020-11-06,34.84070587158203
2020-11-09,35.932167053222656
2020-11-10,36.075782775878906
2020-11-11,35.53962326049805
2020-11-12,35.46303176879883
2020-11-13,36.3438606262207
2020-11-16,36.41088104248047
2020-11-17,36.70768356323242
2020-11-18,36.20024871826172
2020-11-19,35.82685089111328
2020-11-20,35.53962326049805
2020-11-23,36.41088104248047
2020-11-24,36.55449676513672
2020-11-25,36.40130615234375
2020-11-27,36.73640441894531
2020-11-30,36.21939468383789
2020-12-01,37.224693298339844
2020-12-02,38.08637619018555
2020-12-03,38.10552215576172
2020-12-04,37.62681198120117
2020-12-07,38.11509704589844
2020-12-08,38.210838317871094
2020-12-09,37.559791564941406
2020-12-10,37.54064178466797
2020-12-11,37.31085968017578
2020-12-14,37.15767288208008
2020-12-15,36.90874099731445
2020-12-16,36.02791213989258
2020-12-17,36.650238037109375
2020-12-18,36.35343551635742
2020-12-21,35.52047348022461
2020-12-22,34.90772247314453
2020-12-23,36.152374267578125
2020-12-24,36.430030822753906
2020-12-28,37.4736213684082
2020-12-29,37.55021667480469
2020-12-30,37.13852310180664
2020-12-31,36.37258529663086
2021-01-04,35.28112030029297
2021-01-05,35.10878372192383
2021-01-06,35.558773040771484
2021-01-07,35.913021087646484
2021-01-08,36.02791213989258
2021-01-11,34.984317779541016
2021-01-12,34.467308044433594
2021-01-13,34.093910217285156
2021-01-14,34.01731872558594
2021-01-15,34.17050552368164
2021-01-19,34.75453567504883
2021-01-20,35.84600067138672
2021-01-21,35.31941604614258
2021-01-22,35.10878372192383
2021-01-25,36.18109893798828
2021-01-26,36.468326568603516
2021-01-27,34.984317779541016
2021-01-28,35.14707946777344
2021-01-29,34.7066650390625
2021-02-01,36.38215637207031
2021-02-02,37.11937713623047
2021-02-03,37.31085968017578
2021-02-04,37.5885124206543
2021-02-05,38.172542572021484
2021-02-08,38.871463775634766
2021-02-09,39.19698715209961
2021-02-10,39.10124588012695
2021-02-11,39.34060287475586
2021-02-12,39.33102798461914
2021-02-16,38.84273910522461
2021-02-17,38.833168029785156
2021-02-18,38.172542572021484
2021-02-19,38.75657272338867
2021-02-22,39.29273223876953
2021-02-23,39.28315734863281
2021-02-24,38.67040252685547
2021-02-25,37.30128479003906
2021-02-26,37.11937713623047
2021-03-01,37.84701919555664
2021-03-02,37.5214958190918
2021-03-03,37.71297836303711
2021-03-04,37.30128479003906
2021-03-05,37.29171371459961
2021-03-08,38.77572250366211
2021-03-09,39.11082077026367
2021-03-10,38.78529357910156
2021-03-11,39.76186752319336
2021-03-12,39.618255615234375
2021-03-15,39.90548324584961
2021-03-16,40.499088287353516
2021-03-17,40.90120315551758
2021-03-18,39.91505813598633
2021-03-19,39.091670989990234
2021-03-22,39.32145309448242
2021-03-23,38.22041320800781
2021-03-24,36.468326568603516
2021-03-25,36.075782775878906
2021-03-26,36.21939468383789
2021-03-29,35.759830474853516
2021-03-30,36.497047424316406
2021-03-31,36.59279251098633
2021-04-01,37.02363204956055
2021-04-05,37.607662200927734
2021-04-06,37.93318557739258
2021-04-07,38.81401824951172
2021-04-08,38.62253189086914
2021-04-09,38.517215728759766
2021-04-12,37.29171371459961
2021-04-13,37.569366455078125
2021-04-14,37.53106689453125
2021-04-15,37.93318557739258
2021-04-16,38.22041320800781
2021-04-19,39.02465057373047
2021-04-20,39.14911651611328
2021-04-21,40.50865936279297
2021-04-22,40.45121383666992
2021-04-23,40.365047454833984
2021-04-26,39.85761260986328
2021-04-27,40.16398620605469
2021-04-28,39.80973815917969
2021-04-29,40.1352653503418
2021-04-30,39.656551361083984
2021-05-03,39.579959869384766
2021-05-04,38.871463775634766
2021-05-05,38.61296081542969
2021-05-06,38.54594039916992
2021-05-07,37.425750732421875
2021-05-10,37.01405715942383
2021-05-11,36.994911193847656
2021-05-12,36.516197204589844
2021-05-13,36.784278869628906
2021-05-14,37.559791564941406
2021-05-17,37.75127410888672
2021-05-18,38.06722640991211
2021-05-19,37.84701919555664
2021-05-20,38.76614761352539
2021-05-21,38.19169235229492
2021-05-24,38.59381103515625
2021-05-25,38.42147445678711
2021-05-26,38.143821716308594
2021-05-27,38.833168029785156
2021-05-28,38.335304260253906
2021-06-01,38.78529357910156
2021-06-02,37.789573669433594
2021-06-03,38.210838317871094
2021-06-04,38.172542572021484
2021-06-07,38.28743362426758
2021-06-08,38.498069763183594
2021-06-09,39.0725212097168
2021-06-10,39.264007568359375
2021-06-11,39.56081008911133
2021-06-14,39.043800354003906
2021-06-15,38.526790618896484
2021-06-16,38.689552307128906
2021-06-17,38.5363655090332
2021-06-18,37.72255325317383
2021-06-21,38.43104934692383
2021-06-22,38.41189956665039
2021-06-23,39.32145309448242
2021-06-24,40.95865249633789
2021-06-25,41.6192741394043
2021-06-28,42.059688568115234
2021-06-29,41.657569885253906
2021-06-30,40.81503677368164
2021-07-01,41.57140350341797
2021-07-02,42.557552337646484
2021-07-06,42.021392822265625
2021-07-07,42.413936614990234
2021-07-08,41.3511962890625
2021-07-09,41.47565841674805
2021-07-12,41.140560150146484
2021-07-13,41.140560150146484
2021-07-14,40.97779846191406
2021-07-15,40.87248229980469
2021-07-16,40.403343200683594
2021-07-19,39.29273223876953
2021-07-20,40.81503677368164
2021-07-21,40.23100662231445
2021-07-22,40.21186065673828
2021-07-23,40.42249298095703
2021-07-26,40.3746223449707
2021-07-27,40.0203742980957
2021-07-28,40.29802703857422
2021-07-29,39.99164962768555
2021-07-30,39.694847106933594
2021-08-02,39.81931686401367
2021-08-03,39.407623291015625
2021-08-04,39.28315734863281
2021-08-05,39.76186752319336
2021-08-06,39.838462829589844
2021-08-09,40.403343200683594
2021-08-10,39.99164962768555
2021-08-11,39.94377899169922
2021-08-12,40.50865936279297
2021-08-13,40.59482955932617
2021-08-16,40.3746223449707
2021-08-17,39.92462921142578
2021-08-18,40.25973129272461
2021-08-19,40.221431732177734
2021-08-20,41.12141418457031
2021-08-23,41.58097839355469
2021-08-24,42.557552337646484
2021-08-25,43.112857818603516
2021-08-26,42.89265060424805
2021-08-27,43.36178970336914
2021-08-30,43.44795608520508
2021-08-31,43.74475860595703
2021-09-01,44.68303680419922
2021-09-02,44.807498931884766
2021-09-03,45.08515167236328
2021-09-07,44.769203186035156
2021-09-08,44.242618560791016
2021-09-09,43.74475860595703
2021-09-10,43.495826721191406
2021-09-13,43.476680755615234
2021-09-14,42.88307571411133
2021-09-15,42.47138214111328
2021-09-16,43.00754165649414
2021-09-17,43.20859909057617
2021-09-20,42.586273193359375
2021-09-21,43.112857818603516
2021-09-22,44.625587463378906
2021-09-23,45.1808967590332
2021-09-24,44.596866607666016
2021-09-27,45.79364776611328
2021-09-28,44.79792785644531
2021-09-29,44.65431213378906
2021-09-30,45.04685592651367
2021-10-01,46.70320129394531
2021-10-04,45.77450180053711
2021-10-05,46.53086471557617
2021-10-06,46.75107192993164
2021-10-07,46.80851745605469
2021-10-08,46.5787353515625
2021-10-11,46.58831024169922
2021-10-12,46.97127914428711
2021-10-13,47.038299560546875
2021-10-14,48.39784622192383
2021-10-15,47.87126159667969
2021-10-18,47.80424118041992
2021-10-19,48.33082580566406
2021-10-20,48.54145812988281
2021-10-21,48.57975387573242
2021-10-22,48.94357681274414
2021-10-25,49.33612060546875
2021-10-26,48.886131286621094
2021-10-27,49.08719253540039
2021-10-28,50.09248733520508
2021-10-29,49.929725646972656
2021-11-01,50.705238342285156
2021-11-02,50.57120132446289
2021-11-03,49.87228012084961
2021-11-04,50.56162643432617
2021-11-05,51.13608169555664
2021-11-08,50.61907196044922
2021-11-09,49.99674606323242
2021-11-10,51.08820724487305
2021-11-11,51.2318229675293
2021-11-12,51.32756423950195
2021-11-15,51.88287353515625
2021-11-16,52.7158317565918
2021-11-17,53.4243278503418
2021-11-18,53.788150787353516
2021-11-19,53.62538528442383
2021-11-22,53.251991271972656
2021-11-23,55.0615234375
2021-11-24,55.28173065185547
2021-11-26,53.97005844116211
2021-11-29,54.53493881225586
2021-11-30,55.15726852416992
2021-12-01,52.67753601074219
2021-12-02,54.611534118652344
2021-12-03,54.180694580078125
2021-12-06,54.68812942504883
2021-12-07,54.68812942504883
2021-12-08,53.94133758544922
2021-12-09,53.71155548095703
2021-12-10,54.05622863769531
2021-12-13,54.046653747558594
2021-12-14,53.76900100708008
2021-12-15,54.69770431518555
2021-12-16,52.802001953125
2021-12-17,53.74027633666992
2021-12-20,53.32858657836914
2021-12-21,54.563663482666016
2021-12-22,54.984928131103516
2021-12-23,55.08067321777344
2021-12-27,56.0380973815918
2021-12-28,55.865760803222656
2021-12-29,56.430641174316406
2021-12-30,56.90935516357422
2021-12-31,56.81361389160156
2022-01-03,57.81890869140625
2022-01-04,56.86148452758789
2022-01-05,56.9859504699707
2022-01-06,56.13383865356445
2022-01-07,55.39662170410156
2022-01-10,55.3296012878418
2022-01-11,55.492366790771484
2022-01-12,55.865760803222656
2022-01-13,55.47321701049805
2022-01-14,55.492366790771484
2022-01-18,54.611534118652344
2022-01-19,54.45834732055664
2022-01-20,53.96048355102539
2022-01-21,53.37645721435547
2022-01-24,51.203102111816406
2022-01-25,50.140357971191406
2022-01-26,49.64249801635742
2022-01-27,50.27439880371094
2022-01-28,50.97331619262695
2022-01-31,52.46690368652344
2022-02-01,52.514774322509766
2022-02-02,52.8690185546875
2022-02-03,52.21797180175781
2022-02-04,53.09880065917969
2022-02-07,54.238136291503906
2022-02-08,54.381752014160156
2022-02-09,55.11896896362305
2022-02-10,55.59768295288086
2022-02-11,55.44449234008789
2022-02-14,54.81259536743164
2022-02-15,55.76044464111328
2022-02-16,55.741294860839844
2022-02-17,55.415771484375
2022-02-18,55.54023742675781
2022-02-22,54.209415435791016
2022-02-23,53.98920822143555
2022-02-24,55.176414489746094
2022-02-25,55.090248107910156
2022-02-28,53.76900100708008
2022-03-01,52.62966537475586
2022-03-02,53.80729675292969
2022-03-03,53.02220916748047
2022-03-04,51.17437744140625
2022-03-07,49.451011657714844
2022-03-08,48.8574104309082
2022-03-09,50.1020622253418
2022-03-10,50.08291244506836
2022-03-11,50.30311965942383
2022-03-14,50.149932861328125
2022-03-15,50.52333068847656
2022-03-16,51.844573974609375
2022-03-17,51.815853118896484
2022-03-18,52.25626754760742
2022-03-21,53.58708953857422
2022-03-22,56.14341354370117
2022-03-23,57.47423553466797
2022-03-24,58.067840576171875
2022-03-25,58.709312438964844
2022-03-28,57.914649963378906
2022-03-29,58.450809478759766
2022-03-30,60.480552673339844
2022-03-31,60.44225311279297
2022-04-01,60.5762939453125
2022-04-04,60.672035217285156
2022-04-05,60.30821228027344
2022-04-06,60.05928421020508
2022-04-07,60.03055953979492
2022-04-08,60.480552673339844
2022-04-11,60.35608673095703
2022-04-12,59.14973068237305
2022-04-13,60.0688591003418
2022-04-14,59.542274475097656
2022-04-18,59.52312469482422
2022-04-19,59.5997200012207
2022-04-20,59.628440856933594
2022-04-21,60.461402893066406
2022-04-22,58.32634353637695
2022-04-25,58.50825500488281
2022-04-26,56.95722579956055
2022-04-27,56.89020538330078
2022-04-28,56.66999816894531
2022-04-29,54.97535705566406
2022-05-02,55.24343490600586
2022-05-03,55.18598937988281
2022-05-04,55.492366790771484
2022-05-05,53.692405700683594
2022-05-06,54.257286071777344
2022-05-09,49.08719253540039
2022-05-10,50.08291244506836
2022-05-11,51.250972747802734
2022-05-12,51.815853118896484
2022-05-13,53.692405700683594
2022-05-16,53.05093002319336
2022-05-17,53.606239318847656
2022-05-18,52.26584243774414
2022-05-19,53.58708953857422
2022-05-20,54.774295806884766
2022-05-23,53.37645721435547
2022-05-24,53.14667510986328
2022-05-25,53.88389205932617
2022-05-26,54.34345626831055
2022-05-27,55.71257400512695
2022-05-31,54.592384338378906
2022-06-01,54.66897964477539
2022-06-02,55.320030212402344
2022-06-03,54.707275390625
2022-06-06,55.128543853759766
2022-06-07,55.18598937988281
2022-06-08,54.34345626831055
2022-06-09,54.64982986450195
2022-06-10,52.48604965209961
2022-06-13,50.85842514038086
2022-06-14,51.059486389160156
2022-06-15,53.56793975830078
2022-06-16,51.844573974609375
2022-06-17,52.57221984863281
2022-06-21,53.089229583740234
2022-06-22,52.46690368652344
2022-06-23,53.7785758972168
2022-06-24,55.63597869873047
2022-06-27,55.415771484375
2022-06-28,55.40619659423828
2022-06-29,55.24343490600586
2022-06-30,55.5019416809082
2022-07-01,54.31473159790039
2022-07-05,53.90304183959961
2022-07-06,53.3094367980957
2022-07-07,54.19026565551758
2022-07-08,53.56793975830078
2022-07-11,52.63923645019531
2022-07-12,51.94989013671875
2022-07-13,53.20412063598633
2022-07-14,52.17967224121094
2022-07-15,52.763702392578125
2022-07-18,53.00305938720703
2022-07-19,54.33388137817383
2022-07-20,55.24343490600586
2022-07-21,55.94235610961914
2022-07-22,55.77001953125
2022-07-25,55.85618591308594
2022-07-26,55.655128479003906
2022-07-27,56.38277053833008
2022-07-28,57.27317428588867
2022-07-29,59.35078811645508
2022-08-01,59.207176208496094
2022-08-02,57.79975891113281
2022-08-03,57.83805847167969
2022-08-04,57.924224853515625
2022-08-05,54.86046600341797
2022-08-08,56.84233474731445
2022-08-09,57.15828323364258
2022-08-10,59.408233642578125
2022-08-11,58.077415466308594
2022-08-12,58.5848503112793
2022-08-15,58.766761779785156
2022-08-16,60.04970932006836
2022-08-17,60.4901237487793
2022-08-18,59.84865188598633
2022-08-19,59.61886978149414
2022-08-22,58.92952346801758
2022-08-23,58.852928161621094
2022-08-24,59.31249237060547
2022-08-25,59.74333190917969
2022-08-26,59.85822296142578
2022-08-29,59.27419662475586
2022-08-30,57.82848358154297
2022-08-31,55.655128479003906
2022-09-01,55.415771484375
2022-09-02,55.81789016723633
2022-09-06,55.320030212402344
2022-09-07,55.03280258178711
2022-09-08,55.72214889526367
2022-09-09,56.966800689697266
2022-09-12,59.14973068237305
2022-09-13,57.11041259765625
2022-09-14,56.220008850097656
2022-09-15,55.2625846862793
2022-09-16,54.34345626831055
2022-09-19,54.88918685913086
2022-09-20,53.40517807006836
2022-09-21,51.52862548828125
2022-09-22,51.49032974243164
2022-09-23,49.9871711730957
2022-09-26,50.13078308105469
2022-09-27,50.370140075683594
2022-09-28,50.30311965942383
2022-09-29,49.451011657714844
2022-09-30,50.283973693847656
2022-10-03,52.42860412597656
2022-10-04,53.9317626953125
2022-10-05,54.41047668457031
2022-10-06,53.91261291503906
2022-10-07,54.19026565551758
2022-10-10,52.10308074951172
2022-10-11,52.3615837097168
2022-10-12,51.86372375488281
2022-10-13,51.94989013671875
2022-10-14,50.47545623779297
2022-10-17,51.2318229675293
2022-10-18,51.95946502685547
2022-10-19,51.36586380004883
2022-10-20,50.73396301269531
2022-10-21,50.97331619262695
2022-10-24,50.149932861328125
2022-10-25,50.94459533691406
2022-10-26,50.513755798339844
2022-10-27,50.02546691894531
2022-10-28,50.2552490234375
2022-10-31,49.805259704589844
2022-11-01,49.058467864990234
2022-11-02,46.63618087768555
2022-11-03,46.95213317871094
2022-11-04,46.253211975097656
2022-11-07,48.89570617675781
2022-11-08,50.686092376708984
2022-11-09,50.370140075683594
2022-11-10,50.149932861328125
2022-11-11,50.494606018066406
2022-11-14,48.847835540771484
2022-11-15,49.16378402709961
2022-11-16,49.03932189941406
2022-11-17,48.302101135253906
2022-11-18,49.66164779663086
2022-11-21,49.585052490234375
2022-11-22,50.64779281616211
2022-11-23,51.4711799621582
2022-11-25,51.44245529174805
2022-11-28,50.64779281616211
2022-11-29,50.80098342895508
2022-11-30,52.62966537475586
2022-12-01,54.0849494934082
2022-12-02,52.553070068359375
2022-12-05,52.3615837097168
2022-12-06,50.82012939453125
2022-12-07,50.40843963623047
2022-12-08,51.22224807739258
2022-12-09,52.725406646728516
2022-12-12,52.29456329345703
2022-12-13,52.907318115234375
2022-12-14,51.7392578125
2022-12-15,49.91057586669922
2022-12-16,49.69036865234375
2022-12-19,49.92015075683594
2022-12-20,50.331844329833984
2022-12-21,51.21267318725586
2022-12-22,51.078636169433594
2022-12-23,51.2318229675293
2022-12-27,50.69566345214844
2022-12-28,49.939300537109375
2022-12-29,50.724388122558594
2022-12-30,51.15522766113281
2023-01-03,50.887149810791016
2023-01-04,52.47647476196289
2023-01-05,53.09880065917969
2023-01-06,55.559383392333984
2023-01-09,54.41047668457031
2023-01-10,55.166839599609375
2023-01-11,55.98065185546875
2023-01-12,56.794464111328125
2023-01-13,57.41679000854492
2023-01-17,56.31575012207031
2023-01-18,55.99980163574219
2023-01-19,56.449790954589844
2023-01-20,60.07843017578125
2023-01-23,60.55714416503906
2023-01-24,59.963539123535156
2023-01-25,60.327362060546875
2023-01-26,60.480552673339844
2023-01-27,60.52842330932617
2023-01-30,60.02098846435547
2023-01-31,60.96883773803711
2023-02-01,61.208194732666016
2023-02-02,61.820945739746094
2023-02-03,61.86881637573242
2023-02-06,61.217769622802734
2023-02-07,61.983707427978516
2023-02-08,62.203914642333984
2023-02-09,62.71135330200195
2023-02-10,61.562442779541016
2023-02-13,61.87839126586914
2023-02-14,61.29436111450195
2023-02-15,61.562442779541016
2023-02-16,60.461402893066406
2023-02-17,60.41353225708008
2023-02-21,59.38908767700195
2023-02-22,60.30821228027344
2023-02-23,60.547569274902344
2023-02-24,59.207176208496094
2023-02-27,59.82950210571289
2023-02-28,58.17315673828125
2023-03-01,58.278472900390625
2023-03-02,62.912410736083984
2023-03-03,64.59748077392578
2023-03-06,63.1900634765625
2023-03-07,61.562442779541016
2023-03-08,60.45182800292969
2023-03-09,59.29334259033203
2023-03-10,58.68059158325195
2023-03-13,59.07313537597656
2023-03-14,60.480552673339844
2023-03-15,60.71033477783203
2023-03-16,62.58688735961914
2023-03-17,62.36668014526367
2023-03-20,62.5677375793457
2023-03-21,63.50601577758789
2023-03-22,63.123043060302734
2023-03-23,63.218788146972656
2023-03-24,63.67835235595703
2023-03-27,65.2102279663086
2023-03-28,64.54960632324219
2023-03-29,65.25810241699219
2023-03-30,64.9134292602539
2023-03-31,64.62620544433594
2023-04-03,63.1900634765625
2023-04-04,62.40497589111328
2023-04-05,62.82624435424805
2023-04-06,64.14749145507812
2023-04-10,64.45386505126953
2023-04-11,63.22835922241211
2023-04-12,63.477291107177734
2023-04-13,64.04217529296875
2023-04-14,63.84111404418945
2023-04-17,63.56346130371094
2023-04-18,64.2528076171875
2023-04-19,63.7453727722168
2023-04-20,63.1900634765625
2023-04-21,63.2762336730957
2023-04-24,62.82624435424805
2023-04-25,61.29436111450195
2023-04-26,60.40395736694336
2023-04-27,61.29436111450195
2023-04-28,62.022003173828125
2023-05-01,62.060302734375
2023-05-02,61.7922248840332
2023-05-03,60.97841262817383
2023-05-04,60.58586883544922
2023-05-05,62.9219856262207
2023-05-08,63.36240005493164
2023-05-09,61.7922248840332
2023-05-10,60.863521575927734
2023-05-11,61.29436111450195
2023-05-12,62.45284652709961
2023-05-15,64.37727355957031
2023-05-16,63.33367919921875
2023-05-17,63.51559066772461
2023-05-18,62.950706481933594
2023-05-19,62.950706481933594
2023-05-22,62.203914642333984
2023-05-23,60.499698638916016
2023-05-24,61.36138153076172
2023-05-25,60.088008880615234
2023-05-26,61.246490478515625
2023-05-30,60.65288543701172
2023-05-31,60.461402893066406
2023-06-01,61.16989517211914
2023-06-02,61.65818405151367
2023-06-05,62.653907775878906
2023-06-06,62.81666946411133
2023-06-07,62.299659729003906
2023-06-08,64.8464126586914
2023-06-09,64.9134292602539
2023-06-12,66.06233978271484
2023-06-13,66.48360443115234
2023-06-14,67.2208251953125
2023-06-15,68.47505187988281
2023-06-16,67.32614135742188
2023-06-20,66.72296142578125
2023-06-21,66.36871337890625
2023-06-22,65.69851684570312
2023-06-23,64.76981353759766
2023-06-26,63.7453727722168
2023-06-27,64.22408294677734
2023-06-28,64.32939910888672
2023-06-29,64.42514038085938
2023-06-30,64.74109649658203
2023-07-03,65.48788452148438
2023-07-05,66.64636993408203
2023-07-06,64.5591812133789
2023-07-07,64.04217529296875
2023-07-10,63.6304817199707
2023-07-11,63.70707321166992
2023-07-12,64.65492248535156
2023-07-13,64.85598754882812
2023-07-14,64.34854888916016
2023-07-17,65.00917053222656
2023-07-18,63.95600509643555
2023-07-19,63.869834899902344
2023-07-20,63.1871337890625
2023-07-21,63.51852035522461
2023-07-24,61.70565414428711
2023-07-25,62.55360412597656
2023-07-26,61.949317932128906
2023-07-27,62.07602310180664
2023-07-28,62.690059661865234
2023-07-31,62.65107345581055
2023-08-01,63.4990234375
2023-08-02,62.29044723510742
2023-08-03,64.01559448242188
2023-08-04,65.68000030517578
2023-08-07,64.16000366210938
2023-08-08,63.15999984741211
2023-08-09,61.779998779296875
2023-08-10,61.86000061035156
2023-08-11,62.369998931884766
2023-08-14,62.0099983215332
2023-08-15,62.290000915527344
2023-08-16,61.13999938964844
2023-08-17,58.650001525878906
2023-08-18,58.22999954223633
2023-08-21,57.88999938964844
2023-08-22,57.93000030517578
2023-08-23,58.15999984741211
2023-08-24,56.16999816894531
2023-08-25,56.66999816894531
2023-08-28,57.150001525878906
2023-08-29,58.31999969482422
2023-08-30,60.36000061035156
2023-08-31,60.650001525878906
2023-09-01,61.220001220703125
2023-09-05,59.279998779296875
2023-09-06,60.0
2023-09-07,59.689998626708984
2023-09-08,58.88999938964844
2023-09-11,59.20000076293945
2023-09-12,59.47999954223633
2023-09-13,58.75
2023-09-14,59.97999954223633
2023-09-15,59.029998779296875
2023-09-18,60.7599983215332
2023-09-19,60.220001220703125
2023-09-20,59.209999084472656
2023-09-21,56.810001373291016
2023-09-22,56.68000030517578
2023-09-25,56.58000183105469
2023-09-26,55.369998931884766
2023-09-27,55.459999084472656
2023-09-28,56.040000915527344
2023-09-29,56.540000915527344
2023-10-02,61.83000183105469
2023-10-03,59.63999938964844
2023-10-04,60.47999954223633
2023-10-05,60.34000015258789
2023-10-06,62.529998779296875
2023-10-09,62.66999816894531
2023-10-10,61.79999923706055
2023-10-11,61.70000076293945
2023-10-12,59.869998931884766
2023-10-13,59.720001220703125
2023-10-16,61.099998474121094
2023-10-17,62.869998931884766
2023-10-18,61.56999969482422
2023-10-19,60.380001068115234
2023-10-20,59.29999923706055
2023-10-23,59.790000915527344
2023-10-24,60.060001373291016
2023-10-25,57.650001525878906
2023-10-26,56.81999969482422
2023-10-27,56.72999954223633
2023-10-30,57.47999954223633
2023-10-31,57.54999923706055
2023-11-01,57.7400016784668
2023-11-02,58.66999816894531
2023-11-03,58.04999923706055
2023-11-06,57.40999984741211
2023-11-07,56.91999816894531
2023-11-08,58.16999816894531
2023-11-09,58.349998474121094
2023-11-10,60.58000183105469
2023-11-13,59.02000045776367
2023-11-14,58.900001525878906
2023-11-15,57.439998626708984
2023-11-16,57.150001525878906
2023-11-17,57.689998626708984
2023-11-20,59.150001525878906
2023-11-21,58.189998626708984
2023-11-22,58.91999816894531
2023-11-24,59.400001525878906
2023-11-27,59.31999969482422
2023-11-28,58.47999954223633
2023-11-29,57.20000076293945
2023-11-30,57.33000183105469
2023-12-01,57.279998779296875
2023-12-04,56.439998626708984
2023-12-05,56.220001220703125
2023-12-06,56.060001373291016
2023-12-07,56.20000076293945
2023-12-08,57.16999816894531
2023-12-11,57.43000030517578
2023-12-12,57.720001220703125
2023-12-13,57.290000915527344
2023-12-14,57.939998626708984
2023-12-15,58.630001068115234
2023-12-18,58.560001373291016
2023-12-19,59.880001068115234
2023-12-20,58.79999923706055
2023-12-21,59.130001068115234
2023-12-22,58.9900016784668
2023-12-26,57.56999969482422
2023-12-27,57.900001525878906
2023-12-28,58.290000915527344
2023-12-29,57.97999954223633
2024-01-02,57.16999816894531
2024-01-03,56.560001373291016
2024-01-04,56.2599983215332
2024-01-05,56.439998626708984
2024-01-08,57.040000915527344
2024-01-09,56.599998474121094
2024-01-10,56.63999938964844
2024-01-11,56.41999816894531
2024-01-12,57.52000045776367
2024-01-16,56.970001220703125
2024-01-17,56.810001373291016
2024-01-18,56.689998626708984
2024-01-19,56.7599983215332
2024-01-22,57.029998779296875
2024-01-23,60.939998626708984
2024-01-24,61.61000061035156
2024-01-25,61.47999954223633
2024-01-26,61.45000076293945
2024-01-29,61.52000045776367
2024-01-30,61.56999969482422
2024-01-31,61.09000015258789
2024-02-01,61.130001068115234
2024-02-02,59.849998474121094
2024-02-05,58.97999954223633
2024-02-06,59.41999816894531
2024-02-07,59.2400016784668
2024-02-08,59.38999938964844
2024-02-09,60.16999816894531
2024-02-12,61.189998626708984
2024-02-13,59.220001220703125
2024-02-14,60.65999984741211
2024-02-15,61.880001068115234
2024-02-16,62.59000015258789
2024-02-20,61.029998779296875
2024-02-21,61.08000183105469
2024-02-22,61.27000045776367
2024-02-23,61.84000015258789
2024-02-26,61.349998474121094
2024-02-27,62.15999984741211
2024-02-28,62.810001373291016
2024-02-29,65.55000305175781
2024-03-01,65.94000244140625
2024-03-04,66.33000183105469
2024-03-05,65.23999786376953
2024-03-06,63.439998626708984
2024-03-07,63.9900016784668
2024-03-08,63.959999084472656
2024-03-11,64.02999877929688
2024-03-12,63.61000061035156
2024-03-13,62.54999923706055
2024-03-14,61.810001373291016
2024-03-15,60.849998474121094
2024-03-18,59.59000015258789
2024-03-19,60.029998779296875
2024-03-20,59.97999954223633
2024-03-21,59.65999984741211
2024-03-22,59.220001220703125
2024-03-25,59.540000915527344
2024-03-26,60.290000915527344
2024-03-27,59.70000076293945
2024-03-28,58.7400016784668
2024-04-01,58.599998474121094
2024-04-02,59.25
2024-04-03,59.7599983215332
2024-04-04,59.95000076293945
2024-04-05,60.84000015258789
2024-04-08,61.560001373291016
2024-04-09,61.22999954223633
2024-04-10,59.689998626708984
2024-04-11,61.22999954223633
2024-04-12,59.4900016784668
2024-04-15,60.130001068115234
2024-04-16,60.040000915527344
2024-04-17,59.65999984741211
2024-04-18,59.65999984741211
2024-04-19,60.529998779296875
2024-04-22,61.130001068115234
2024-04-23,62.349998474121094
2024-04-24,61.689998626708984
2024-04-25,61.38999938964844
2024-04-26,61.630001068115234
2024-04-29,62.27000045776367
2024-04-30,62.27000045776367
2024-05-01,63.0099983215332
2024-05-02,63.119998931884766
2024-05-03,62.88999938964844
2024-05-06,62.95000076293945
2024-05-07,64.30999755859375
2024-05-08,64.26000213623047
2024-05-09,63.66999816894531
2024-05-10,62.63999938964844
2024-05-13,61.779998779296875
2024-05-14,62.70000076293945
2024-05-15,63.2599983215332
2024-05-16,65.0
2024-05-17,65.81999969482422
2024-05-20,66.08000183105469
2024-05-21,66.41000366210938
2024-05-22,65.83000183105469
2024-05-23,65.0
2024-05-24,65.69000244140625
2024-05-28,66.47000122070312
2024-05-29,66.94999694824219
2024-05-30,67.87000274658203
2024-05-31,68.41000366210938
2024-06-03,69.69999694824219
2024-06-04,68.7300033569336
2024-06-05,68.1500015258789
2024-06-06,65.56999969482422
2024-06-07,65.5
2024-06-10,65.4000015258789
2024-06-11,65.12999725341797
2024-06-12,64.7699966430664
2024-06-13,64.70999908447266
2024-06-14,65.43000030517578
2024-06-17,66.0199966430664
2024-06-18,66.04000091552734
2024-06-20,65.56999969482422
2024-06-21,65.37000274658203
2024-06-24,64.83000183105469
2024-06-25,65.5999984741211
2024-06-26,64.91000366210938
2024-06-27,64.94999694824219
2024-06-28,64.2300033569336
2024-07-01,63.2599983215332
2024-07-02,64.62999725341797
2024-07-03,65.11000061035156
2024-07-05,64.77999877929688
2024-07-08,65.91999816894531
2024-07-09,65.47000122070312
2024-07-10,66.27999877929688
2024-07-11,66.80999755859375
2024-07-12,68.62000274658203
2024-07-15,70.16999816894531
2024-07-16,71.83000183105469
2024-07-17,70.3499984741211
2024-07-18,70.91999816894531
2024-07-19,71.94000244140625
2024-07-22,72.12999725341797
2024-07-23,73.66999816894531
2024-07-24,72.86000061035156
2024-07-25,72.22000122070312
2024-07-26,73.80999755859375
2024-07-29,74.04000091552734
2024-07-30,74.52999877929688
2024-07-31,73.97000122070312
2024-08-01,71.54000091552734
2024-08-02,70.55000305175781
2024-08-05,69.1500015258789
2024-08-06,69.80000305175781
2024-08-07,70.66000366210938
2024-08-08,67.4000015258789
2024-08-09,67.37000274658203
2024-08-12,68.30000305175781
2024-08-13,69.66999816894531
2024-08-14,70.08000183105469
2024-08-15,69.8499984741211
2024-08-16,70.22000122070312
2024-08-19,71.69000244140625
2024-08-20,72.26000213623047
2024-08-21,70.97000122070312
2024-08-22,70.1500015258789
2024-08-23,70.44000244140625
2024-08-26,69.79000091552734
2024-08-27,69.9800033569336
2024-08-28,69.77999877929688
2024-08-29,70.2300033569336
2024-08-30,70.62000274658203
2024-09-03,69.73999786376953
2024-09-04,70.37000274658203
2024-09-05,69.86000061035156
2024-09-06,69.62000274658203
2024-09-09,69.18000030517578
2024-09-10,69.66999816894531
2024-09-11,69.36000061035156
2024-09-12,69.76000213623047
2024-09-13,70.02999877929688
2024-09-16,72.04000091552734
2024-09-17,71.98999786376953
2024-09-18,71.63999938964844
2024-09-19,72.80000305175781
2024-09-20,71.56999969482422
2024-09-23,70.98999786376953
2024-09-24,71.56999969482422
2024-09-25,70.94999694824219
2024-09-26,71.91000366210938
2024-09-27,72.29000091552734
2024-09-30,71.52999877929688
2024-10-01,70.37000274658203
2024-10-02,70.86000061035156
2024-10-03,70.4000015258789
2024-10-04,71.02999877929688
2024-10-07,68.6500015258789
2024-10-08,69.18000030517578
2024-10-09,70.62999725341797
2024-10-10,71.13999938964844
2024-10-11,72.5
2024-10-14,72.87999725341797
2024-10-15,73.88999938964844
2024-10-16,74.08999633789062
2024-10-17,74.26000213623047
2024-10-18,74.31999969482422
2024-10-21,73.16000366210938
2024-10-22,73.95999908447266
2024-10-23,72.98999786376953
2024-10-24,73.4800033569336
2024-10-25,73.4800033569336
2024-10-28,74.44999694824219
2024-10-29,75.1500015258789
2024-10-30,74.70999908447266
2024-10-31,74.23999786376953
2024-11-01,74.77999877929688
2024-11-04,74.02999877929688
2024-11-05,75.16999816894531
2024-11-06,76.73999786376953
2024-11-07,73.98999786376953
2024-11-08,75.0
2024-11-11,75.30999755859375
2024-11-12,74.9800033569336
2024-11-13,78.43000030517578
2024-11-14,77.23999786376953
2024-11-15,74.33000183105469
2024-11-18,73.62999725341797
2024-11-19,74.30999755859375
2024-11-20,77.0
2024-11-21,78.1500015258789
2024-11-22,77.44999694824219
2024-11-25,80.73999786376953
2024-11-26,80.51000213623047
2024-11-27,81.08999633789062
2024-11-29,80.9000015258789
2024-12-02,81.22000122070312
2024-12-03,80.77999877929688
2024-12-04,83.48999786376953
2024-12-05,84.72000122070312
2024-12-06,85.0
2024-12-09,82.62000274658203
2024-12-10,82.02999877929688
2024-12-11,84.7300033569336
2024-12-12,85.66000366210938
2024-12-13,85.75
2024-12-16,86.18000030517578
2024-12-17,85.5199966430664
2024-12-18,83.6500015258789
2024-12-19,85.16999816894531
2024-12-20,85.27999877929688
2024-12-23,85.30000305175781
2024-12-24,85.62000274658203
2024-12-26,85.97000122070312
2024-12-27,84.94000244140625
2024-12-30,85.12000274658203
2024-12-31,84.04000091552734
2025-01-02,83.33999633789062
2025-01-03,83.75
2025-01-06,84.20999908447266
2025-01-07,84.3499984741211
2025-01-08,85.56999969482422
2025-01-10,83.56999969482422
2025-01-13,84.41000366210938
2025-01-14,84.58000183105469
2025-01-15,83.2699966430664
2025-01-16,82.08000183105469
2025-01-17,83.27999877929688
2025-01-21,82.87999725341797
2025-01-22,82.9800033569336
2025-01-23,83.5999984741211
2025-01-24,84.66999816894531
2025-01-27,85.47000122070312
2025-01-28,86.83999633789062
2025-01-29,86.70999908447266
2025-01-30,88.2699966430664
2025-01-31,88.0199966430664
2025-02-03,88.27999877929688
2025-02-04,87.80000305175781
2025-02-05,87.9800033569336
2025-02-06,92.5199966430664
2025-02-07,92.72000122070312
2025-02-10,92.0
2025-02-11,92.72000122070312
2025-02-12,93.22000122070312
2025-02-13,94.54000091552734
2025-02-14,92.1500015258789
2025-02-18,90.95999908447266
2025-02-19,92.11000061035156
2025-02-20,91.76000213623047
2025-02-21,90.2300033569336
2025-02-24,90.54000091552734
2025-02-25,87.33999633789062
2025-02-26,88.0
2025-02-27,84.01000213623047
2025-02-28,89.12000274658203
2025-03-03,86.5
2025-03-04,84.08999633789062
2025-03-05,86.05999755859375
2025-03-06,85.2699966430664
2025-03-07,82.27999877929688
2025-03-10,77.95999908447266
2025-03-11,77.41999816894531
2025-03-12,77.16000366210938
2025-03-13,75.91000366210938
2025-03-14,78.08000183105469
2025-03-17,79.80000305175781
2025-03-18,80.05999755859375
2025-03-19,80.83000183105469
2025-03-20,80.08000183105469
2025-03-21,78.68000030517578
2025-03-24,81.2699966430664
2025-03-25,81.6500015258789
2025-03-26,81.30999755859375
2025-03-27,81.0999984741211
2025-03-28,80.3499984741211
2025-03-31,81.47000122070312
2025-04-01,80.13999938964844
2025-04-02,81.83999633789062
2025-04-03,78.02999877929688
2025-04-04,72.69000244140625
2025-04-07,71.22000122070312
2025-04-08,71.68000030517578
2025-04-09,74.88999938964844
2025-04-10,71.4000015258789
2025-04-11,70.2300033569336
2025-04-14,71.69999694824219
2025-04-15,73.19000244140625
2025-04-16,72.37999725341797
2025-04-17,75.12999725341797
2025-04-21,75.0999984741211
2025-04-22,76.44999694824219
2025-04-23,78.22000122070312
2025-04-24,78.91999816894531
2025-04-25,79.5999984741211
2025-04-28,79.94999694824219
2025-04-29,81.55000305175781
2025-04-30,80.55000305175781
2025-05-01,81.97000122070312
2025-05-02,83.43000030517578
2025-05-05,84.2699966430664
2025-05-06,82.97000122070312
2025-05-07,84.87000274658203
2025-05-08,85.6500015258789
2025-05-09,87.38999938964844
2025-05-12,86.22000122070312
2025-05-13,88.52999877929688
2025-05-14,88.51000213623047
2025-05-15,88.7300033569336
2025-05-16,89.11000061035156
2025-05-19,89.2300033569336
2025-05-20,89.30000305175781
2025-05-21,89.66999816894531
2025-05-22,89.22000122070312
2025-05-23,89.22000122070312
2025-05-27,88.62999725341797
2025-05-28,87.51000213623047
2025-05-29,87.3499984741211
2025-05-30,88.12000274658203
2025-06-02,88.93000030517578
2025-06-03,87.94000244140625
2025-06-04,88.62999725341797
2025-06-05,88.80999755859375
2025-06-06,89.75
2025-06-09,88.30999755859375
2025-06-10,88.58000183105469
2025-06-11,87.22000122070312
2025-06-12,87.9000015258789
2025-06-13,87.02999877929688
2025-06-16,87.80999755859375
2025-06-17,88.88999938964844
2025-06-18,92.08999633789062
2025-06-20,93.25
2025-06-23,93.91999816894531
2025-06-24,94.81999969482422
2025-06-25,93.5
2025-06-26,94.93000030517578
2025-06-27,95.5199966430664
2025-06-30,94.95999908447266
2025-07-01,91.7699966430664
2025-07-02,92.43000030517578
2025-07-03,93.33999633789062
2025-07-07,93.16999816894531
2025-07-08,91.4000015258789
2025-07-09,91.16999816894531
2025-07-10,93.20999908447266
2025-07-11,92.52999877929688
2025-07-14,92.80000305175781
2025-07-15,91.0199966430664
2025-07-16,91.5199966430664
2025-07-17,93.0999984741211
2025-07-18,93.4000015258789
2025-07-21,93.0999984741211
2025-07-22,93.30000305175781
2025-07-23,94.31999969482422
2025-07-24,93.52999877929688
2025-07-25,92.69999694824219
2025-07-28,92.13999938964844
2025-07-29,90.88999938964844
2025-07-30,92.08000183105469
2025-07-31,90.12000274658203
2025-08-01,88.81999969482422
2025-08-04,88.88999938964844
2025-08-05,87.94000244140625
2025-08-06,89.16000366210938
2025-08-07,86.47000122070312
2025-08-08,85.66999816894531
2025-08-11,84.9000015258789
2025-08-12,86.4000015258789
2025-08-13,89.43000030517578
2025-08-14,88.4000015258789
2025-08-15,88.73999786376953
2025-08-18,90.19000244140625
2025-08-19,90.58000183105469
2025-08-20,90.6500015258789
2025-08-21,90.44999694824219
2025-08-22,92.45999908447266
2025-08-25,91.91000366210938
2025-08-26,91.33000183105469
2025-08-27,89.87000274658203
2025-08-28,90.11000061035156
2025-08-29,90.12000274658203
2025-09-02,90.5199966430664
2025-09-03,90.18000030517578
2025-09-04,90.02999877929688
2025-09-05,90.51000213623047
2025-09-08,92.19999694824219
2025-09-09,91.5
2025-09-10,89.58999633789062
2025-09-11,92.43000030517578
2025-09-12,89.95999908447266
2025-09-15,89.83999633789062
2025-09-16,91.18000030517578
2025-09-17,92.41999816894531
2025-09-18,93.8499984741211
2025-09-19,93.4800033569336
