Date,GNK
2014-07-15,136.20347595214844
2014-07-16,137.82498168945312
2014-07-17,139.44644165039062
2014-07-18,139.44644165039062
2014-07-21,139.44644165039062
2014-07-22,139.12216186523438
2014-07-23,139.12216186523438
2014-07-24,139.12216186523438
2014-07-25,138.14926147460938
2014-07-28,138.14926147460938
2014-07-29,139.44644165039062
2014-07-30,138.14926147460938
2014-07-31,139.44644165039062
2014-08-01,139.44644165039062
2014-08-04,139.44644165039062
2014-08-05,139.44644165039062
2014-08-06,139.44644165039062
2014-08-07,139.44644165039062
2014-08-08,139.44644165039062
2014-08-11,139.44644165039062
2014-08-12,132.96055603027344
2014-08-13,139.44644165039062
2014-08-14,139.44644165039062
2014-08-15,139.44644165039062
2014-08-18,136.20347595214844
2014-08-19,139.44644165039062
2014-08-20,139.44644165039062
2014-08-21,139.44644165039062
2014-08-22,139.44644165039062
2014-08-25,139.44644165039062
2014-08-26,139.44644165039062
2014-08-27,138.14926147460938
2014-08-28,138.14926147460938
2014-08-29,136.20347595214844
2014-09-02,136.52781677246094
2014-09-03,138.14926147460938
2014-09-04,139.44644165039062
2014-09-05,139.44644165039062
2014-09-08,138.14926147460938
2014-09-09,136.20347595214844
2014-09-10,136.20347595214844
2014-09-11,136.8520965576172
2014-09-12,136.20347595214844
2014-09-15,136.8520965576172
2014-09-16,136.8520965576172
2014-09-17,136.52781677246094
2014-09-18,136.20347595214844
2014-09-19,136.20347595214844
2014-09-22,136.20347595214844
2014-09-23,133.2848358154297
2014-09-24,133.2848358154297
2014-09-25,133.2848358154297
2014-09-26,132.96055603027344
2014-09-29,129.71762084960938
2014-09-30,129.71762084960938
2014-10-01,124.85324096679688
2014-10-02,119.98881530761719
2014-10-03,115.1243667602539
2014-10-06,115.1243667602539
2014-10-07,115.1243667602539
2014-10-08,115.1243667602539
2014-10-09,115.1243667602539
2014-10-10,115.1243667602539
2014-10-13,113.56781005859375
2014-10-14,113.50292205810547
2014-10-15,97.28820037841797
2014-10-16,97.28820037841797
2014-10-17,97.28820037841797
2014-10-20,97.28820037841797
2014-10-21,97.28820037841797
2014-10-22,97.28820037841797
2014-10-23,100.53116607666016
2014-10-24,100.85545349121094
2014-10-27,100.53116607666016
2014-10-28,100.20685577392578
2014-10-29,100.20685577392578
2014-10-30,101.50405883789062
2014-10-31,101.50405883789062
2014-11-03,101.50405883789062
2014-11-04,101.50405883789062
2014-11-05,102.4769287109375
2014-11-06,105.39558410644531
2014-11-07,101.17973327636719
2014-11-10,102.4769287109375
2014-11-11,102.4769287109375
2014-11-12,102.4769287109375
2014-11-13,101.82833862304688
2014-11-14,101.82833862304688
2014-11-17,101.82833862304688
2014-11-18,101.82833862304688
2014-11-19,101.17973327636719
2014-11-20,101.17973327636719
2014-11-21,101.17973327636719
2014-11-24,99.882568359375
2014-11-25,99.882568359375
2014-11-26,99.23396301269531
2014-11-28,99.23396301269531
2014-12-01,99.36370086669922
2014-12-02,97.28820037841797
2014-12-03,96.63960266113281
2014-12-04,95.66676330566406
2014-12-05,94.36956024169922
2014-12-08,93.39669799804688
2014-12-09,92.4238052368164
2014-12-10,92.4238052368164
2014-12-11,90.80235290527344
2014-12-12,90.80235290527344
2014-12-15,89.82946014404297
2014-12-16,89.82946014404297
2014-12-17,85.93793487548828
2014-12-18,85.93793487548828
2014-12-19,84.31644439697266
2014-12-22,83.34358978271484
2014-12-23,83.34358978271484
2014-12-24,83.34358978271484
2014-12-26,83.34358978271484
2014-12-29,83.34358978271484
2014-12-30,84.31644439697266
2014-12-31,87.55940246582031
2015-01-02,87.55940246582031
2015-01-05,85.6136474609375
2015-01-06,83.0192642211914
2015-01-07,83.0192642211914
2015-01-08,82.69498443603516
2015-01-09,82.69498443603516
2015-01-12,82.69498443603516
2015-01-13,82.69498443603516
2015-01-14,82.37068939208984
2015-01-15,81.72210693359375
2015-01-16,81.72210693359375
2015-01-20,81.72210693359375
2015-01-21,81.0735092163086
2015-01-22,80.42491912841797
2015-01-23,80.42491912841797
2015-01-26,79.90605163574219
2015-01-27,79.90605163574219
2015-01-28,77.83058166503906
2015-01-29,76.20909881591797
2015-01-30,75.23622131347656
2015-02-02,75.23622131347656
2015-02-03,75.23622131347656
2015-02-04,75.23622131347656
2015-02-05,73.29045867919922
2015-02-06,72.9661636352539
2015-02-09,72.9661636352539
2015-02-10,72.9661636352539
2015-02-11,71.34468841552734
2015-02-12,71.34468841552734
2015-02-13,68.75033569335938
2015-02-17,68.4260482788086
2015-02-18,66.48027801513672
2015-02-19,65.8316879272461
2015-02-20,65.8316879272461
2015-02-23,63.23733901977539
2015-02-24,63.23733901977539
2015-02-25,62.588741302490234
2015-02-26,63.23733901977539
2015-02-27,64.5345230102539
2015-03-02,63.56163787841797
2015-03-03,63.23733901977539
2015-03-04,62.913047790527344
2015-03-05,63.23733901977539
2015-03-06,63.23733901977539
2015-03-09,63.23733901977539
2015-03-10,61.29156494140625
2015-03-11,61.29156494140625
2015-03-12,61.29156494140625
2015-03-13,61.29156494140625
2015-03-16,58.3729362487793
2015-03-17,57.40005874633789
2015-03-18,57.40005874633789
2015-03-19,57.07575988769531
2015-03-20,57.07575988769531
2015-03-23,57.07575988769531
2015-03-24,57.40005874633789
2015-03-25,57.40005874633789
2015-03-26,57.40005874633789
2015-03-27,57.40005874633789
2015-03-30,57.40005874633789
2015-03-31,56.42716979980469
2015-04-01,56.42716979980469
2015-04-02,51.887054443359375
2015-04-06,47.995521545410156
2015-04-07,47.995521545410156
2015-04-08,45.40117645263672
2015-04-09,43.779701232910156
2015-04-10,43.45540237426758
2015-04-13,44.03913879394531
2015-04-14,43.90940856933594
2015-04-15,43.45540237426758
2015-04-16,43.45540237426758
2015-04-17,45.40117645263672
2015-04-20,45.7254638671875
2015-04-21,45.7254638671875
2015-04-22,46.049747467041016
2015-04-23,46.37404251098633
2015-04-24,46.049747467041016
2015-04-27,45.85517120361328
2015-04-28,45.7254638671875
2015-04-29,44.75259017944336
2015-04-30,45.076873779296875
2015-05-01,44.75259017944336
2015-05-04,44.75259017944336
2015-05-05,44.428287506103516
2015-05-06,44.428287506103516
2015-05-07,45.40117645263672
2015-05-08,44.428287506103516
2015-05-11,45.076873779296875
2015-05-12,45.40117645263672
2015-05-13,45.076873779296875
2015-05-14,46.049747467041016
2015-05-15,46.049747467041016
2015-05-18,45.7254638671875
2015-05-19,44.75259017944336
2015-05-20,45.076873779296875
2015-05-21,44.75259017944336
2015-05-22,45.7254638671875
2015-05-26,45.98490905761719
2015-05-27,46.69834899902344
2015-05-28,46.37404251098633
2015-05-29,46.56862258911133
2015-06-01,46.3092041015625
2015-06-02,46.56862258911133
2015-06-03,46.89291000366211
2015-06-04,46.3092041015625
2015-06-05,46.37404251098633
2015-06-08,46.37404251098633
2015-06-09,46.37404251098633
2015-06-10,46.049747467041016
2015-06-11,46.049747467041016
2015-06-12,46.049747467041016
2015-06-15,46.049747467041016
2015-06-16,46.049747467041016
2015-06-17,46.69834899902344
2015-06-18,46.69834899902344
2015-06-19,46.37404251098633
2015-06-22,46.50376510620117
2015-06-23,46.69834899902344
2015-06-24,47.47665023803711
2015-06-25,47.217220306396484
2015-06-26,47.02263259887695
2015-06-29,47.02263259887695
2015-06-30,46.69834899902344
2015-07-01,47.02263259887695
2015-07-02,47.02263259887695
2015-07-06,47.02263259887695
2015-07-07,45.7254638671875
2015-07-08,44.88228988647461
2015-07-09,44.428287506103516
2015-07-10,45.40117645263672
2015-07-13,45.40117645263672
2015-07-14,45.206581115722656
2015-07-15,46.37404251098633
2015-07-16,46.69834899902344
2015-07-17,47.34693145751953
2015-07-20,48.319801330566406
2015-07-21,48.77382278442383
2015-07-22,48.90354537963867
2015-07-23,48.77382278442383
2015-07-24,46.11461639404297
2015-07-27,47.02263259887695
2015-07-28,46.11461639404297
2015-07-29,46.37404251098633
2015-07-30,46.3092041015625
2015-07-31,47.15236282348633
2015-08-03,46.56862258911133
2015-08-04,46.37404251098633
2015-08-05,47.9306640625
2015-08-06,48.19009780883789
2015-08-07,46.63349151611328
2015-08-10,46.95778274536133
2015-08-11,46.37404251098633
2015-08-12,45.336307525634766
2015-08-13,45.076873779296875
2015-08-14,45.01201629638672
2015-08-17,43.39053726196289
2015-08-18,40.861053466796875
2015-08-19,38.78555679321289
2015-08-20,39.758445739746094
2015-08-21,38.266693115234375
2015-08-24,36.3209342956543
2015-08-25,34.89404296875
2015-08-26,35.28318786621094
2015-08-27,35.21833801269531
2015-08-28,35.73720169067383
2015-08-31,36.51551055908203
2015-09-01,35.99662780761719
2015-09-02,36.12635803222656
2015-09-03,35.67234420776367
2015-09-04,35.67234420776367
2015-09-08,33.726585388183594
2015-09-09,34.18059539794922
2015-09-10,33.46715545654297
2015-09-11,31.84567642211914
2015-09-14,31.715965270996094
2015-09-15,30.807931900024414
2015-09-16,31.002511978149414
2015-09-17,30.87279510498047
2015-09-18,30.807931900024414
2015-09-21,30.743080139160156
2015-09-22,30.54849624633789
2015-09-23,29.056751251220703
2015-09-24,29.640480041503906
2015-09-25,28.343294143676758
2015-09-28,25.619232177734375
2015-09-29,25.359790802001953
2015-09-30,25.359790802001953
2015-10-01,23.932903289794922
2015-10-02,22.895160675048828
2015-10-05,23.997760772705078
2015-10-06,23.15460205078125
2015-10-07,22.635725021362305
2015-10-08,22.50600814819336
2015-10-09,22.70058822631836
2015-10-12,21.662843704223633
2015-10-13,21.079111099243164
2015-10-14,22.37629508972168
2015-10-15,22.246572494506836
2015-10-16,21.403411865234375
2015-10-19,20.884536743164062
2015-10-20,20.495384216308594
2015-10-21,20.171092987060547
2015-10-22,19.327924728393555
2015-10-23,18.74419403076172
2015-10-26,17.25244903564453
2015-10-27,15.825547218322754
2015-10-28,16.538997650146484
2015-10-29,15.955268859863281
2015-10-30,15.566117286682129
2015-11-02,15.955268859863281
2015-11-03,15.630974769592285
2015-11-04,14.009502410888672
2015-11-05,12.906903266906738
2015-11-06,12.647466659545898
2015-11-09,11.415151596069336
2015-11-10,10.442268371582031
2015-11-11,10.766562461853027
2015-11-12,11.090856552124023
2015-11-13,10.766562461853027
2015-11-16,11.869162559509277
2015-11-17,13.814926147460938
2015-11-18,12.323172569274902
2015-11-19,11.220572471618652
2015-11-20,10.766562461853027
2015-11-23,10.442268371582031
2015-11-24,10.701705932617188
2015-11-25,10.831421852111816
2015-11-27,10.961137771606445
2015-11-30,10.247692108154297
2015-12-01,10.831421852111816
2015-12-02,10.507128715515137
2015-12-03,10.961137771606445
2015-12-04,10.571986198425293
2015-12-07,10.377408027648926
2015-12-08,10.182832717895508
2015-12-09,10.507128715515137
2015-12-10,10.507128715515137
2015-12-11,10.117975234985352
2015-12-14,9.663962364196777
2015-12-15,9.339669227600098
2015-12-16,8.496503829956055
2015-12-17,7.653340816497803
2015-12-18,7.4587626457214355
2015-12-21,7.393903732299805
2015-12-22,7.58848237991333
2015-12-23,7.847917079925537
2015-12-24,9.923397064208984
2015-12-28,9.40452766418457
2015-12-29,9.14509391784668
2015-12-30,9.14509391784668
2015-12-31,9.663962364196777
2016-01-04,9.663962364196777
2016-01-05,9.923397064208984
2016-01-06,9.080233573913574
2016-01-07,7.653340816497803
2016-01-08,8.172209739685059
2016-01-11,7.718198776245117
2016-01-12,7.329046249389648
2016-01-13,6.875033378601074
2016-01-14,7.134469985961914
2016-01-15,6.550739765167236
2016-01-19,6.6804585456848145
2016-01-20,7.4587626457214355
2016-01-21,7.847917079925537
2016-01-22,7.7830586433410645
2016-01-25,7.393903732299805
2016-01-26,6.446966171264648
2016-01-27,6.485881805419922
2016-01-28,6.550739765167236
2016-01-29,6.550739765167236
2016-02-01,6.4210205078125
2016-02-02,6.0707831382751465
2016-02-03,6.057812213897705
2016-02-04,5.746490001678467
2016-02-05,5.512997627258301
2016-02-08,4.734692573547363
2016-02-09,3.8266704082489014
2016-02-10,3.1780824661254883
2016-02-11,3.236454963684082
2016-02-12,3.0548501014709473
2016-02-16,3.1975393295288086
2016-02-17,3.3661720752716064
2016-02-18,3.275369882583618
2016-02-19,3.249427080154419
2016-02-22,3.30780029296875
2016-02-23,3.30780029296875
2016-02-24,3.3013129234313965
2016-02-25,3.242940902709961
2016-02-26,3.8915293216705322
2016-02-29,4.553088188171387
2016-03-01,4.092591285705566
2016-03-02,4.215823173522949
2016-03-03,4.436342239379883
2016-03-04,5.188704013824463
2016-03-07,7.912773609161377
2016-03-08,7.523622035980225
2016-03-09,6.485881805419922
2016-03-10,6.0967278480529785
2016-03-11,5.441654205322266
2016-03-14,5.67514705657959
2016-03-15,5.266536235809326
2016-03-16,5.110874176025391
2016-03-17,4.682806968688965
2016-03-18,4.540116786956787
2016-03-21,4.540116786956787
2016-03-22,4.228795051574707
2016-03-23,4.0731329917907715
2016-03-24,3.93692946434021
2016-03-28,3.8266704082489014
2016-03-29,3.6969518661499023
2016-03-30,4.008274078369141
2016-03-31,4.150963306427002
2016-04-01,3.7747819423675537
2016-04-04,3.4115734100341797
2016-04-05,3.632093906402588
2016-04-06,3.463460922241211
2016-04-07,3.632093906402588
2016-04-08,3.632093906402588
2016-04-11,3.885042667388916
2016-04-12,3.8590993881225586
2016-04-13,3.794241189956665
2016-04-14,3.9563868045806885
2016-04-15,4.157449722290039
2016-04-18,4.604975700378418
2016-04-19,4.442829132080078
2016-04-20,4.540116786956787
2016-04-21,4.4558000564575195
2016-04-22,4.410398483276367
2016-04-25,4.734692573547363
2016-04-26,4.540116786956787
2016-04-27,4.7995524406433105
2016-04-28,5.83729362487793
2016-04-29,6.6804585456848145
2016-05-02,5.512997627258301
2016-05-03,5.0525007247924805
2016-05-04,5.084930896759033
2016-05-05,5.058987617492676
2016-05-06,4.994128227233887
2016-05-09,4.241765975952148
2016-05-10,3.8915293216705322
2016-05-11,3.8266704082489014
2016-05-12,3.567234992980957
2016-05-13,3.242940902709961
2016-05-16,3.1780824661254883
2016-05-17,3.405088186264038
2016-05-18,3.30780029296875
2016-05-19,3.3726589679718018
2016-05-20,3.18456768989563
2016-05-23,3.242940902709961
2016-05-24,3.1780824661254883
2016-05-25,3.30780029296875
2016-05-26,4.014760494232178
2016-05-27,3.8266704082489014
2016-05-31,3.722895622253418
2016-06-01,3.502375602722168
2016-06-02,3.567234992980957
2016-06-03,3.4245448112487793
2016-06-06,3.437516689300537
2016-06-07,3.30780029296875
2016-06-08,3.3726589679718018
2016-06-09,3.502375602722168
2016-06-10,3.8266704082489014
2016-06-13,3.8266704082489014
2016-06-14,3.6969518661499023
2016-06-15,3.502375602722168
2016-06-16,3.437516689300537
2016-06-17,3.567234992980957
2016-06-20,3.567234992980957
2016-06-21,3.6969518661499023
2016-06-22,3.6969518661499023
2016-06-23,3.8915293216705322
2016-06-24,3.742352247238159
2016-06-27,3.3402292728424072
2016-06-28,3.573720932006836
2016-06-29,3.4894039630889893
2016-06-30,3.6969518661499023
2016-07-01,4.423371315002441
2016-07-05,3.677495002746582
2016-07-06,3.437516689300537
2016-07-07,3.437516689300537
2016-07-08,3.8007259368896484
2016-07-11,3.9045004844665527
2016-07-12,4.345539569854736
2016-07-13,4.390940189361572
2016-07-14,4.254737854003906
2016-07-15,3.9239585399627686
2016-07-18,3.8915293216705322
2016-07-19,4.07961893081665
2016-07-20,3.9888172149658203
2016-07-21,4.57254695892334
2016-07-22,4.462286472320557
2016-07-25,4.118534564971924
2016-07-26,4.001789569854736
2016-07-27,3.9888172149658203
2016-07-28,3.885042667388916
2016-07-29,3.8072125911712646
2016-08-01,3.6904666423797607
2016-08-02,3.78126859664917
2016-08-03,3.732623815536499
2016-08-04,3.333742618560791
2016-08-05,3.4569742679595947
2016-08-08,3.320770263671875
2016-08-09,3.327256441116333
2016-08-10,3.3402292728424072
2016-08-11,3.242940902709961
2016-08-12,3.2040247917175293
2016-08-15,3.092467784881592
2016-08-16,2.6981265544891357
2016-08-17,2.5424654483795166
2016-08-18,2.626782178878784
2016-08-19,2.626782178878784
2016-08-22,2.4451775550842285
2016-08-23,2.574894666671753
2016-08-24,2.5943520069122314
2016-08-25,2.691640615463257
2016-08-26,3.18456768989563
2016-08-29,3.0483639240264893
2016-08-30,2.95756196975708
2016-08-31,2.96404767036438
2016-09-01,2.7046124935150146
2016-09-02,2.795414924621582
2016-09-06,2.7824435234069824
2016-09-07,3.015934467315674
2016-09-08,3.1456522941589355
2016-09-09,3.087280035018921
2016-09-12,3.2169971466064453
2016-09-13,3.002963066101074
2016-09-14,2.9381043910980225
2016-09-15,2.9316179752349854
2016-09-16,2.9964773654937744
2016-09-19,3.2169971466064453
2016-09-20,3.0483639240264893
2016-09-21,3.242940902709961
2016-09-22,3.113223075866699
2016-09-23,3.1780824661254883
2016-09-26,3.067821741104126
2016-09-27,3.113223075866699
2016-09-28,2.9835050106048584
2016-09-29,2.918646812438965
2016-09-30,2.9705333709716797
2016-10-03,2.905674934387207
2016-10-04,2.8278443813323975
2016-10-05,2.9251327514648438
2016-10-06,4.202850818634033
2016-10-07,3.9045004844665527
2016-10-10,3.62560772895813
2016-10-11,3.5931785106658936
2016-10-12,3.4699459075927734
2016-10-13,3.4440035820007324
2016-10-14,3.4764318466186523
2016-10-17,3.4764318466186523
2016-10-18,3.5412914752960205
2016-10-19,3.547776699066162
2016-10-20,3.4115734100341797
2016-10-21,3.495889902114868
2016-10-24,3.664523124694824
2016-10-25,3.7488393783569336
2016-10-26,3.9239585399627686
2016-10-27,4.1963653564453125
2016-10-28,4.014760494232178
2016-10-31,4.241765975952148
2016-11-01,3.8201844692230225
2016-11-02,3.677495002746582
2016-11-03,3.5802066326141357
2016-11-04,3.5996639728546143
2016-11-07,3.6191210746765137
2016-11-08,3.606149196624756
2016-11-09,3.7682971954345703
2016-11-10,4.507687568664551
2016-11-11,4.507687568664551
2016-11-14,5.350852966308594
2016-11-15,6.712886810302734
2016-11-16,7.491192817687988
2016-11-17,5.636229991912842
2016-11-18,5.9216084480285645
2016-11-21,5.843778133392334
2016-11-22,5.4221954345703125
2016-11-23,5.383281230926514
2016-11-25,5.162761211395264
2016-11-28,5.305450916290283
2016-11-29,5.817835330963135
2016-11-30,5.707575798034668
2016-12-01,5.707575798034668
2016-12-02,5.448140621185303
2016-12-05,5.182218551635742
2016-12-06,4.981156826019287
2016-12-07,5.104389190673828
2016-12-08,4.831981182098389
2016-12-09,4.650376796722412
2016-12-12,4.5855183601379395
2016-12-13,4.481743335723877
2016-12-14,4.384456157684326
2016-12-15,5.934581279754639
2016-12-16,5.415710926055908
2016-12-19,5.2405924797058105
2016-12-20,4.883869647979736
2016-12-21,4.669834613800049
2016-12-22,4.5855183601379395
2016-12-23,4.533630847930908
2016-12-27,4.650376796722412
2016-12-28,4.734692573547363
2016-12-29,4.734692573547363
2016-12-30,4.7865800857543945
2017-01-03,4.961698532104492
2017-01-04,5.318422794342041
2017-01-05,5.40273904800415
2017-01-06,4.981156826019287
2017-01-09,5.039529800415039
2017-01-10,5.03304386138916
2017-01-11,5.188704013824463
2017-01-12,5.2405924797058105
2017-01-13,5.759462356567383
2017-01-17,6.038355350494385
2017-01-18,6.29779052734375
2017-01-19,6.622084140777588
2017-01-20,6.959349632263184
2017-01-23,7.666311264038086
2017-01-24,6.991779804229736
2017-01-25,7.296617031097412
2017-01-26,6.900977611541748
2017-01-27,6.200501441955566
2017-01-30,6.01889705657959
2017-01-31,6.129158973693848
2017-02-01,5.973495006561279
2017-02-02,5.960524559020996
2017-02-03,6.090242385864258
2017-02-06,5.954039096832275
2017-02-07,5.79837703704834
2017-02-08,5.759462356567383
2017-02-09,5.92809534072876
2017-02-10,6.116188049316406
2017-02-13,6.414535999298096
2017-02-14,6.433994293212891
2017-02-15,6.395078659057617
2017-02-16,6.304276466369629
2017-02-17,6.401566028594971
2017-02-21,7.367961406707764
2017-02-22,7.705226898193359
2017-02-23,7.601451873779297
2017-02-24,7.367961406707764
2017-02-27,7.556051254272461
2017-02-28,7.510650634765625
2017-03-01,7.763600826263428
2017-03-02,7.543081760406494
2017-03-03,7.5301079750061035
2017-03-06,7.153927326202393
2017-03-07,6.84260368347168
2017-03-08,6.64154052734375
2017-03-09,6.60911226272583
2017-03-10,6.920436859130859
2017-03-13,7.406876564025879
2017-03-14,7.432819366455078
2017-03-15,7.679283618927002
2017-03-16,7.718198776245117
2017-03-17,7.9322333335876465
2017-03-20,8.100863456726074
2017-03-21,6.926921844482422
2017-03-22,6.991779804229736
2017-03-23,7.218786239624023
2017-03-24,7.290130138397217
2017-03-27,7.173383712768555
2017-03-28,7.834946155548096
2017-03-29,7.971147537231445
2017-03-30,8.282469749450684
2017-03-31,8.107351303100586
2017-04-03,7.724681377410889
2017-04-04,7.770085334777832
2017-04-05,7.802515983581543
2017-04-06,8.13978099822998
2017-04-07,9.339669227600098
2017-04-10,9.261837005615234
2017-04-11,9.099691390991211
2017-04-12,8.34732723236084
2017-04-13,8.49001693725586
2017-04-17,8.133295059204102
2017-04-18,8.113836288452148
2017-04-19,7.692255020141602
2017-04-20,7.4198479652404785
2017-04-21,7.491192817687988
2017-04-24,7.543081760406494
2017-04-25,8.036005973815918
2017-04-26,7.880344390869141
2017-04-27,7.698740005493164
2017-04-28,7.471733093261719
2017-05-01,7.264187812805176
2017-05-02,7.0631256103515625
2017-05-03,6.712886810302734
2017-05-04,6.29779052734375
2017-05-05,6.706400394439697
2017-05-08,6.667485237121582
2017-05-09,6.991779804229736
2017-05-10,6.952863693237305
2017-05-11,6.855576038360596
2017-05-12,6.732344150543213
2017-05-15,6.628571033477783
2017-05-16,6.524796009063721
2017-05-17,6.563712120056152
2017-05-18,6.382106781005859
2017-05-19,6.900977611541748
2017-05-22,6.648029327392578
2017-05-23,6.635056972503662
2017-05-24,6.518311023712158
2017-05-25,6.323733329772949
2017-05-26,6.693430423736572
2017-05-30,5.9864678382873535
2017-05-31,6.077270030975342
2017-06-01,6.219960689544678
2017-06-02,6.252389907836914
2017-06-05,6.174560070037842
2017-06-06,6.349676609039307
2017-06-07,6.291304588317871
2017-06-08,6.356164932250977
2017-06-09,6.524796009063721
2017-06-12,6.706400394439697
2017-06-13,6.64154052734375
2017-06-14,6.388593673706055
2017-06-15,6.1551008224487305
2017-06-16,6.103212833404541
2017-06-19,5.973495006561279
2017-06-20,5.83729362487793
2017-06-21,5.545428276062012
2017-06-22,5.6881184577941895
2017-06-23,6.01889705657959
2017-06-26,5.9994401931762695
2017-06-27,5.9864678382873535
2017-06-28,5.91512393951416
2017-06-29,5.973495006561279
2017-06-30,6.142130374908447
2017-07-03,6.252389907836914
2017-07-05,6.194015026092529
2017-07-06,5.869722843170166
2017-07-07,5.876208782196045
2017-07-10,5.856750965118408
2017-07-11,6.077270030975342
2017-07-12,6.395078659057617
2017-07-13,6.790719032287598
2017-07-14,7.0760955810546875
2017-07-17,7.01772403717041
2017-07-18,6.64154052734375
2017-07-19,6.836118221282959
2017-07-20,6.73883056640625
2017-07-21,6.6610002517700195
2017-07-24,6.563712120056152
2017-07-25,6.777745246887207
2017-07-26,6.531280517578125
2017-07-27,6.375621795654297
2017-07-28,6.388593673706055
2017-07-31,6.602625846862793
2017-08-01,6.75180196762085
2017-08-02,6.570196628570557
2017-08-03,6.45993709564209
2017-08-04,6.654512882232666
2017-08-07,7.393903732299805
2017-08-08,7.069611549377441
2017-08-09,7.0112385749816895
2017-08-10,7.192841529846191
2017-08-11,7.685770034790039
2017-08-14,8.16572380065918
2017-08-15,7.964663505554199
2017-08-16,8.055463790893555
2017-08-17,7.899802207946777
2017-08-18,8.036005973815918
2017-08-21,7.789543628692627
2017-08-22,8.113836288452148
2017-08-23,8.26301383972168
2017-08-24,8.327871322631836
2017-08-25,8.995916366577148
2017-08-28,8.885658264160156
2017-08-29,9.080233573913574
2017-08-30,9.034832000732422
2017-08-31,9.02186107635498
2017-09-01,9.080233573913574
2017-09-05,8.78836727142334
2017-09-06,8.995916366577148
2017-09-07,8.989434242248535
2017-09-08,8.879169464111328
2017-09-11,9.034832000732422
2017-09-12,8.632707595825195
2017-09-13,8.334356307983398
2017-09-14,8.340840339660645
2017-09-15,8.412187576293945
2017-09-18,8.567850112915039
2017-09-19,8.561362266540527
2017-09-20,8.567850112915039
2017-09-21,8.217611312866211
2017-09-22,8.146265983581543
2017-09-25,7.549563884735107
2017-09-26,7.607937335968018
2017-09-27,7.899802207946777
2017-09-28,7.627396106719971
2017-09-29,7.517137050628662
2017-10-02,7.484704494476318
2017-10-03,7.7311692237854
2017-10-04,7.692255020141602
2017-10-05,7.912773609161377
2017-10-06,7.8090009689331055
2017-10-09,7.439306735992432
2017-10-10,7.8414306640625
2017-10-11,7.744140148162842
2017-10-12,7.646852493286133
2017-10-13,7.87385892868042
2017-10-16,8.023036003112793
2017-10-17,8.042492866516113
2017-10-18,8.26301383972168
2017-10-19,8.16572380065918
2017-10-20,8.438132286071777
2017-10-23,8.126810073852539
2017-10-24,8.126810073852539
2017-10-25,7.770085334777832
2017-10-26,7.821971893310547
2017-10-27,7.796029567718506
2017-10-30,7.757114887237549
2017-10-31,7.789543628692627
2017-11-01,7.796029567718506
2017-11-02,7.504164218902588
2017-11-03,7.4782185554504395
2017-11-06,7.685770034790039
2017-11-07,7.3809332847595215
2017-11-08,7.192841529846191
2017-11-09,7.335531711578369
2017-11-10,7.264187812805176
2017-11-13,7.17987060546875
2017-11-14,6.479395866394043
2017-11-15,6.797203540802002
2017-11-16,6.583169460296631
2017-11-17,6.9139485359191895
2017-11-20,7.497678756713867
2017-11-21,7.290130138397217
2017-11-22,7.30958890914917
2017-11-24,7.387418270111084
2017-11-27,7.212298393249512
2017-11-28,7.361474990844727
2017-11-29,7.58848237991333
2017-11-30,7.374445915222168
2017-12-01,7.640368938446045
2017-12-04,7.834946155548096
2017-12-05,7.491192817687988
2017-12-06,7.491192817687988
2017-12-07,7.3809332847595215
2017-12-08,7.497678756713867
2017-12-11,7.789543628692627
2017-12-12,8.762426376342773
2017-12-13,8.360299110412598
2017-12-14,8.224098205566406
2017-12-15,8.353814125061035
2017-12-18,8.52893352508545
2017-12-19,8.412187576293945
2017-12-20,8.431646347045898
2017-12-21,8.840255737304688
2017-12-22,8.626224517822266
2017-12-26,8.658651351928711
2017-12-27,8.781880378723145
2017-12-28,8.794854164123535
2017-12-29,8.639195442199707
2018-01-02,8.606764793395996
2018-01-03,8.742966651916504
2018-01-04,9.086719512939453
2018-01-05,8.995916366577148
2018-01-08,8.82728385925293
2018-01-09,8.729996681213379
2018-01-10,8.619734764099121
2018-01-11,8.509475708007812
2018-01-12,9.248866081237793
2018-01-16,9.060774803161621
2018-01-17,9.086719512939453
2018-01-18,8.911600112915039
2018-01-19,8.982946395874023
2018-01-22,9.391555786132812
2018-01-23,9.14509391784668
2018-01-24,9.054290771484375
2018-01-25,9.190494537353516
2018-01-26,9.229408264160156
2018-01-29,8.885658264160156
2018-01-30,8.308414459228516
2018-01-31,8.438132286071777
2018-02-01,8.418673515319824
2018-02-02,8.16572380065918
2018-02-05,7.847917079925537
2018-02-06,8.146265983581543
2018-02-07,8.107351303100586
2018-02-08,7.925745010375977
2018-02-09,8.068437576293945
2018-02-12,8.34732723236084
2018-02-13,8.34732723236084
2018-02-14,8.405701637268066
2018-02-15,8.645679473876953
2018-02-16,8.736483573913574
2018-02-20,8.969972610473633
2018-02-21,8.853228569030762
2018-02-22,8.905115127563477
2018-02-23,8.742966651916504
2018-02-26,8.918086051940918
2018-02-27,8.879169464111328
2018-02-28,8.924572944641113
2018-03-01,9.067261695861816
2018-03-02,9.294268608093262
2018-03-05,9.6315336227417
2018-03-06,9.702876091003418
2018-03-07,9.38507080078125
2018-03-08,9.573160171508789
2018-03-09,9.592618942260742
2018-03-12,10.241205215454102
2018-03-13,10.033658981323242
2018-03-14,10.241205215454102
2018-03-15,9.871511459350586
2018-03-16,9.955829620361328
2018-03-19,9.962313652038574
2018-03-20,9.787196159362793
2018-03-21,10.059600830078125
2018-03-22,9.84556770324707
2018-03-23,9.514787673950195
2018-03-26,9.728822708129883
2018-03-27,9.650991439819336
2018-03-28,8.976460456848145
2018-03-29,9.222922325134277
2018-04-02,9.44992733001709
2018-04-03,9.313726425170898
2018-04-04,9.255353927612305
2018-04-05,9.566673278808594
2018-04-06,9.294268608093262
2018-04-09,9.158063888549805
2018-04-10,9.527759552001953
2018-04-11,9.579647064208984
2018-04-12,9.903940200805664
2018-04-13,10.053114891052246
2018-04-16,10.247692108154297
2018-04-17,10.286606788635254
2018-04-18,10.870336532592773
2018-04-19,10.915738105773926
2018-04-20,10.857366561889648
2018-04-23,10.857366561889648
2018-04-24,10.559014320373535
2018-04-25,10.662789344787598
2018-04-26,10.695219993591309
2018-04-27,10.81196403503418
2018-04-30,10.377408027648926
2018-05-01,10.429295539855957
2018-05-02,10.597929000854492
2018-05-03,10.837908744812012
2018-05-04,10.734131813049316
2018-05-07,11.064911842346191
2018-05-08,11.201115608215332
2018-05-09,11.557840347290039
2018-05-10,11.31137752532959
2018-05-11,11.687556266784668
2018-05-14,11.622699737548828
2018-05-15,11.590269088745117
2018-05-16,11.415151596069336
2018-05-17,11.499464988708496
2018-05-18,11.486495018005371
2018-05-21,11.53189754486084
2018-05-22,12.161025047302246
2018-05-23,11.979422569274902
2018-05-24,12.401002883911133
2018-05-25,11.83024787902832
2018-05-29,11.324345588684082
2018-05-30,12.063737869262695
2018-05-31,11.888618469238281
2018-06-01,12.173996925354004
2018-06-04,12.342633247375488
2018-06-05,12.31668758392334
2018-06-06,12.122111320495605
2018-06-07,12.783671379089355
2018-06-08,12.822587013244629
2018-06-11,12.69286823272705
2018-06-12,12.264800071716309
2018-06-13,11.85619068145752
2018-06-14,11.784845352172852
2018-06-15,10.773049354553223
2018-06-18,11.175168991088867
2018-06-19,11.330832481384277
2018-06-20,11.149229049682617
2018-06-21,10.818449974060059
2018-06-22,11.116800308227539
2018-06-25,10.747103691101074
2018-06-26,10.831421852111816
2018-06-27,10.370922088623047
2018-06-28,10.267149925231934
2018-06-29,10.053114891052246
2018-07-02,9.929884910583496
2018-07-03,10.29309368133545
2018-07-05,10.072572708129883
2018-07-06,10.033658981323242
2018-07-09,10.215263366699219
2018-07-10,10.338495254516602
2018-07-11,10.033658981323242
2018-07-12,9.84556770324707
2018-07-13,9.780710220336914
2018-07-16,9.411015510559082
2018-07-17,9.6315336227417
2018-07-18,10.234719276428223
2018-07-19,10.09203052520752
2018-07-20,9.741791725158691
2018-07-23,9.761251449584961
2018-07-24,9.767739295959473
2018-07-25,9.942855834960938
2018-07-26,9.767739295959473
2018-07-27,9.553704261779785
2018-07-30,9.417498588562012
2018-07-31,9.6315336227417
2018-08-01,9.540731430053711
2018-08-02,9.566673278808594
2018-08-03,9.44992733001709
2018-08-06,9.592618942260742
2018-08-07,9.560188293457031
2018-08-08,9.411015510559082
2018-08-09,9.00240421295166
2018-08-10,8.749452590942383
2018-08-13,8.554875373840332
2018-08-14,8.561362266540527
2018-08-15,8.172209739685059
2018-08-16,8.120322227478027
2018-08-17,8.464076042175293
2018-08-20,8.671623229980469
2018-08-21,9.015375137329102
2018-08-22,9.158063888549805
2018-08-23,8.982946395874023
2018-08-24,9.073747634887695
2018-08-27,9.112664222717285
2018-08-28,9.352642059326172
2018-08-29,9.320211410522461
2018-08-30,9.138607025146484
2018-08-31,8.905115127563477
2018-09-04,8.626224517822266
2018-09-05,8.301926612854004
2018-09-06,8.133295059204102
2018-09-07,8.094378471374512
2018-09-10,8.224098205566406
2018-09-11,8.399216651916504
2018-09-12,8.282469749450684
2018-09-13,8.13978099822998
2018-09-14,8.515961647033691
2018-09-17,8.379756927490234
2018-09-18,8.515961647033691
2018-09-19,8.626224517822266
2018-09-20,8.898630142211914
2018-09-21,8.833769798278809
2018-09-24,8.82728385925293
2018-09-25,8.885658264160156
2018-09-26,8.613251686096191
2018-09-27,8.781880378723145
2018-09-28,9.080233573913574
2018-10-01,9.488845825195312
2018-10-02,9.339669227600098
2018-10-03,9.501815795898438
2018-10-04,9.326696395874023
2018-10-05,9.359127044677734
2018-10-08,9.14509391784668
2018-10-09,9.02186107635498
2018-10-10,8.373270988464355
2018-10-11,8.074923515319824
2018-10-12,8.373270988464355
2018-10-15,8.275983810424805
2018-10-16,8.217611312866211
2018-10-17,7.899802207946777
2018-10-18,8.016548156738281
2018-10-19,7.893316745758057
2018-10-22,8.100863456726074
2018-10-23,7.646852493286133
2018-10-24,6.998266220092773
2018-10-25,7.205813407897949
2018-10-26,6.9788079261779785
2018-10-29,6.9658355712890625
2018-10-30,6.84260368347168
2018-10-31,7.147441864013672
2018-11-01,7.270672798156738
2018-11-02,7.335531711578369
2018-11-05,7.089069843292236
2018-11-06,7.121497631072998
2018-11-07,6.797203540802002
2018-11-08,6.6610002517700195
2018-11-09,6.7453179359436035
2018-11-12,6.550739765167236
2018-11-13,6.044841289520264
2018-11-14,5.746490001678467
2018-11-15,5.7270331382751465
2018-11-16,5.817835330963135
2018-11-19,5.655688762664795
2018-11-20,5.357337951660156
2018-11-21,5.6492018699646
2018-11-23,5.428683280944824
2018-11-26,5.623259544372559
2018-11-27,5.863235950469971
2018-11-28,5.720548152923584
2018-11-29,5.61677360534668
2018-11-30,5.415710926055908
2018-12-03,5.746490001678467
2018-12-04,5.493542194366455
2018-12-06,5.331394672393799
2018-12-07,5.247076988220215
2018-12-10,5.2859930992126465
2018-12-11,5.311935901641846
2018-12-12,5.324908256530762
2018-12-13,5.376794815063477
2018-12-14,5.201676368713379
2018-12-17,5.091416358947754
2018-12-18,5.117359638214111
2018-12-19,5.188704013824463
2018-12-20,4.819009780883789
2018-12-21,4.916297435760498
2018-12-24,4.890355110168457
2018-12-26,5.188704013824463
2018-12-27,5.026557445526123
2018-12-28,5.058987617492676
2018-12-31,5.117359638214111
2019-01-02,5.376794815063477
2019-01-03,5.441654205322266
2019-01-04,5.714061737060547
2019-01-07,6.01889705657959
2019-01-08,6.226446151733398
2019-01-09,6.02538537979126
2019-01-10,5.83729362487793
2019-01-11,5.733518123626709
2019-01-14,5.564887046813965
2019-01-15,5.383281230926514
2019-01-16,5.428683280944824
2019-01-17,5.48705530166626
2019-01-18,5.772433757781982
2019-01-22,5.357337951660156
2019-01-23,5.331394672393799
2019-01-24,5.454626083374023
2019-01-25,5.3378801345825195
2019-01-28,4.890355110168457
2019-01-29,4.708749294281006
2019-01-30,4.870895862579346
2019-01-31,4.780094146728516
2019-02-01,4.8968400955200195
2019-02-04,4.728207111358643
2019-02-05,4.825495719909668
2019-02-06,5.01358699798584
2019-02-07,4.7411789894104
2019-02-08,4.767122745513916
2019-02-11,4.825495719909668
2019-02-12,5.104389190673828
2019-02-13,5.097902297973633
2019-02-14,5.149789333343506
2019-02-15,5.370307922363281
2019-02-19,5.201676368713379
2019-02-20,5.143303394317627
2019-02-21,5.311935901641846
2019-02-22,5.454626083374023
2019-02-25,5.383281230926514
2019-02-26,5.441654205322266
2019-02-27,5.273021697998047
2019-02-28,5.279507160186768
2019-03-01,5.331394672393799
2019-03-04,5.441654205322266
2019-03-05,5.668658256530762
2019-03-06,5.584344387054443
2019-03-07,5.324908256530762
2019-03-08,5.091416358947754
2019-03-11,5.389766693115234
2019-03-12,5.564887046813965
2019-03-13,5.5778584480285645
2019-03-14,5.597314357757568
2019-03-15,5.5584001541137695
2019-03-18,5.551913738250732
2019-03-19,5.551913738250732
2019-03-20,5.4221954345703125
2019-03-21,5.415710926055908
2019-03-22,5.039529800415039
2019-03-25,5.130331993103027
2019-03-26,4.844953536987305
2019-03-27,4.734692573547363
2019-03-28,4.767122745513916
2019-03-29,4.838467121124268
2019-04-01,5.110874176025391
2019-04-02,5.007099628448486
2019-04-03,5.117359638214111
2019-04-04,5.253564357757568
2019-04-05,5.376794815063477
2019-04-08,5.4611124992370605
2019-04-09,5.512997627258301
2019-04-10,5.61677360534668
2019-04-11,5.538943290710449
2019-04-12,5.519484043121338
2019-04-15,5.48705530166626
2019-04-16,5.5584001541137695
2019-04-17,5.668658256530762
2019-04-18,5.623259544372559
2019-04-22,5.714061737060547
2019-04-23,5.979982376098633
2019-04-24,5.8502655029296875
2019-04-25,5.642715930938721
2019-04-26,5.752975940704346
2019-04-29,6.304276466369629
2019-04-30,6.550739765167236
2019-05-01,6.699915409088135
2019-05-02,6.453451633453369
2019-05-03,6.576683521270752
2019-05-06,6.343189716339111
2019-05-07,5.7270331382751465
2019-05-08,6.038355350494385
2019-05-09,5.6492018699646
2019-05-10,5.882693767547607
2019-05-13,5.454626083374023
2019-05-14,5.383281230926514
2019-05-15,5.590829849243164
2019-05-16,5.506512641906738
2019-05-17,5.273021697998047
2019-05-20,5.149789333343506
2019-05-21,5.104389190673828
2019-05-22,5.020071983337402
2019-05-23,4.909811496734619
2019-05-24,4.819009780883789
2019-05-28,4.857924461364746
2019-05-29,4.831981182098389
2019-05-30,4.780094146728516
2019-05-31,4.689291954040527
2019-06-03,4.890355110168457
2019-06-04,5.007099628448486
2019-06-05,4.903326034545898
2019-06-06,4.883869647979736
2019-06-07,5.026557445526123
2019-06-10,4.838467121124268
2019-06-11,4.890355110168457
2019-06-12,4.682806968688965
2019-06-13,4.851438045501709
2019-06-14,4.656863212585449
2019-06-17,4.734692573547363
2019-06-18,5.01358699798584
2019-06-19,5.227621078491211
2019-06-20,5.227621078491211
2019-06-21,5.097902297973633
2019-06-24,4.935755729675293
2019-06-25,4.95521354675293
2019-06-26,5.058987617492676
2019-06-27,5.318422794342041
2019-06-28,5.474084377288818
2019-07-01,5.642715930938721
2019-07-02,5.5713725090026855
2019-07-03,5.662172794342041
2019-07-05,6.401566028594971
2019-07-08,6.686943054199219
2019-07-09,6.888007164001465
2019-07-10,6.9658355712890625
2019-07-11,6.959349632263184
2019-07-12,7.0760955810546875
2019-07-15,6.9139485359191895
2019-07-16,6.8166608810424805
2019-07-17,6.479395866394043
2019-07-18,6.492367744445801
2019-07-19,6.75180196762085
2019-07-22,7.115010738372803
2019-07-23,6.939891815185547
2019-07-24,6.64154052734375
2019-07-25,6.388593673706055
2019-07-26,6.472909927368164
2019-07-29,6.3302202224731445
2019-07-30,6.291304588317871
2019-07-31,6.2394185066223145
2019-08-01,5.9864678382873535
2019-08-02,5.908636569976807
2019-08-05,5.512997627258301
2019-08-06,5.668658256530762
2019-08-07,5.519484043121338
2019-08-08,5.48705530166626
2019-08-09,5.273021697998047
2019-08-12,5.1757330894470215
2019-08-13,5.292478561401367
2019-08-14,5.1757330894470215
2019-08-15,5.117359638214111
2019-08-16,5.227621078491211
2019-08-19,5.538943290710449
2019-08-20,5.564887046813965
2019-08-21,5.7270331382751465
2019-08-22,5.6881184577941895
2019-08-23,5.545428276062012
2019-08-26,5.61677360534668
2019-08-27,5.6492018699646
2019-08-28,5.6492018699646
2019-08-29,5.79837703704834
2019-08-30,6.200501441955566
2019-09-03,6.245903968811035
2019-09-04,6.349676609039307
2019-09-05,6.524796009063721
2019-09-06,6.492367744445801
2019-09-09,6.6610002517700195
2019-09-10,6.686943054199219
2019-09-11,6.797203540802002
2019-09-12,6.855576038360596
2019-09-13,7.115010738372803
2019-09-16,6.86854887008667
2019-09-17,6.6156005859375
2019-09-18,6.563712120056152
2019-09-19,6.3302202224731445
2019-09-20,6.200501441955566
2019-09-23,6.291304588317871
2019-09-24,6.103212833404541
2019-09-25,6.122671127319336
2019-09-26,5.941066741943359
2019-09-27,6.0707831382751465
2019-09-30,5.967010021209717
2019-10-01,5.785406112670898
2019-10-02,5.67514705657959
2019-10-03,5.7918925285339355
2019-10-04,6.1097002029418945
2019-10-07,6.187530040740967
2019-10-08,6.02538537979126
2019-10-09,6.3302202224731445
2019-10-10,6.6610002517700195
2019-10-11,6.725858688354492
2019-10-14,6.557225704193115
2019-10-15,6.433994293212891
2019-10-16,6.6156005859375
2019-10-17,6.6156005859375
2019-10-18,6.511824607849121
2019-10-21,6.498854160308838
2019-10-22,6.453451633453369
2019-10-23,7.127984046936035
2019-10-24,7.1993279457092285
2019-10-25,6.8166608810424805
2019-10-28,6.9658355712890625
2019-10-29,7.037181854248047
2019-10-30,6.777745246887207
2019-10-31,6.408049583435059
2019-11-01,6.628571033477783
2019-11-04,6.888007164001465
2019-11-05,6.75180196762085
2019-11-06,6.4210205078125
2019-11-07,7.050152778625488
2019-11-08,7.413362979888916
2019-11-11,7.225271224975586
2019-11-12,7.361474990844727
2019-11-13,7.0631256103515625
2019-11-14,7.037181854248047
2019-11-15,7.0631256103515625
2019-11-18,7.043667316436768
2019-11-19,6.952863693237305
2019-11-20,6.952863693237305
2019-11-21,7.041306495666504
2019-11-22,7.027700424194336
2019-11-25,7.020897388458252
2019-11-26,7.0549116134643555
2019-11-27,7.1501569747924805
2019-11-29,7.143354892730713
2019-12-02,7.075322151184082
2019-12-03,6.823603630065918
2019-12-04,6.918849468231201
2019-12-05,6.803194046020508
2019-12-06,6.939258575439453
2019-12-09,6.952863693237305
2019-12-10,7.102534770965576
2019-12-11,6.980076789855957
2019-12-12,6.769176483154297
2019-12-13,6.605899810791016
2019-12-16,6.605899810791016
2019-12-17,6.5718841552734375
2019-12-18,6.85761833190918
2019-12-19,7.252203941345215
2019-12-20,7.293024063110352
2019-12-23,7.320235729217529
2019-12-24,7.320235729217529
2019-12-26,7.388269424438477
2019-12-27,7.211385726928711
2019-12-30,7.231795310974121
2019-12-31,7.2249932289123535
2020-01-02,7.0549116134643555
2020-01-03,7.007290363311768
2020-01-06,6.912044525146484
2020-01-07,7.102534770965576
2020-01-08,7.027700424194336
2020-01-09,6.905242443084717
2020-01-10,6.850816249847412
2020-01-13,6.721554756164551
2020-01-14,6.803194046020508
2020-01-15,6.721554756164551
2020-01-16,6.6535234451293945
2020-01-17,6.6263108253479
2020-01-21,6.388198375701904
2020-01-22,6.2181196212768555
2020-01-23,6.116070747375488
2020-01-24,5.939187526702881
2020-01-27,5.7146830558776855
2020-01-28,5.653453826904297
2020-01-29,5.680666923522949
2020-01-30,5.592226505279541
2020-01-31,5.354114055633545
2020-02-03,5.197640419006348
2020-02-04,5.367719650268555
2020-02-05,5.524193286895752
2020-02-06,5.476572036743164
2020-02-07,5.231656074523926
2020-02-10,5.184033393859863
2020-02-11,5.633042812347412
2020-02-12,5.626242160797119
2020-02-13,5.313294410705566
2020-02-14,5.306491851806641
2020-02-18,5.204442977905273
2020-02-19,5.422144889831543
2020-02-20,5.551406383514404
2020-02-21,5.3473100662231445
2020-02-24,5.122805595397949
2020-02-25,4.803054332733154
2020-02-26,4.72141695022583
2020-02-27,4.9391188621521
2020-02-28,5.224853038787842
2020-03-02,4.871086597442627
2020-03-03,4.857479572296143
2020-03-04,4.803054332733154
2020-03-05,4.708877086639404
2020-03-06,4.653069019317627
2020-03-09,4.067074775695801
2020-03-10,4.527498245239258
2020-03-11,4.436809062957764
2020-03-12,3.571770429611206
2020-03-13,3.9763851165771484
2020-03-16,3.236917495727539
2020-03-17,3.3764398097991943
2020-03-18,3.146228313446045
2020-03-19,3.74617338180542
2020-03-20,3.383416175842285
2020-03-23,3.453176498413086
2020-03-24,3.362487316131592
2020-03-25,3.2857506275177
2020-03-26,4.018242359161377
2020-03-27,3.892671585083008
2020-03-30,4.088003635406494
2020-03-31,4.47866678237915
2020-04-01,4.101954936981201
2020-04-02,4.03917121887207
2020-04-03,3.6624603271484375
2020-04-06,4.297286510467529
2020-04-07,3.9066245555877686
2020-04-08,3.704317569732666
2020-04-09,3.878718852996826
2020-04-13,3.9484806060791016
2020-04-14,4.3321661949157715
2020-04-15,4.199621200561523
2020-04-16,4.42285680770874
2020-04-17,4.506570339202881
2020-04-20,4.192645072937012
2020-04-21,3.997314929962158
2020-04-22,3.8856964111328125
2020-04-23,3.920577049255371
2020-04-24,3.9066245555877686
2020-04-27,4.053122043609619
2020-04-28,4.3112382888793945
2020-04-29,4.074051380157471
2020-04-30,4.067074775695801
2020-05-01,3.822911262512207
2020-05-04,3.822911262512207
2020-05-05,3.690364360809326
2020-05-06,3.557819128036499
2020-05-07,3.404344320297241
2020-05-08,3.7601258754730225
2020-05-11,3.4113199710845947
2020-05-12,3.2857506275177
2020-05-13,3.146228313446045
2020-05-14,3.188084125518799
2020-05-15,3.209104061126709
2020-05-18,3.4263148307800293
2020-05-19,3.2931859493255615
2020-05-20,3.4052951335906982
2020-05-21,3.3982882499694824
2020-05-22,3.3562474250793457
2020-05-26,3.335226535797119
2020-05-27,3.49638295173645
2020-05-28,3.3912813663482666
2020-05-29,3.307199716567993
2020-06-01,3.461348295211792
2020-06-02,3.7626399993896484
2020-06-03,4.5053582191467285
2020-06-04,4.547399044036865
2020-06-05,4.862704277038574
2020-06-08,5.030867099761963
2020-06-09,4.869710922241211
2020-06-10,4.771615505218506
2020-06-11,4.344202518463135
2020-06-12,4.554405212402344
2020-06-15,4.652501583099365
2020-06-16,4.8907318115234375
2020-06-17,4.869710922241211
2020-06-18,5.178008556365967
2020-06-19,4.960799217224121
2020-06-22,4.7365827560424805
2020-06-23,4.855698585510254
2020-06-24,4.554405212402344
2020-06-25,4.498353004455566
2020-06-26,4.204067707061768
2020-06-29,4.393250465393066
2020-06-30,4.400257110595703
2020-07-01,4.407264232635498
2020-07-02,4.421277046203613
2020-07-06,4.813657283782959
2020-07-07,4.46331787109375
2020-07-08,4.491345405578613
2020-07-09,4.218080997467041
2020-07-10,4.281141757965088
2020-07-13,4.176039218902588
2020-07-14,4.2250871658325195
2020-07-15,4.190053939819336
2020-07-16,4.218080997467041
2020-07-17,4.190053939819336
2020-07-20,4.176039218902588
2020-07-21,4.281141757965088
2020-07-22,4.246108055114746
2020-07-23,4.2601213455200195
2020-07-24,4.281141757965088
2020-07-27,4.379236698150635
2020-07-28,4.351208686828613
2020-07-29,4.904744625091553
2020-07-30,4.974812030792236
2020-07-31,4.757602691650391
2020-08-03,4.6665143966674805
2020-08-04,4.638488292694092
2020-08-05,4.722568988800049
2020-08-06,5.0028395652771
2020-08-07,4.925765514373779
2020-08-10,5.192023754119873
2020-08-11,5.40222692489624
2020-08-12,5.33215856552124
2020-08-13,5.3601861000061035
2020-08-14,5.521764755249023
2020-08-17,5.458537578582764
2020-08-18,5.289934158325195
2020-08-19,5.114306449890137
2020-08-20,5.0089287757873535
2020-08-21,4.882475852966309
2020-08-24,4.952727317810059
2020-08-25,5.0440545082092285
2020-08-26,4.98785400390625
2020-08-27,4.875452041625977
2020-08-28,5.030004501342773
2020-08-31,4.99487829208374
2020-09-01,4.629571437835693
2020-09-02,4.538244247436523
2020-09-03,4.36261510848999
2020-09-04,4.460968017578125
2020-09-08,4.5874199867248535
2020-09-09,4.573369979858398
2020-09-10,4.678746700286865
2020-09-11,4.847350120544434
2020-09-14,5.13538122177124
2020-09-15,5.01595401763916
2020-09-16,5.240757942199707
2020-09-17,5.2196831703186035
2020-09-18,5.1213297843933105
2020-09-21,4.64362096786499
2020-09-22,4.482043266296387
2020-09-23,4.475017070770264
2020-09-24,4.636595249176025
2020-09-25,4.6927971839904785
2020-09-28,4.727923393249512
2020-09-29,4.756022930145264
2020-09-30,4.847350120544434
2020-10-01,5.114306449890137
2020-10-02,5.458537578582764
2020-10-05,5.648216247558594
2020-10-06,5.472587585449219
2020-10-07,5.226707935333252
2020-10-08,5.402337074279785
2020-10-09,5.261834144592285
2020-10-12,5.226707935333252
2020-10-13,5.13538122177124
2020-10-14,5.2196831703186035
2020-10-15,5.303985118865967
2020-10-16,5.142405986785889
2020-10-19,5.058104515075684
2020-10-20,5.191582202911377
2020-10-21,5.163481712341309
2020-10-22,5.226707935333252
2020-10-23,5.339110851287842
2020-10-26,5.1213297843933105
2020-10-27,5.051079273223877
2020-10-28,4.6225457191467285
2020-10-29,4.629571437835693
2020-10-30,4.538244247436523
2020-11-02,4.594444751739502
2020-11-03,4.594444751739502
2020-11-04,4.573369979858398
2020-11-05,4.538244247436523
2020-11-06,4.615520477294922
2020-11-09,4.917601585388184
2020-11-10,4.896526336669922
2020-11-11,4.847350120544434
2020-11-12,4.784124374389648
2020-11-13,4.910575866699219
2020-11-16,5.100799083709717
2020-11-17,5.065572261810303
2020-11-18,5.21352481842041
2020-11-19,5.206479072570801
2020-11-20,5.21352481842041
2020-11-23,5.6432881355285645
2020-11-24,5.199434757232666
2020-11-25,5.093754768371582
2020-11-27,5.312159061431885
2020-11-30,5.312159061431885
2020-12-01,5.05852746963501
2020-12-02,4.988074779510498
2020-12-03,5.157163143157959
2020-12-04,5.586925983428955
2020-12-07,5.431929111480713
2020-12-08,5.495336532592773
2020-12-09,5.431929111480713
2020-12-10,5.558745384216309
2020-12-11,5.21352481842041
2020-12-14,5.192388534545898
2020-12-15,5.2205705642700195
2020-12-16,5.21352481842041
2020-12-17,5.107845783233643
2020-12-18,5.065572261810303
2020-12-21,5.150116443634033
2020-12-22,5.051482677459717
2020-12-23,5.150116443634033
2020-12-24,5.100799083709717
2020-12-28,5.037391662597656
2020-12-29,5.037391662597656
2020-12-30,5.044437408447266
2020-12-31,5.185343265533447
2021-01-04,5.340339183807373
2021-01-05,5.558745384216309
2021-01-06,5.692605018615723
2021-01-07,5.896919250488281
2021-01-08,5.988508224487305
2021-01-11,5.812375545501709
2021-01-12,5.763059139251709
2021-01-13,5.720785140991211
2021-01-14,5.756012439727783
2021-01-15,5.784194469451904
2021-01-19,6.305546760559082
2021-01-20,6.256229400634766
2021-01-21,6.115323066711426
2021-01-22,6.129414081573486
2021-01-25,5.896919250488281
2021-01-26,5.671469211578369
2021-01-27,5.298068046569824
2021-01-28,5.26284122467041
2021-01-29,5.5728349685668945
2021-02-01,5.601015567779541
2021-02-02,5.678515434265137
2021-02-03,5.748966693878174
2021-02-04,5.6432881355285645
2021-02-05,5.826466083526611
2021-02-08,5.763059139251709
2021-02-09,6.15054988861084
2021-02-10,6.270320892333984
2021-02-11,6.509860038757324
2021-02-12,7.284843921661377
2021-02-16,7.34120512008667
2021-02-17,7.270753860473633
2021-02-18,6.9043965339660645
2021-02-19,7.165071964263916
2021-02-22,7.313024997711182
2021-02-23,6.981896877288818
2021-02-24,7.20029878616333
2021-02-25,7.446885108947754
2021-02-26,7.397568225860596
2021-03-01,7.214390277862549
2021-03-02,7.524384021759033
2021-03-03,7.961193561553955
2021-03-04,7.77801513671875
2021-03-05,8.003464698791504
2021-03-08,8.271186828613281
2021-03-09,7.7560014724731445
2021-03-10,7.798346519470215
2021-03-11,8.278243064880371
2021-03-12,8.207670211791992
2021-03-15,8.320587158203125
2021-03-16,7.890091419219971
2021-03-17,8.257071495056152
2021-03-18,8.186498641967773
2021-03-19,8.581708908081055
2021-03-22,8.313529968261719
2021-03-23,7.261988162994385
2021-03-24,7.261988162994385
2021-03-25,7.51605224609375
2021-03-26,7.410191535949707
2021-03-29,7.085555553436279
2021-03-30,7.099669933319092
2021-03-31,7.113783359527588
2021-04-01,7.219642639160156
2021-04-05,7.113783359527588
2021-04-06,7.374906063079834
2021-04-07,7.628968715667725
2021-04-08,7.628968715667725
2021-04-09,7.664255142211914
2021-04-12,7.544281959533691
2021-04-13,7.3396196365356445
2021-04-14,7.861861705780029
2021-04-15,7.995952129364014
2021-04-16,8.292359352111816
2021-04-19,8.90634536743164
2021-04-20,8.786372184753418
2021-04-21,9.703824043273926
2021-04-22,9.668539047241211
2021-04-23,9.880255699157715
2021-04-26,9.972001075744629
2021-04-27,10.042573928833008
2021-04-28,10.381325721740723
2021-04-29,10.515416145324707
2021-04-30,10.82593822479248
2021-05-03,11.686932563781738
2021-05-04,11.489327430725098
2021-05-05,11.235262870788574
2021-05-06,11.432868003845215
2021-05-07,11.566956520080566
2021-05-10,11.531669616699219
2021-05-11,11.348179817199707
2021-05-12,10.635391235351562
2021-05-13,10.840052604675293
2021-05-14,10.783408164978027
2021-05-17,10.896695137023926
2021-05-18,11.519768714904785
2021-05-19,11.328597068786621
2021-05-20,11.342758178710938
2021-05-21,11.866707801818848
2021-05-24,11.923348426818848
2021-05-25,10.939177513122559
2021-05-26,10.818809509277344
2021-05-27,11.073704719543457
2021-05-28,11.186989784240723
2021-06-01,11.817145347595215
2021-06-02,11.321516990661621
2021-06-03,11.236554145812988
2021-06-04,11.144508361816406
2021-06-07,11.647215843200684
2021-06-08,11.505606651306152
2021-06-09,12.32693099975586
2021-06-10,12.702190399169922
2021-06-11,13.304022789001465
2021-06-14,12.82255744934082
2021-06-15,12.935840606689453
2021-06-16,13.743006706237793
2021-06-17,13.11993408203125
2021-06-18,13.063289642333984
2021-06-21,13.374824523925781
2021-06-22,13.481030464172363
2021-06-23,13.551836013793945
2021-06-24,14.167825698852539
2021-06-25,13.934176445007324
2021-06-28,12.992487907409668
2021-06-29,13.105772972106934
2021-06-30,13.367745399475098
2021-07-01,12.751753807067871
2021-07-02,12.659708023071289
2021-07-06,12.794235229492188
2021-07-07,12.89336109161377
2021-07-08,12.53934383392334
2021-07-09,13.034969329833984
2021-07-12,13.077448844909668
2021-07-13,12.546422004699707
2021-07-14,12.496861457824707
2021-07-15,12.709274291992188
2021-07-16,11.427721977233887
2021-07-19,11.279035568237305
2021-07-20,11.526848793029785
2021-07-21,12.348174095153809
2021-07-22,12.447298049926758
2021-07-23,12.418977737426758
2021-07-26,12.86503791809082
2021-07-27,12.475616455078125
2021-07-28,12.617225646972656
2021-07-29,12.80131721496582
2021-07-30,12.426057815551758
2021-08-02,12.56766414642334
2021-08-03,12.440218925476074
2021-08-04,12.142844200134277
2021-08-05,12.744671821594238
2021-08-06,12.284446716308594
2021-08-09,11.994154930114746
2021-08-10,12.794235229492188
2021-08-11,13.52351188659668
2021-08-12,12.744671821594238
2021-08-13,12.744671821594238
2021-08-16,12.637873649597168
2021-08-17,12.531075477600098
2021-08-18,12.466997146606445
2021-08-19,11.989959716796875
2021-08-20,12.203556060791016
2021-08-23,12.766033172607422
2021-08-24,13.399709701538086
2021-08-25,13.784181594848633
2021-08-26,14.004897117614746
2021-08-27,14.53177547454834
2021-08-30,14.403617858886719
2021-08-31,13.876741409301758
2021-09-01,13.983538627624512
2021-09-02,14.282576560974121
2021-09-03,14.346654891967773
2021-09-07,14.346654891967773
2021-09-08,13.755703926086426
2021-09-09,14.36801528930664
2021-09-10,14.353776931762695
2021-09-13,15.10848617553711
2021-09-14,14.65993595123291
2021-09-15,15.208168029785156
2021-09-16,15.2010498046875
2021-09-17,14.617217063903809
2021-09-20,12.523955345153809
2021-09-21,12.45275592803955
2021-09-22,13.065069198608398
2021-09-23,13.150507926940918
2021-09-24,13.52786636352539
2021-09-27,13.905220985412598
2021-09-28,13.819784164428711
2021-09-29,13.520746231079102
2021-09-30,14.332418441772461
2021-10-01,14.574495315551758
2021-10-04,13.470907211303711
2021-10-05,14.197135925292969
2021-10-06,14.061861991882324
2021-10-07,13.691622734069824
2021-10-08,13.599063873291016
2021-10-11,13.570584297180176
2021-10-12,13.378347396850586
2021-10-13,13.292908668518066
2021-10-14,12.203556060791016
2021-10-15,12.217799186706543
2021-10-18,12.879953384399414
2021-10-19,12.958271026611328
2021-10-20,12.908432960510254
2021-10-21,12.523955345153809
2021-10-22,12.48835563659668
2021-10-25,12.602274894714355
2021-10-26,12.139477729797363
2021-10-27,11.655324935913086
2021-10-28,11.968599319458008
2021-10-29,12.2249174118042
2021-11-01,12.24627685546875
2021-11-02,11.584124565124512
2021-11-03,11.641083717346191
2021-11-04,11.897401809692383
2021-11-05,11.256608963012695
2021-11-08,11.484445571899414
2021-11-09,11.5912446975708
2021-11-10,11.128448486328125
2021-11-11,11.313567161560059
2021-11-12,11.112309455871582
2021-11-15,10.724169731140137
2021-11-16,10.113207817077637
2021-11-17,10.077269554138184
2021-11-18,10.134770393371582
2021-11-19,10.077269554138184
2021-11-22,10.199460983276367
2021-11-23,10.141960144042969
2021-11-24,10.580413818359375
2021-11-26,10.451034545898438
2021-11-29,11.21293830871582
2021-11-30,11.076369285583496
2021-12-01,10.350403785705566
2021-12-02,11.00449275970459
2021-12-03,10.824798583984375
2021-12-06,11.292003631591797
2021-12-07,11.471698760986328
2021-12-08,11.593889236450195
2021-12-09,11.349505424499512
2021-12-10,11.162623405456543
2021-12-13,10.875112533569336
2021-12-14,10.321654319763184
2021-12-15,10.60197639465332
2021-12-16,10.51572322845459
2021-12-17,10.659478187561035
2021-12-20,10.55166244506836
2021-12-21,10.767294883728027
2021-12-22,10.88948917388916
2021-12-23,10.97574234008789
2021-12-27,10.93261432647705
2021-12-28,10.925427436828613
2021-12-29,11.126687049865723
2021-12-30,11.155437469482422
2021-12-31,11.500450134277344
2022-01-03,11.82390022277832
2022-01-04,11.874215126037598
2022-01-05,11.514825820922852
2022-01-06,11.371068954467773
2022-01-07,11.49326229095459
2022-01-10,11.349505424499512
2022-01-11,11.658580780029297
2022-01-12,11.54357624053955
2022-01-13,11.169811248779297
2022-01-14,11.82390022277832
2022-01-18,11.363883018493652
2022-01-19,11.28481674194336
2022-01-20,11.026056289672852
2022-01-21,10.300089836120605
2022-01-24,10.292902946472168
2022-01-25,10.537285804748535
2022-01-26,10.415095329284668
2022-01-27,10.91823959350586
2022-01-28,11.378256797790527
2022-01-31,11.184187889099121
2022-02-01,11.795148849487305
2022-02-02,11.622639656066895
2022-02-03,11.277628898620605
2022-02-04,11.730459213256836
2022-02-07,12.22641658782959
2022-02-08,12.190478324890137
2022-02-09,12.729558944702148
2022-02-10,13.038634300231934
2022-02-11,12.858941078186035
2022-02-14,12.75831127166748
2022-02-15,13.031447410583496
2022-02-16,13.117700576782227
2022-02-17,13.721473693847656
2022-02-18,13.49146556854248
2022-02-22,14.325249671936035
2022-02-23,14.059297561645508
2022-02-24,13.505841255187988
2022-02-25,14.303682327270508
2022-02-28,13.858038902282715
2022-03-01,14.303682327270508
2022-03-02,15.029648780822754
2022-03-03,14.83558177947998
2022-03-04,14.806828498840332
2022-03-07,14.91464614868164
2022-03-08,15.367475509643555
2022-03-09,15.28585433959961
2022-03-10,15.849796295166016
2022-03-11,15.575244903564453
2022-03-14,14.477038383483887
2022-03-15,14.17280387878418
2022-03-16,14.491875648498535
2022-03-17,14.93709945678711
2022-03-18,15.389737129211426
2022-03-21,15.91657829284668
2022-03-22,15.827537536621094
2022-03-23,17.31901741027832
2022-03-24,17.200294494628906
2022-03-25,17.704875946044922
2022-03-28,17.474842071533203
2022-03-29,17.252233505249023
2022-03-30,17.155771255493164
2022-03-31,17.526790618896484
2022-04-01,17.60099220275879
2022-04-04,16.473102569580078
2022-04-05,16.435998916625977
2022-04-06,15.864633560180664
2022-04-07,16.161447525024414
2022-04-08,16.39889907836914
2022-04-11,15.708810806274414
2022-04-12,16.109508514404297
2022-04-13,16.844120025634766
2022-04-14,18.283660888671875
2022-04-18,18.96632957458496
2022-04-19,19.02568817138672
2022-04-20,18.81792449951172
2022-04-21,17.823598861694336
2022-04-22,17.511947631835938
2022-04-25,15.486201286315918
2022-04-26,15.716229438781738
2022-04-27,17.081571578979492
2022-04-28,16.844120025634766
2022-04-29,16.346956253051758
2022-05-02,16.265336990356445
2022-05-03,16.925743103027344
2022-05-04,17.34128189086914
2022-05-05,17.244813919067383
2022-05-06,16.747652053833008
2022-05-09,15.30069637298584
2022-05-10,15.990778923034668
2022-05-11,16.35437774658203
2022-05-12,15.872058868408203
2022-05-13,16.04926872253418
2022-05-16,16.912216186523438
2022-05-17,16.81205177307129
2022-05-18,16.519268035888672
2022-05-19,17.10483741760254
2022-05-20,17.45926284790039
2022-05-23,19.61663055419922
2022-05-24,18.900074005126953
2022-05-25,19.177452087402344
2022-05-26,19.43170928955078
2022-05-27,19.40089225769043
2022-05-31,19.45482635498047
2022-06-01,19.770729064941406
2022-06-02,19.639741897583008
2022-06-03,20.263837814331055
2022-06-06,20.564329147338867
2022-06-07,20.74924659729004
2022-06-08,18.376140594482422
2022-06-09,17.413034439086914
2022-06-10,17.205005645751953
2022-06-13,16.10320472717285
2022-06-14,16.28041648864746
2022-06-15,16.226476669311523
2022-06-16,15.664026260375977
2022-06-17,15.748777389526367
2022-06-21,15.764187812805176
2022-06-22,14.677799224853516
2022-06-23,14.31567096710205
2022-06-24,14.153871536254883
2022-06-27,15.34041976928711
2022-06-28,15.147797584533691
2022-06-29,14.978292465209961
2022-06-30,14.885831832885742
2022-07-01,13.945837020874023
2022-07-05,13.599115371704102
2022-07-06,12.720760345458984
2022-07-07,13.067479133605957
2022-07-08,13.028955459594727
2022-07-11,12.813216209411621
2022-07-12,12.474204063415527
2022-07-13,12.574366569519043
2022-07-14,12.61289119720459
2022-07-15,13.11370849609375
2022-07-18,13.668461799621582
2022-07-19,14.408129692077637
2022-07-20,14.49288272857666
2022-07-21,14.724028587341309
2022-07-22,14.24632740020752
2022-07-25,14.331082344055176
2022-07-26,14.408129692077637
2022-07-27,14.978292465209961
2022-07-28,14.839603424072266
2022-07-29,14.855010032653809
2022-08-01,15.286487579345703
2022-08-02,14.777961730957031
2022-08-03,14.569931030273438
2022-08-04,13.491250038146973
2022-08-05,13.445018768310547
2022-08-08,13.398789405822754
2022-08-09,13.475836753845215
2022-08-10,13.537476539611816
2022-08-11,13.468131065368652
2022-08-12,13.591411590576172
2022-08-15,12.822236061096191
2022-08-16,12.59227466583252
2022-08-17,12.449542045593262
2022-08-18,12.608136177062988
2022-08-19,12.362317085266113
2022-08-22,12.409893989562988
2022-08-23,12.544699668884277
2022-08-24,12.251301765441895
2022-08-25,12.14821720123291
2022-08-26,11.870678901672363
2022-08-29,11.712087631225586
2022-08-30,10.863614082336426
2022-08-31,10.87154483795166
2022-09-01,11.109432220458984
2022-09-02,11.109432220458984
2022-09-06,10.879474639892578
2022-09-07,10.522640228271484
2022-09-08,10.768458366394043
2022-09-09,11.101503372192383
2022-09-12,11.331464767456055
2022-09-13,11.212518692016602
2022-09-14,11.172870635986328
2022-09-15,11.180798530578613
2022-09-16,10.530569076538086
2022-09-19,10.403693199157715
2022-09-20,11.141152381896973
2022-09-21,10.720880508422852
2022-09-22,10.506780624389648
2022-09-23,9.999281883239746
2022-09-26,9.563151359558105
2022-09-27,9.745532989501953
2022-09-28,9.856549263000488
2022-09-29,9.61072826385498
2022-09-30,9.935846328735352
2022-10-03,10.451272964477539
2022-10-04,10.705020904541016
2022-10-05,10.84775447845459
2022-10-06,11.030135154724121
2022-10-07,11.030135154724121
2022-10-10,10.522640228271484
2022-10-11,10.72881031036377
2022-10-12,10.903263092041016
2022-10-13,11.093573570251465
2022-10-14,11.12529182434082
2022-10-17,10.966699600219727
2022-10-18,11.418688774108887
2022-10-19,10.998418807983398
2022-10-20,10.697091102600098
2022-10-21,10.982560157775879
2022-10-24,11.014278411865234
2022-10-25,11.220447540283203
2022-10-26,10.966699600219727
2022-10-27,10.59400463104248
2022-10-28,10.64951229095459
2022-10-31,10.625723838806152
2022-11-01,11.180798530578613
2022-11-02,10.919121742248535
2022-11-03,10.863614082336426
2022-11-04,11.743805885314941
2022-11-07,11.61693000793457
2022-11-08,11.69622802734375
2022-11-09,11.260095596313477
2022-11-10,12.060990333557129
2022-11-11,12.782588958740234
2022-11-14,12.822236061096191
2022-11-15,12.853954315185547
2022-11-16,12.417825698852539
2022-11-17,12.520909309387207
2022-11-18,11.91196346282959
2022-11-21,12.00372314453125
2022-11-22,11.936991691589355
2022-11-23,12.14553165435791
2022-11-25,12.387444496154785
2022-11-28,12.078797340393066
2022-11-29,12.203925132751465
2022-11-30,12.370759010314941
2022-12-01,12.045432090759277
2022-12-02,12.253973960876465
2022-12-05,12.19558334350586
2022-12-06,12.078797340393066
2022-12-07,11.8535737991333
2022-12-08,12.187241554260254
2022-12-09,12.26231575012207
2022-12-12,12.237292289733887
2022-12-13,12.31236743927002
2022-12-14,12.203925132751465
2022-12-15,12.379101753234863
2022-12-16,12.21226692199707
2022-12-19,11.720105171203613
2022-12-20,12.504225730895996
2022-12-21,13.071463584899902
2022-12-22,12.821210861206055
2022-12-23,12.971363067626953
2022-12-27,12.887945175170898
2022-12-28,12.61266803741455
2022-12-29,12.779502868652344
2022-12-30,12.812870025634766
2023-01-03,12.570959091186523
2023-01-04,12.395783424377441
2023-01-05,12.520910263061523
2023-01-06,12.904627799987793
2023-01-09,12.904627799987793
2023-01-10,13.171565055847168
2023-01-11,13.163222312927246
2023-01-12,13.3467378616333
2023-01-13,13.455181121826172
2023-01-17,13.905632972717285
2023-01-18,13.77216625213623
2023-01-19,13.705432891845703
2023-01-20,14.581311225891113
2023-01-23,14.347745895385742
2023-01-24,14.180912017822266
2023-01-25,14.214278221130371
2023-01-26,14.406137466430664
2023-01-27,14.93166446685791
2023-01-30,15.00673770904541
2023-01-31,15.131865501403809
2023-02-01,15.056790351867676
2023-02-02,14.856589317321777
2023-02-03,14.664728164672852
2023-02-06,14.59799575805664
2023-02-07,15.073474884033203
2023-02-08,15.465533256530762
2023-02-09,15.32373046875
2023-02-10,15.273674964904785
2023-02-13,15.382118225097656
2023-02-14,15.582316398620605
2023-02-15,15.56563663482666
2023-02-16,15.348751068115234
2023-02-17,15.065130233764648
2023-02-21,15.165231704711914
2023-02-22,15.407143592834473
2023-02-23,16.42483139038086
2023-02-24,15.957694053649902
2023-02-27,16.17458152770996
2023-02-28,15.890962600708008
2023-03-01,16.283021926879883
2023-03-02,16.308048248291016
2023-03-03,16.333070755004883
2023-03-06,15.691048622131348
2023-03-07,15.42568302154541
2023-03-08,15.699609756469727
2023-03-09,14.723735809326172
2023-03-10,14.518284797668457
2023-03-13,14.004668235778809
2023-03-14,14.398442268371582
2023-03-15,13.824899673461914
2023-03-16,13.593771934509277
2023-03-17,12.91750717163086
2023-03-20,12.95174789428711
2023-03-21,13.354084968566895
2023-03-22,13.131514549255371
2023-03-23,13.182876586914062
2023-03-24,13.37976360321045
2023-03-27,13.19999885559082
2023-03-28,13.063035011291504
2023-03-29,13.285601615905762
2023-03-30,13.1058349609375
2023-03-31,13.405445098876953
2023-04-03,13.131514549255371
2023-04-04,13.122957229614258
2023-04-05,12.943188667297363
2023-04-06,12.643577575683594
2023-04-10,13.080154418945312
2023-04-11,13.345523834228516
2023-04-12,13.456809043884277
2023-04-13,13.79065990447998
2023-04-14,13.9533052444458
2023-04-17,14.227235794067383
2023-04-18,14.26147747039795
2023-04-19,13.859142303466797
2023-04-20,13.824899673461914
2023-04-21,13.345523834228516
2023-04-24,13.628013610839844
2023-04-25,13.242799758911133
2023-04-26,13.011672973632812
2023-04-27,13.174317359924316
2023-04-28,13.191436767578125
2023-05-01,12.729180335998535
2023-05-02,12.22412109375
2023-05-03,12.155640602111816
2023-05-04,11.214006423950195
2023-05-05,11.898831367492676
2023-05-08,12.010114669799805
2023-05-09,12.22412109375
2023-05-10,12.21556282043457
2023-05-11,12.207003593444824
2023-05-12,11.975874900817871
2023-05-15,12.097016334533691
2023-05-16,11.872037887573242
2023-05-17,12.053751945495605
2023-05-18,11.984528541564941
2023-05-19,11.854731559753418
2023-05-22,11.698974609375
2023-05-23,11.482648849487305
2023-05-24,11.214402198791504
2023-05-25,10.94615650177002
2023-05-26,10.894238471984863
2023-05-30,11.110565185546875
2023-05-31,10.738482475280762
2023-06-01,11.240360260009766
2023-06-02,11.768199920654297
2023-06-05,11.932608604431152
2023-06-06,12.019140243530273
2023-06-07,12.036445617675781
2023-06-08,12.097016334533691
2023-06-09,12.088364601135254
2023-06-12,12.13162899017334
2023-06-13,12.045096397399902
2023-06-14,12.33065128326416
2023-06-15,12.477753639221191
2023-06-16,12.425834655761719
2023-06-20,12.373917579650879
2023-06-21,12.373917579650879
2023-06-22,12.408529281616211
2023-06-23,12.097016334533691
2023-06-26,11.820117950439453
2023-06-27,11.664362907409668
2023-06-28,11.77685260772705
2023-06-29,12.019140243530273
2023-06-30,12.14028263092041
2023-07-03,11.993179321289062
2023-07-05,12.148935317993164
2023-07-06,11.69032096862793
2023-07-07,11.880690574645996
2023-07-10,11.603790283203125
2023-07-11,11.794159889221191
2023-07-12,11.915302276611328
2023-07-13,11.941263198852539
2023-07-14,11.716280937194824
2023-07-17,11.759546279907227
2023-07-18,11.716280937194824
2023-07-19,11.759546279907227
2023-07-20,11.863383293151855
2023-07-21,11.603790283203125
2023-07-24,11.595138549804688
2023-07-25,11.889342308044434
2023-07-26,12.079710006713867
2023-07-27,12.001832962036133
2023-07-28,12.546977043151855
2023-07-31,12.546977043151855
2023-08-01,12.434486389160156
2023-08-02,12.174894332885742
2023-08-03,12.607549667358398
2023-08-04,12.062403678894043
2023-08-07,12.122974395751953
2023-08-08,12.07105827331543
2023-08-09,12.425834655761719
2023-08-10,12.33930492401123
2023-08-11,12.356607437133789
2023-08-14,12.183547973632812
2023-08-15,12.183547973632812
2023-08-16,12.271010398864746
2023-08-17,12.428444862365723
2023-08-18,12.305994987487793
2023-08-21,12.06984806060791
2023-08-22,12.034862518310547
2023-08-23,12.157309532165527
2023-08-24,11.781220436096191
2023-08-25,11.693757057189941
2023-08-28,11.903667449951172
2023-08-29,12.122323036193848
2023-08-30,12.026115417480469
2023-08-31,11.956146240234375
2023-09-01,12.078594207763672
2023-09-05,11.851190567016602
2023-09-06,11.886175155639648
2023-09-07,11.702503204345703
2023-09-08,12.0873384475708
2023-09-11,11.89492130279541
2023-09-12,11.75498104095459
2023-09-13,11.711250305175781
2023-09-14,12.113579750061035
2023-09-15,11.991129875183105
2023-09-18,11.632533073425293
2023-09-19,11.676264762878418
2023-09-20,11.667520523071289
2023-09-21,11.606295585632324
2023-09-22,11.789965629577637
2023-09-25,11.973637580871582
2023-09-26,12.0873384475708
2023-09-27,12.166054725646973
2023-09-28,12.131071090698242
2023-09-29,12.236026763916016
2023-10-02,12.419695854187012
2023-10-03,12.131071090698242
2023-10-04,12.122323036193848
2023-10-05,12.515907287597656
2023-10-06,12.752054214477539
2023-10-09,12.79578685760498
2023-10-10,12.682085037231445
2023-10-11,12.664591789245605
2023-10-12,12.524652481079102
2023-10-13,12.612114906311035
2023-10-16,12.480921745300293
2023-10-17,12.778294563293457
2023-10-18,12.612114906311035
2023-10-19,12.524652481079102
2023-10-20,12.419695854187012
2023-10-23,11.973637580871582
2023-10-24,12.244772911071777
2023-10-25,12.008622169494629
2023-10-26,11.75498104095459
2023-10-27,11.501338958740234
2023-10-30,11.527579307556152
2023-10-31,11.518832206726074
2023-11-01,11.361397743225098
2023-11-02,11.54507064819336
2023-11-03,11.73748779296875
2023-11-06,11.728742599487305
2023-11-07,11.440116882324219
2023-11-08,11.212713241577148
2023-11-09,11.973637580871582
2023-11-10,11.789965629577637
2023-11-13,11.973637580871582
2023-11-14,12.192293167114258
2023-11-15,12.21853256225586
2023-11-16,12.393457412719727
2023-11-17,12.559638023376465
2023-11-20,12.55089282989502
2023-11-21,13.063533782958984
2023-11-22,12.992823600769043
2023-11-24,13.602692604064941
2023-11-27,13.408241271972656
2023-11-28,13.178436279296875
2023-11-29,13.319854736328125
2023-11-30,13.717594146728516
2023-12-01,14.25675106048584
2023-12-04,13.832497596740723
2023-12-05,12.957469940185547
2023-12-06,12.763017654418945
2023-12-07,12.524375915527344
2023-12-08,12.648118019104004
2023-12-11,12.780696868896484
2023-12-12,13.063533782958984
2023-12-13,13.019339561462402
2023-12-14,13.390563011169434
2023-12-15,13.876689910888672
2023-12-18,13.973917007446289
2023-12-19,14.053461074829102
2023-12-20,13.920884132385254
2023-12-21,14.300945281982422
2023-12-22,14.54842758178711
2023-12-26,14.345137596130371
2023-12-27,14.539589881896973
2023-12-28,14.566104888916016
2023-12-29,14.663330078125
2024-01-02,14.35397720336914
2024-01-03,14.822427749633789
2024-01-04,15.025714874267578
2024-01-05,14.937328338623047
2024-01-08,14.55726432800293
2024-01-09,14.07997989654541
2024-01-10,14.159525871276855
2024-01-11,13.991593360900879
2024-01-12,14.097658157348633
2024-01-16,14.371655464172363
2024-01-17,14.407008171081543
2024-01-18,15.008037567138672
2024-01-19,15.114102363586426
2024-01-22,15.069908142089844
2024-01-23,14.866620063781738
2024-01-24,15.600227355957031
2024-01-25,15.39693832397461
2024-01-26,15.741647720336914
2024-01-29,15.670937538146973
2024-01-30,15.803516387939453
2024-01-31,15.503005027770996
2024-02-01,15.529520988464355
2024-02-02,15.255520820617676
2024-02-05,15.414615631103516
2024-02-06,15.847709655761719
2024-02-07,15.847709655761719
2024-02-08,15.750484466552734
2024-02-09,16.06867790222168
2024-02-12,16.201257705688477
2024-02-13,15.591389656066895
2024-02-14,15.556034088134766
2024-02-15,15.63558292388916
2024-02-16,15.662096977233887
2024-02-20,15.838872909545898
2024-02-21,16.05983543395996
2024-02-22,17.226539611816406
2024-02-23,17.56241226196289
2024-02-26,17.208864212036133
2024-02-27,17.4033145904541
2024-02-28,17.641958236694336
2024-02-29,18.030858993530273
2024-03-01,18.28717803955078
2024-03-04,17.756858825683594
2024-03-05,17.919269561767578
2024-03-06,18.000476837158203
2024-03-07,18.451614379882812
2024-03-08,18.686206817626953
2024-03-11,18.749366760253906
2024-03-12,19.110279083251953
2024-03-13,18.80350685119629
2024-03-14,18.487703323364258
2024-03-15,18.424545288085938
2024-03-18,18.280181884765625
2024-03-19,18.081684112548828
2024-03-20,17.883176803588867
2024-03-21,18.334321975708008
2024-03-22,18.424545288085938
2024-03-25,18.090702056884766
2024-03-26,17.856111526489258
2024-03-27,18.171905517578125
2024-03-28,18.343339920043945
2024-04-01,18.38845443725586
2024-04-02,18.09972381591797
2024-04-03,18.956892013549805
2024-04-04,18.54184341430664
2024-04-05,18.69523048400879
2024-04-08,18.334321975708008
2024-04-09,18.38845443725586
2024-04-10,18.595979690551758
2024-04-11,18.902755737304688
2024-04-12,18.54184341430664
2024-04-15,18.632070541381836
2024-04-16,18.397480010986328
2024-04-17,18.280181884765625
2024-04-18,18.298229217529297
2024-04-19,18.54184341430664
2024-04-22,18.767412185668945
2024-04-23,19.056142807006836
2024-04-24,19.1463680267334
2024-04-25,19.155391693115234
2024-04-26,19.444122314453125
2024-04-29,19.326824188232422
2024-04-30,19.254642486572266
2024-05-01,19.633604049682617
2024-05-02,20.003538131713867
2024-05-03,20.084741592407227
2024-05-06,19.71480941772461
2024-05-07,20.247150421142578
2024-05-08,20.436630249023438
2024-05-09,20.490764617919922
2024-05-10,20.608060836791992
2024-05-13,20.707313537597656
2024-05-14,20.599040985107422
2024-05-15,20.328357696533203
2024-05-16,20.779497146606445
2024-05-17,20.914838790893555
2024-05-20,21.023113250732422
2024-05-21,20.931228637695312
2024-05-22,20.3339786529541
2024-05-23,19.883747100830078
2024-05-24,20.315601348876953
2024-05-28,20.085893630981445
2024-05-29,20.232908248901367
2024-05-30,20.48099708557129
2024-05-31,20.69232749938965
2024-06-03,20.582067489624023
2024-06-04,20.168590545654297
2024-06-05,20.628009796142578
2024-06-06,20.27884864807129
2024-06-07,19.975631713867188
2024-06-10,20.01238441467285
2024-06-11,19.26812171936035
2024-06-12,19.598905563354492
2024-06-13,19.497833251953125
2024-06-14,18.790325164794922
2024-06-17,18.634122848510742
2024-06-18,18.744382858276367
2024-06-20,19.323253631591797
2024-06-21,19.33244514465332
2024-06-24,19.35081672668457
2024-06-25,19.433513641357422
2024-06-26,19.773487091064453
2024-06-27,19.61728286743164
2024-06-28,19.580528259277344
2024-07-01,19.966442108154297
2024-07-02,20.095083236694336
2024-07-03,20.27884864807129
2024-07-05,19.36919593811035
2024-07-08,18.983280181884766
2024-07-09,18.863834381103516
2024-07-10,19.0476016998291
2024-07-11,19.1486759185791
2024-07-12,19.23137092590332
2024-07-15,19.093542098999023
2024-07-16,19.1486759185791
2024-07-17,19.111921310424805
2024-07-18,18.781137466430664
2024-07-19,18.597368240356445
2024-07-22,19.111921310424805
2024-07-23,18.983280181884766
2024-07-24,18.624935150146484
2024-07-25,18.07362937927246
2024-07-26,17.972553253173828
2024-07-29,17.935802459716797
2024-07-30,17.66014862060547
2024-07-31,17.834728240966797
2024-08-01,17.219106674194336
2024-08-02,16.695362091064453
2024-08-05,16.116493225097656
2024-08-06,16.438087463378906
2024-08-07,16.40133285522461
2024-08-08,15.997045516967773
2024-08-09,15.92353630065918
2024-08-12,16.22675323486328
2024-08-13,16.32782745361328
2024-08-14,16.033798217773438
2024-08-15,16.1716251373291
2024-08-16,16.27269744873047
2024-08-19,16.291433334350586
2024-08-20,16.104068756103516
2024-08-21,16.244592666625977
2024-08-22,15.916703224182129
2024-08-23,16.0853328704834
2024-08-26,16.11343765258789
2024-08-27,16.44132423400879
2024-08-28,16.179014205932617
2024-08-29,16.394485473632812
2024-08-30,16.478797912597656
2024-09-03,15.935441017150879
2024-09-04,15.832388877868652
2024-09-05,15.813651084899902
2024-09-06,15.579442977905273
2024-09-09,15.588810920715332
2024-09-10,15.354604721069336
2024-09-11,15.954174995422363
2024-09-12,16.0478572845459
2024-09-13,16.150907516479492
2024-09-16,16.403852462768555
2024-09-17,16.375747680664062
2024-09-18,16.6005859375
2024-09-19,17.022157669067383
2024-09-20,16.83479118347168
2024-09-23,17.05963134765625
2024-09-24,17.715412139892578
2024-09-25,17.780990600585938
2024-09-26,18.033931732177734
2024-09-27,17.949617385864258
2024-09-30,18.26814079284668
2024-10-01,17.958986282348633
2024-10-02,17.940250396728516
2024-10-03,17.434364318847656
2024-10-04,17.256366729736328
2024-10-07,17.237627029418945
2024-10-08,16.937843322753906
2024-10-09,16.638057708740234
2024-10-10,16.91910743713379
2024-10-11,16.7130069732666
2024-10-14,16.1602783203125
2024-10-15,15.916703224182129
2024-10-16,15.841757774353027
2024-10-17,16.03849220275879
2024-10-18,15.897965431213379
2024-10-21,15.457656860351562
2024-10-22,15.326501846313477
2024-10-23,14.811246871948242
2024-10-24,14.670721054077148
2024-10-25,14.858086585998535
2024-10-28,14.661352157592773
2024-10-29,14.811246871948242
2024-10-30,14.661352157592773
2024-10-31,14.745668411254883
2024-11-01,14.942401885986328
2024-11-04,14.998610496520996
2024-11-05,15.354604721069336
2024-11-06,15.710601806640625
2024-11-07,16.44132423400879
2024-11-08,16.328907012939453
2024-11-11,16.675533294677734
2024-11-12,16.525638580322266
2024-11-13,16.450693130493164
2024-11-14,16.64742660522461
2024-11-15,16.544376373291016
2024-11-18,16.870281219482422
2024-11-19,16.48686408996582
2024-11-20,16.429351806640625
2024-11-21,16.03635025024414
2024-11-22,16.16096305847168
2024-11-25,16.333499908447266
2024-11-26,16.10344886779785
2024-11-27,15.365375518798828
2024-11-29,15.212008476257324
2024-12-02,14.876520156860352
2024-12-03,14.972373008728027
2024-12-04,14.924446105957031
2024-12-05,15.087397575378418
2024-12-06,14.406834602355957
2024-12-09,14.627300262451172
2024-12-10,14.636885643005371
2024-12-11,14.406834602355957
2024-12-12,14.39725112915039
2024-12-13,14.080931663513184
2024-12-16,14.00424861907959
2024-12-17,13.448297500610352
2024-12-18,13.342857360839844
2024-12-19,13.074467658996582
2024-12-20,13.170320510864258
2024-12-23,13.45788288116455
2024-12-24,13.47705364227295
2024-12-26,13.448297500610352
2024-12-27,13.333272933959961
2024-12-30,13.256589889526367
2024-12-31,13.362029075622559
2025-01-02,13.975492477416992
2025-01-03,13.630419731140137
2025-01-06,13.26617431640625
2025-01-07,13.438712120056152
2025-01-08,13.47705364227295
2025-01-10,13.889225006103516
2025-01-13,13.975492477416992
2025-01-14,13.985078811645508
2025-01-15,14.013834953308105
2025-01-16,13.678346633911133
2025-01-17,13.783785820007324
2025-01-21,13.697516441345215
2025-01-22,13.35244369506836
2025-01-23,13.764615058898926
2025-01-24,13.774200439453125
2025-01-27,13.735858917236328
2025-01-28,13.58249282836914
2025-01-29,13.975492477416992
2025-01-30,14.042591094970703
2025-01-31,13.860468864440918
2025-02-03,13.524980545043945
2025-02-04,14.0905179977417
2025-02-05,14.119274139404297
2025-02-06,13.91798210144043
2025-02-07,13.79337215423584
2025-02-10,14.00424861907959
2025-02-11,13.95632266998291
2025-02-12,13.755029678344727
2025-02-13,14.013834953308105
2025-02-14,14.00424861907959
2025-02-18,14.234299659729004
2025-02-19,14.013834953308105
2025-02-20,14.100104331970215
2025-02-21,13.563321113586426
2025-02-24,13.304516792297363
2025-02-25,13.611248970031738
2025-02-26,13.84129810333252
2025-02-27,13.764615058898926
2025-02-28,13.687932014465332
2025-03-03,13.362029075622559
2025-03-04,13.534565925598145
2025-03-05,13.419541358947754
2025-03-06,13.668760299682617
2025-03-07,13.697516441345215
2025-03-10,13.247003555297852
2025-03-11,13.227407455444336
2025-03-12,13.844686508178711
2025-03-13,13.648725509643555
2025-03-14,13.619330406188965
2025-03-17,13.589936256408691
2025-03-18,13.472359657287598
2025-03-19,13.511551856994629
2025-03-20,13.707513809204102
2025-03-21,13.364581108093262
2025-03-24,13.276397705078125
2025-03-25,13.188216209411621
2025-03-26,13.129426956176758
2025-03-27,12.894272804260254
2025-03-28,13.09023380279541
2025-03-31,13.09023380279541
2025-04-01,13.403773307800293
2025-04-02,13.25680160522461
2025-04-03,12.414166450500488
2025-04-04,11.463753700256348
2025-04-07,11.894868850708008
2025-04-08,11.130619049072266
2025-04-09,12.247599601745605
2025-04-10,11.747897148132324
2025-04-11,12.923666954040527
2025-04-14,12.531744003295898
2025-04-15,12.257397651672363
2025-04-16,12.208407402038574
2025-04-17,12.3455810546875
2025-04-21,12.022244453430176
2025-04-22,12.012446403503418
2025-04-23,12.443560600280762
2025-04-24,12.610128402709961
2025-04-25,12.57093620300293
2025-04-28,12.48275375366211
2025-04-29,12.845282554626465
2025-04-30,12.698310852050781
2025-05-01,13.09023380279541
2025-05-02,13.305791854858398
2025-05-05,13.305791854858398
2025-05-06,13.168618202209473
2025-05-07,13.188216209411621
2025-05-08,13.23720645904541
2025-05-09,13.266600608825684
2025-05-12,13.903474807739258
2025-05-13,14.26600456237793
2025-05-14,14.099437713623047
2025-05-15,13.932869911193848
2025-05-16,13.913273811340332
2025-05-19,13.746706008911133
2025-05-20,13.668320655822754
2025-05-21,13.23720645904541
2025-05-22,12.920146942138672
2025-05-23,13.14803409576416
2025-05-27,13.157940864562988
2025-05-28,12.999411582946777
2025-05-29,12.969687461853027
2025-05-30,13.118309020996094
2025-06-02,12.979596138000488
2025-06-03,13.039044380187988
2025-06-04,13.237205505371094
2025-06-05,13.237205505371094
2025-06-06,13.35610294342041
2025-06-09,13.375919342041016
2025-06-10,13.385828018188477
2025-06-11,13.772242546081543
2025-06-12,13.851507186889648
2025-06-13,13.99022102355957
2025-06-16,13.663253784179688
2025-06-17,13.593897819519043
2025-06-18,13.435368537902832
2025-06-20,13.088584899902344
2025-06-23,12.840882301330566
2025-06-24,12.949871063232422
2025-06-25,13.375919342041016
2025-06-26,13.128216743469238
2025-06-27,13.048952102661133
2025-06-30,12.949871063232422
2025-07-01,13.128216743469238
2025-07-02,13.673162460327148
2025-07-03,13.821783065795898
2025-07-07,13.841599464416504
2025-07-08,13.96049690246582
2025-07-09,13.772242546081543
2025-07-10,14.574798583984375
2025-07-11,14.961214065551758
2025-07-14,14.753144264221191
2025-07-15,14.426177024841309
2025-07-16,14.525257110595703
2025-07-17,14.862133026123047
2025-07-18,15.080110549926758
2025-07-21,15.010753631591797
2025-07-22,15.545790672302246
2025-07-23,15.981745719909668
2025-07-24,16.031288146972656
2025-07-25,16.021379470825195
2025-07-28,16.041194915771484
2025-07-29,15.932206153869629
2025-07-30,15.694412231445312
2025-07-31,15.783585548400879
2025-08-01,15.674595832824707
2025-08-04,16.120460510253906
2025-08-05,16.774394989013672
2025-08-06,16.61586570739746
2025-08-07,15.97183895111084
2025-08-08,16.100643157958984
2025-08-11,16.011470794677734
2025-08-12,16.318620681762695
2025-08-13,16.516782760620117
2025-08-14,16.338438034057617
2025-08-15,16.170000076293945
2025-08-18,16.290000915527344
2025-08-19,15.760000228881836
2025-08-20,16.079999923706055
2025-08-21,16.5
2025-08-22,16.780000686645508
2025-08-25,16.90999984741211
2025-08-26,17.06999969482422
2025-08-27,17.030000686645508
2025-08-28,17.110000610351562
2025-08-29,16.84000015258789
2025-09-02,17.0
2025-09-03,17.209999084472656
2025-09-04,17.40999984741211
2025-09-05,17.799999237060547
2025-09-08,18.059999465942383
2025-09-09,17.959999084472656
2025-09-10,17.979999542236328
2025-09-11,17.760000228881836
2025-09-12,18.020000457763672
2025-09-15,18.229999542236328
2025-09-16,18.40999984741211
2025-09-17,18.549999237060547
2025-09-18,18.809999465942383
2025-09-19,18.709999084472656
