Date,HLI
2015-08-13,18.08824348449707
2015-08-14,18.370868682861328
2015-08-17,18.12861442565918
2015-08-18,18.168989181518555
2015-08-19,17.845993041992188
2015-08-20,17.765230178833008
2015-08-21,17.51490592956543
2015-08-24,17.05462646484375
2015-08-25,17.361488342285156
2015-08-26,17.296878814697266
2015-08-27,17.619882583618164
2015-08-28,17.304954528808594
2015-08-31,17.765230178833008
2015-09-01,17.797536849975586
2015-09-02,18.370868682861328
2015-09-03,18.2578182220459
2015-09-04,18.047855377197266
2015-09-08,17.684486389160156
2015-09-09,17.74100685119629
2015-09-10,17.724855422973633
2015-09-11,17.51490592956543
2015-09-14,17.183828353881836
2015-09-15,17.700637817382812
2015-09-16,17.603731155395508
2015-09-17,17.668333053588867
2015-09-18,17.74100685119629
2015-09-21,17.724855422973633
2015-09-22,17.95903778076172
2015-09-23,17.98326301574707
2015-09-24,17.757160186767578
2015-09-25,17.264585494995117
2015-09-28,16.90119743347168
2015-09-29,17.127300262451172
2015-09-30,17.603731155395508
2015-10-01,17.668333053588867
2015-10-02,17.353404998779297
2015-10-05,18.144763946533203
2015-10-06,17.97519302368164
2015-10-07,18.60504150390625
2015-10-08,18.36279296875
2015-10-09,17.97519302368164
2015-10-12,17.57143211364746
2015-10-13,17.845993041992188
2015-10-14,17.43415641784668
2015-10-15,18.023639678955078
2015-10-16,17.522985458374023
2015-10-19,17.85405921936035
2015-10-20,17.765230178833008
2015-10-21,17.716785430908203
2015-10-22,17.531051635742188
2015-10-23,17.49875831604004
2015-10-26,17.095006942749023
2015-10-27,17.377628326416016
2015-10-28,18.00748634338379
2015-10-29,17.668333053588867
2015-10-30,17.69256019592285
2015-11-02,17.765230178833008
2015-11-03,17.757160186767578
2015-11-04,17.627962112426758
2015-11-05,18.072092056274414
2015-11-06,17.85405921936035
2015-11-09,17.934812545776367
2015-11-10,17.98326301574707
2015-11-11,17.86213493347168
2015-11-12,17.845993041992188
2015-11-13,17.950960159301758
2015-11-16,17.926738739013672
2015-11-17,17.95903778076172
2015-11-18,18.08824348449707
2015-11-19,17.95903778076172
2015-11-20,17.96711540222168
2015-11-23,18.2578182220459
2015-11-24,18.823074340820312
2015-11-25,19.081480026245117
2015-11-27,19.356029510498047
2015-11-30,19.743637084960938
2015-12-01,20.002042770385742
2015-12-02,19.97766876220703
2015-12-03,19.63644790649414
2015-12-04,19.571453094482422
2015-12-07,19.352096557617188
2015-12-08,19.12462043762207
2015-12-09,18.978384017944336
2015-12-10,18.750896453857422
2015-12-11,18.417800903320312
2015-12-14,18.85650634765625
2015-12-15,19.1408634185791
2015-12-16,19.473957061767578
2015-12-17,18.937755584716797
2015-12-18,18.458419799804688
2015-12-21,18.84026336669922
2015-12-22,19.00274658203125
2015-12-23,19.295228958129883
2015-12-24,19.36833953857422
2015-12-28,19.660818099975586
2015-12-29,19.937047958374023
2015-12-30,20.692607879638672
2015-12-31,21.293806076049805
2016-01-04,20.57073974609375
2016-01-05,20.172651290893555
2016-01-06,19.238353729248047
2016-01-07,19.352096557617188
2016-01-08,19.1408634185791
2016-01-11,19.660818099975586
2016-01-12,19.993915557861328
2016-01-13,19.620201110839844
2016-01-14,19.912675857543945
2016-01-15,19.75019073486328
2016-01-19,19.16523551940918
2016-01-20,19.238353729248047
2016-01-21,19.157115936279297
2016-01-22,19.36833953857422
2016-01-25,19.181489944458008
2016-01-26,18.92962646484375
2016-01-27,18.775270462036133
2016-01-28,18.832143783569336
2016-01-29,19.620201110839844
2016-02-01,19.70143699645996
2016-02-02,19.01087760925293
2016-02-03,18.6127872467041
2016-02-04,19.197734832763672
2016-02-05,18.962127685546875
2016-02-08,19.12462043762207
2016-02-09,19.035253524780273
2016-02-10,19.78268814086914
2016-02-11,19.522705078125
2016-02-12,19.571453094482422
2016-02-16,19.896425247192383
2016-02-17,19.70143699645996
2016-02-18,19.482088088989258
2016-02-19,20.002038955688477
2016-02-22,19.945165634155273
2016-02-23,19.855806350708008
2016-02-24,19.81517791748047
2016-02-25,19.9045467376709
2016-02-26,19.937047958374023
2016-02-29,20.765722274780273
2016-03-01,20.700729370117188
2016-03-02,20.88052749633789
2016-03-03,20.839656829833984
2016-03-04,20.267595291137695
2016-03-07,19.63831329345703
2016-03-08,19.123455047607422
2016-03-09,20.09597396850586
2016-03-10,20.37383270263672
2016-03-11,20.994932174682617
2016-03-14,20.488250732421875
2016-03-15,19.752729415893555
2016-03-16,19.53207015991211
2016-03-17,20.431041717529297
2016-03-18,20.431041717529297
2016-03-21,20.422866821289062
2016-03-22,20.439218521118164
2016-03-23,19.850797653198242
2016-03-24,19.858970642089844
2016-03-28,19.417661666870117
2016-03-29,20.234905242919922
2016-03-30,20.349313735961914
2016-03-31,20.349313735961914
2016-04-01,20.251243591308594
2016-04-04,20.128660202026367
2016-04-05,19.352277755737305
2016-04-06,19.989730834960938
2016-04-07,19.834455490112305
2016-04-08,20.01424789428711
2016-04-11,19.850797653198242
2016-04-12,19.71186637878418
2016-04-13,20.267595291137695
2016-04-14,20.341144561767578
2016-04-15,20.332977294921875
2016-04-18,20.602663040161133
2016-04-19,20.283939361572266
2016-04-20,20.569971084594727
2016-04-21,20.619007110595703
2016-04-22,20.63535499572754
2016-04-25,20.055110931396484
2016-04-26,20.63535499572754
2016-04-27,20.569971084594727
2016-04-28,20.414697647094727
2016-04-29,20.602663040161133
2016-05-02,20.324806213378906
2016-05-03,19.940696716308594
2016-05-04,19.728208541870117
2016-05-05,19.393144607543945
2016-05-06,19.572933197021484
2016-05-09,19.671009063720703
2016-05-10,19.932519912719727
2016-05-11,19.515731811523438
2016-05-12,19.28690528869629
2016-05-13,19.04990005493164
2016-05-16,19.058076858520508
2016-05-17,18.673974990844727
2016-05-18,19.074419021606445
2016-05-19,18.690319061279297
2016-05-20,18.87828254699707
2016-05-23,19.21335220336914
2016-05-24,19.875316619873047
2016-05-25,20.01424789428711
2016-05-26,19.94887351989746
2016-05-27,19.965208053588867
2016-05-31,19.736387252807617
2016-06-01,19.91745376586914
2016-06-02,19.843381881713867
2016-06-03,19.654081344604492
2016-06-06,20.07382583618164
2016-06-07,19.909223556518555
2016-06-08,19.925682067871094
2016-06-09,19.86806869506836
2016-06-10,19.687002182006836
2016-06-13,19.892765045166016
2016-06-14,19.481245040893555
2016-06-15,19.49770164489746
2016-06-16,19.40717124938965
2016-06-17,19.489471435546875
2016-06-20,19.695232391357422
2016-06-21,19.56355094909668
2016-06-22,19.62116050720215
2016-06-23,20.23843765258789
2016-06-24,19.143800735473633
2016-06-27,18.139698028564453
2016-06-28,18.46068000793457
2016-06-29,18.296072006225586
2016-06-30,18.41130256652832
2016-07-01,18.05739402770996
2016-07-05,17.49772834777832
2016-07-06,17.55533790588379
2016-07-07,17.60472869873047
2016-07-08,17.942161560058594
2016-07-11,17.99978256225586
2016-07-12,18.61705780029297
2016-07-13,18.452449798583984
2016-07-14,18.485370635986328
2016-07-15,19.291942596435547
2016-07-18,19.374252319335938
2016-07-19,19.234338760375977
2016-07-20,19.184946060180664
2016-07-21,19.061498641967773
2016-07-22,19.160263061523438
2016-07-25,19.003887176513672
2016-07-26,19.110876083374023
2016-07-27,19.30840301513672
2016-07-28,19.086181640625
2016-07-29,18.872194290161133
2016-08-01,19.341333389282227
2016-08-02,19.143800735473633
2016-08-03,19.793996810913086
2016-08-04,19.983293533325195
2016-08-05,20.863943099975586
2016-08-08,20.921560287475586
2016-08-09,20.641721725463867
2016-08-10,20.970935821533203
2016-08-11,21.020322799682617
2016-08-12,20.863943099975586
2016-08-15,21.300155639648438
2016-08-16,21.11907958984375
2016-08-17,21.168466567993164
2016-08-18,20.71579360961914
2016-08-19,20.682870864868164
2016-08-22,20.74871826171875
2016-08-23,20.921560287475586
2016-08-24,20.51003646850586
2016-08-25,20.46065902709961
2016-08-26,20.189056396484375
2016-08-29,20.485349655151367
2016-08-30,20.724023818969727
2016-08-31,20.516870498657227
2016-09-01,20.42572021484375
2016-09-02,20.666027069091797
2016-09-06,20.574880599975586
2016-09-07,20.317996978759766
2016-09-08,20.475444793701172
2016-09-09,20.1854190826416
2016-09-12,20.42572021484375
2016-09-13,19.93683433532715
2016-09-14,19.812532424926758
2016-09-15,20.12741470336914
2016-09-16,20.168846130371094
2016-09-19,20.201993942260742
2016-09-20,20.218564987182617
2016-09-21,20.574880599975586
2016-09-22,20.740596771240234
2016-09-23,20.533443450927734
2016-09-26,19.920257568359375
2016-09-27,20.077695846557617
2016-09-28,20.293134689331055
2016-09-29,20.309711456298828
2016-09-30,20.757169723510742
2016-10-03,20.84832000732422
2016-10-04,20.98090362548828
2016-10-05,21.188060760498047
2016-10-06,20.707460403442383
2016-10-07,20.674306869506836
2016-10-10,20.89803695678711
2016-10-11,20.574880599975586
2016-10-12,20.707460403442383
2016-10-13,20.235139846801758
2016-10-14,20.492006301879883
2016-10-17,20.351144790649414
2016-10-18,20.317996978759766
2016-10-19,20.62459373474121
2016-10-20,20.434009552001953
2016-10-21,20.516870498657227
2016-10-24,20.641164779663086
2016-10-25,20.748882293701172
2016-10-26,20.42572021484375
2016-10-27,20.533443450927734
2016-10-28,20.334566116333008
2016-10-31,20.193706512451172
2016-11-01,20.044553756713867
2016-11-02,19.630231857299805
2016-11-03,19.398218154907227
2016-11-04,19.45622444152832
2016-11-07,19.96169090270996
2016-11-08,19.746240615844727
2016-11-09,20.052839279174805
2016-11-10,20.044553756713867
2016-11-11,20.26827621459961
2016-11-14,20.682594299316406
2016-11-15,20.715740203857422
2016-11-16,21.453224182128906
2016-11-17,22.17413330078125
2016-11-18,22.646448135375977
2016-11-21,22.439294815063477
2016-11-22,23.1187686920166
2016-11-23,23.20163345336914
2016-11-25,23.417072296142578
2016-11-28,23.209918975830078
2016-11-29,23.325927734375
2016-11-30,23.607662200927734
2016-12-01,24.274547576904297
2016-12-02,24.39124298095703
2016-12-05,24.991445541381836
2016-12-06,25.166494369506836
2016-12-07,25.87506675720215
2016-12-08,25.900070190429688
2016-12-09,25.825042724609375
2016-12-12,25.424917221069336
2016-12-13,25.958419799804688
2016-12-14,25.75002670288086
2016-12-15,25.808374404907227
2016-12-16,25.81671142578125
2016-12-19,25.925073623657227
2016-12-20,26.041784286499023
2016-12-21,26.033447265625
2016-12-22,25.466596603393555
2016-12-23,25.841716766357422
2016-12-27,25.741687774658203
2016-12-28,25.87506675720215
2016-12-29,26.050119400024414
2016-12-30,25.941753387451172
2017-01-03,26.36688995361328
2017-01-04,26.808698654174805
2017-01-05,26.15848731994629
2017-01-06,26.041784286499023
2017-01-09,25.658327102661133
2017-01-10,26.008445739746094
2017-01-11,25.950088500976562
2017-01-12,25.566625595092773
2017-01-13,25.658327102661133
2017-01-17,25.266536712646484
2017-01-18,25.4832763671875
2017-01-19,25.416576385498047
2017-01-20,25.35822296142578
2017-01-23,25.36656379699707
2017-01-24,25.81671142578125
2017-01-25,26.108470916748047
2017-01-26,26.15848731994629
2017-01-27,26.175159454345703
2017-01-30,26.033447265625
2017-01-31,25.925073623657227
2017-02-01,26.300201416015625
2017-02-02,27.25885009765625
2017-02-03,27.308855056762695
2017-02-06,27.150480270385742
2017-02-07,26.341880798339844
2017-02-08,24.75803565979004
2017-02-09,24.75803565979004
2017-02-10,25.199848175048828
2017-02-13,25.566625595092773
2017-02-14,26.92540168762207
2017-02-15,27.05878257751465
2017-02-16,27.1004581451416
2017-02-17,26.175159454345703
2017-02-21,26.36688995361328
2017-02-22,26.45025062561035
2017-02-23,26.566951751708984
2017-02-24,26.500268936157227
2017-02-27,26.675323486328125
2017-02-28,26.25018310546875
2017-03-01,27.04717254638672
2017-03-02,26.98005485534668
2017-03-03,27.013614654541016
2017-03-06,27.005220413208008
2017-03-07,27.248510360717773
2017-03-08,27.198183059692383
2017-03-09,27.29046058654785
2017-03-10,27.584087371826172
2017-03-13,27.332416534423828
2017-03-14,26.879383087158203
2017-03-15,27.17300796508789
2017-03-16,28.188108444213867
2017-03-17,28.07066535949707
2017-03-20,27.709930419921875
2017-03-21,27.38274574279785
2017-03-22,27.206565856933594
2017-03-23,27.357576370239258
2017-03-24,27.50858497619629
2017-03-27,28.037113189697266
2017-03-28,28.297178268432617
2017-03-29,28.481746673583984
2017-03-30,28.909608840942383
2017-03-31,28.90121078491211
2017-04-03,28.230064392089844
2017-04-04,28.230064392089844
2017-04-05,27.735095977783203
2017-04-06,28.481746673583984
2017-04-07,28.20489501953125
2017-04-10,27.92805290222168
2017-04-11,27.91965675354004
2017-04-12,27.902873992919922
2017-04-13,27.374351501464844
2017-04-17,27.44146728515625
2017-04-18,27.44146728515625
2017-04-19,27.676372528076172
2017-04-20,28.028718948364258
2017-04-21,27.550527572631836
2017-04-24,28.062273025512695
2017-04-25,28.38946533203125
2017-04-26,28.355899810791016
2017-04-27,28.213285446166992
2017-04-28,28.137781143188477
2017-05-01,28.196508407592773
2017-05-02,28.179731369018555
2017-05-03,28.38946533203125
2017-05-04,28.406238555908203
2017-05-05,28.33074188232422
2017-05-08,28.397842407226562
2017-05-09,28.49852180480957
2017-05-10,30.176387786865234
2017-05-11,29.30389404296875
2017-05-12,28.926374435424805
2017-05-15,29.211610794067383
2017-05-16,29.555572509765625
2017-05-17,28.305564880371094
2017-05-18,28.381072998046875
2017-05-19,28.62436294555664
2017-05-22,28.758590698242188
2017-05-23,28.313953399658203
2017-05-24,28.137781143188477
2017-05-25,28.062273025512695
2017-05-26,28.230064392089844
2017-05-30,28.14617156982422
2017-05-31,28.331836700439453
2017-06-01,29.12516975402832
2017-06-02,28.94792938232422
2017-06-05,28.45844078063965
2017-06-06,28.230562210083008
2017-06-07,28.255887985229492
2017-06-08,28.272762298583984
2017-06-09,28.542829513549805
2017-06-12,29.192689895629883
2017-06-13,29.142040252685547
2017-06-14,29.344602584838867
2017-06-15,28.973262786865234
2017-06-16,28.939496994018555
2017-06-19,29.454309463500977
2017-06-20,29.386789321899414
2017-06-21,29.2855224609375
2017-06-22,29.47119140625
2017-06-23,29.023897171020508
2017-06-26,29.01544761657715
2017-06-27,29.099843978881836
2017-06-28,29.310836791992188
2017-06-29,29.403676986694336
2017-06-30,29.454309463500977
2017-07-03,29.73281478881836
2017-07-05,29.960691452026367
2017-07-06,30.019773483276367
2017-07-07,30.33203887939453
2017-07-10,30.872173309326172
2017-07-11,31.015647888183594
2017-07-12,31.032533645629883
2017-07-13,31.218196868896484
2017-07-14,30.880613327026367
2017-07-17,31.032533645629883
2017-07-18,31.074724197387695
2017-07-19,31.209758758544922
2017-07-20,31.1844425201416
2017-07-21,31.040952682495117
2017-07-24,31.0072078704834
2017-07-25,32.01996994018555
2017-07-26,32.57698440551758
2017-07-27,31.800533294677734
2017-07-28,31.344797134399414
2017-07-31,31.378555297851562
2017-08-01,31.403865814208984
2017-08-02,30.91436004638672
2017-08-03,30.610546112060547
2017-08-04,30.711811065673828
2017-08-07,30.42487144470215
2017-08-08,30.2054443359375
2017-08-09,29.842529296875
2017-08-10,29.437437057495117
2017-08-11,29.623106002807617
2017-08-14,30.6358642578125
2017-08-15,29.87628936767578
2017-08-16,29.901613235473633
2017-08-17,29.42055320739746
2017-08-18,29.95224952697754
2017-08-21,30.137920379638672
2017-08-22,29.994455337524414
2017-08-23,30.121049880981445
2017-08-24,30.374235153198242
2017-08-25,30.559900283813477
2017-08-28,30.500831604003906
2017-08-29,30.10416030883789
2017-08-30,30.375757217407227
2017-08-31,30.596426010131836
2017-09-01,30.783145904541016
2017-09-05,30.29936981201172
2017-09-06,30.290889739990234
2017-09-07,30.282392501831055
2017-09-08,30.41818618774414
2017-09-11,30.638864517211914
2017-09-12,31.351787567138672
2017-09-13,30.95288848876953
2017-09-14,30.961376190185547
2017-09-15,30.86800765991211
2017-09-18,31.436655044555664
2017-09-19,31.827083587646484
2017-09-20,32.02228927612305
2017-09-21,32.489070892333984
2017-09-22,32.31084060668945
2017-09-25,31.835556030273438
2017-09-26,31.88648223876953
2017-09-27,32.71821975708008
2017-09-28,33.36326217651367
2017-09-29,33.210487365722656
2017-10-02,33.482086181640625
2017-10-03,33.99979782104492
2017-10-04,34.14408874511719
2017-10-05,34.228946685791016
2017-10-06,33.44813537597656
2017-10-09,33.34628677368164
2017-10-10,33.31232833862305
2017-10-11,33.45662307739258
2017-10-12,33.85551071166992
2017-10-13,33.91492462158203
2017-10-16,34.3477668762207
2017-10-17,34.35626983642578
2017-10-18,35.09465408325195
2017-10-19,35.1201171875
2017-10-20,35.27288055419922
2017-10-23,35.23044204711914
2017-10-24,35.57841110229492
2017-10-25,36.80906677246094
2017-10-26,35.07768249511719
2017-10-27,35.41715621948242
2017-10-30,35.03522872924805
2017-10-31,35.332298278808594
2017-11-01,35.459598541259766
2017-11-02,35.332298278808594
2017-11-03,35.16255187988281
2017-11-06,35.27288055419922
2017-11-07,34.71273422241211
2017-11-08,35.37472915649414
2017-11-09,35.366233825683594
2017-11-10,35.459598541259766
2017-11-13,35.72271728515625
2017-11-14,35.968841552734375
2017-11-15,35.98579788208008
2017-11-16,35.96034622192383
2017-11-17,35.994293212890625
2017-11-20,36.85150146484375
2017-11-21,37.505008697509766
2017-11-22,37.33528137207031
2017-11-24,37.606868743896484
2017-11-27,37.216461181640625
2017-11-28,37.57292175292969
2017-11-29,37.68325424194336
2017-11-30,37.88694763183594
2017-12-01,37.48625946044922
2017-12-04,38.22795486450195
2017-12-05,37.68233871459961
2017-12-06,37.435096740722656
2017-12-07,37.73348617553711
2017-12-08,38.185333251953125
2017-12-11,38.41551971435547
2017-12-12,38.80768966674805
2017-12-13,38.79916000366211
2017-12-14,38.76506423950195
2017-12-15,39.23396301269531
2017-12-18,38.90999221801758
2017-12-19,38.60307312011719
2017-12-20,38.441097259521484
2017-12-21,38.76506423950195
2017-12-22,39.08051681518555
2017-12-26,39.02935028076172
2017-12-27,38.671287536621094
2017-12-28,39.00376892089844
2017-12-29,38.73094940185547
2018-01-02,39.037872314453125
2018-01-03,39.08903503417969
2018-01-04,39.336273193359375
2018-01-05,38.96115493774414
2018-01-08,39.967140197753906
2018-01-09,40.981666564941406
2018-01-10,41.54434585571289
2018-01-11,42.3031005859375
2018-01-12,42.8402214050293
2018-01-16,42.74642562866211
2018-01-17,42.814640045166016
2018-01-18,42.8402214050293
2018-01-19,43.0533561706543
2018-01-22,43.39435958862305
2018-01-23,43.56487274169922
2018-01-24,43.94852066040039
2018-01-25,43.44551086425781
2018-01-26,43.7524299621582
2018-01-29,43.53929138183594
2018-01-30,42.51625061035156
2018-01-31,40.66622543334961
2018-02-01,41.16923522949219
2018-02-02,40.359317779541016
2018-02-05,38.43257141113281
2018-02-06,38.96969223022461
2018-02-07,40.11206817626953
2018-02-08,39.268062591552734
2018-02-09,39.1060791015625
2018-02-12,39.600563049316406
2018-02-13,40.13766098022461
2018-02-14,40.069454193115234
2018-02-15,39.455623626708984
2018-02-16,39.35331344604492
2018-02-20,39.626129150390625
2018-02-21,39.56644821166992
2018-02-22,39.455623626708984
2018-02-23,39.719905853271484
2018-02-26,40.37636947631836
2018-02-27,39.719905853271484
2018-02-28,39.574974060058594
2018-03-01,38.86429977416992
2018-03-02,38.87286376953125
2018-03-05,39.129737854003906
2018-03-06,39.386619567871094
2018-03-07,39.40372848510742
2018-03-08,39.64346694946289
2018-03-09,41.2446174621582
2018-03-12,41.424434661865234
2018-03-13,40.61957931518555
2018-03-14,41.004886627197266
2018-03-15,40.302772521972656
2018-03-16,40.59387969970703
2018-03-19,40.6367073059082
2018-03-20,40.696632385253906
2018-03-21,40.67095184326172
2018-03-22,38.949928283691406
2018-03-23,37.57139587402344
2018-03-26,38.63312911987305
2018-03-27,37.46009826660156
2018-03-28,37.331642150878906
2018-03-29,38.18788528442383
2018-04-02,37.374454498291016
2018-04-03,37.74264144897461
2018-04-04,37.82826232910156
2018-04-05,38.5389404296875
2018-04-06,37.30595779418945
2018-04-09,37.442970275878906
2018-04-10,37.8710823059082
2018-04-11,38.26494598388672
2018-04-12,38.44475173950195
2018-04-13,38.14506912231445
2018-04-16,38.47043228149414
2018-04-17,38.975616455078125
2018-04-18,38.70161437988281
2018-04-19,38.95848846435547
2018-04-20,38.76155090332031
2018-04-23,38.6588134765625
2018-04-24,38.068016052246094
2018-04-25,37.502891540527344
2018-04-26,38.21357727050781
2018-04-27,37.982383728027344
2018-04-30,38.10226058959961
2018-05-01,38.49612045288086
2018-05-02,37.89676284790039
2018-05-03,38.059452056884766
2018-05-04,38.770118713378906
2018-05-07,39.42085647583008
2018-05-08,39.985965728759766
2018-05-09,40.431217193603516
2018-05-10,42.10084915161133
2018-05-11,41.86111831665039
2018-05-14,41.612796783447266
2018-05-15,42.33203125
2018-05-16,41.835426330566406
2018-05-17,41.835426330566406
2018-05-18,41.51862335205078
2018-05-21,42.297786712646484
2018-05-22,43.008460998535156
2018-05-23,42.94852828979492
2018-05-24,42.64884567260742
2018-05-25,42.939964294433594
2018-05-29,42.38341522216797
2018-05-30,42.08373260498047
2018-05-31,41.86111831665039
2018-06-01,41.84388732910156
2018-06-04,42.27437973022461
2018-06-05,42.49823760986328
2018-06-06,43.109554290771484
2018-06-07,42.63600540161133
2018-06-08,43.24729537963867
2018-06-11,43.16981506347656
2018-06-12,43.05787658691406
2018-06-13,43.07509231567383
2018-06-14,43.67779541015625
2018-06-15,43.7208366394043
2018-06-18,44.69375991821289
2018-06-19,44.650699615478516
2018-06-20,45.21895217895508
2018-06-21,44.650699615478516
2018-06-22,45.141456604003906
2018-06-25,44.32352828979492
2018-06-26,44.762630462646484
2018-06-27,44.00497055053711
2018-06-28,44.280487060546875
2018-06-29,44.09967803955078
2018-07-02,44.254661560058594
2018-07-03,44.07384490966797
2018-07-05,43.74667739868164
2018-07-06,43.80693435668945
2018-07-09,44.39240646362305
2018-07-10,43.80693435668945
2018-07-11,43.59169006347656
2018-07-12,43.65195846557617
2018-07-13,43.608917236328125
2018-07-16,44.21159744262695
2018-07-17,44.03079605102539
2018-07-18,44.90900802612305
2018-07-19,44.642093658447266
2018-07-20,44.7195930480957
2018-07-23,45.53752517700195
2018-07-24,45.46002960205078
2018-07-25,45.28782653808594
2018-07-26,45.382545471191406
2018-07-27,42.30882263183594
2018-07-30,41.67170715332031
2018-07-31,42.326053619384766
2018-08-01,42.205509185791016
2018-08-02,41.89554977416992
2018-08-03,41.310081481933594
2018-08-06,41.2584114074707
2018-08-07,41.06900405883789
2018-08-08,41.22399139404297
2018-08-09,41.24980926513672
2018-08-10,41.50811004638672
2018-08-13,41.18954849243164
2018-08-14,41.71473693847656
2018-08-15,41.06900405883789
2018-08-16,41.32730484008789
2018-08-17,41.275634765625
2018-08-20,40.8709831237793
2018-08-21,41.13788604736328
2018-08-22,40.98289489746094
2018-08-23,40.707393646240234
2018-08-24,40.7418327331543
2018-08-27,41.01734161376953
2018-08-28,40.784889221191406
2018-08-29,40.69878005981445
2018-08-30,40.7507438659668
2018-08-31,40.72475814819336
2018-09-04,40.69878387451172
2018-09-05,40.45631790161133
2018-09-06,40.18787384033203
2018-09-07,39.720279693603516
2018-09-10,39.77223587036133
2018-09-11,39.84151077270508
2018-09-12,40.17057418823242
2018-09-13,40.7420768737793
2018-09-14,41.0364990234375
2018-09-17,40.3350944519043
2018-09-18,40.00604248046875
2018-09-19,40.10993194580078
2018-09-20,40.135929107666016
2018-09-21,40.32643508911133
2018-09-24,39.92810821533203
2018-09-25,39.92810821533203
2018-09-26,39.39122009277344
2018-09-27,39.19206237792969
2018-09-28,38.90629196166992
2018-10-01,39.0881462097168
2018-10-02,38.70713806152344
2018-10-03,38.516639709472656
2018-10-04,38.30015182495117
2018-10-05,38.135623931884766
2018-10-08,37.512149810791016
2018-10-09,38.066341400146484
2018-10-10,37.36494827270508
2018-10-11,36.395103454589844
2018-10-12,36.77610778808594
2018-10-15,37.070533752441406
2018-10-16,37.87583923339844
2018-10-17,37.66802978515625
2018-10-18,36.72415542602539
2018-10-19,36.29985046386719
2018-10-22,36.213253021240234
2018-10-23,35.57245635986328
2018-10-24,33.95317459106445
2018-10-25,33.840599060058594
2018-10-26,34.117698669433594
2018-10-29,34.58530807495117
2018-10-30,35.771629333496094
2018-10-31,35.659061431884766
2018-11-01,36.55963134765625
2018-11-02,35.57245635986328
2018-11-05,35.563812255859375
2018-11-06,36.36912536621094
2018-11-07,36.4990119934082
2018-11-08,36.854042053222656
2018-11-09,36.187278747558594
2018-11-12,35.477210998535156
2018-11-13,35.40793991088867
2018-11-14,35.0962028503418
2018-11-15,35.80626678466797
2018-11-16,35.95347595214844
2018-11-19,35.20011901855469
2018-11-20,34.85374069213867
2018-11-21,35.208778381347656
2018-11-23,35.50320053100586
2018-11-26,36.06604766845703
2018-11-27,35.589778900146484
2018-11-28,36.69817352294922
2018-11-29,36.66353225708008
2018-11-30,36.86397171020508
2018-12-03,37.19514465332031
2018-12-04,35.30401611328125
2018-12-06,35.51316452026367
2018-12-07,34.77241134643555
2018-12-10,35.094852447509766
2018-12-11,34.67654800415039
2018-12-12,35.39115905761719
2018-12-13,34.70269012451172
2018-12-14,33.30830764770508
2018-12-17,32.41066360473633
2018-12-18,31.96620750427246
2018-12-19,30.772274017333984
2018-12-20,30.597984313964844
2018-12-21,30.493404388427734
2018-12-24,30.292957305908203
2018-12-26,31.530473709106445
2018-12-27,31.60018539428711
2018-12-28,32.192806243896484
2018-12-31,32.0707893371582
2019-01-02,32.3845329284668
2019-01-03,31.93134307861328
2019-01-04,33.16016387939453
2019-01-07,33.648193359375
2019-01-08,34.59812545776367
2019-01-09,35.82691192626953
2019-01-10,36.00120162963867
2019-01-11,36.00992202758789
2019-01-14,36.070926666259766
2019-01-15,36.811702728271484
2019-01-16,37.055702209472656
2019-01-17,37.273582458496094
2019-01-18,37.99691390991211
2019-01-22,37.59604263305664
2019-01-23,37.517601013183594
2019-01-24,37.97949981689453
2019-01-25,38.319366455078125
2019-01-28,38.14507293701172
2019-01-29,37.68317794799805
2019-01-30,38.868404388427734
2019-01-31,38.55466842651367
2019-02-01,38.53725051879883
2019-02-04,38.96426773071289
2019-02-05,38.772544860839844
2019-02-06,38.29323196411133
2019-02-07,38.48495101928711
2019-02-08,38.694095611572266
2019-02-11,38.63310241699219
2019-02-12,39.4000129699707
2019-02-13,39.29543685913086
2019-02-14,39.208290100097656
2019-02-15,39.73989486694336
2019-02-19,39.93162155151367
2019-02-20,40.08849334716797
2019-02-21,39.98391342163086
2019-02-22,40.184356689453125
2019-02-25,39.74860382080078
2019-02-26,39.513309478759766
2019-02-27,40.079776763916016
2019-02-28,40.07106399536133
2019-03-01,40.982765197753906
2019-03-04,40.54444122314453
2019-03-05,40.448020935058594
2019-03-06,40.00969314575195
2019-03-07,39.57137680053711
2019-03-08,39.290855407714844
2019-03-11,39.948333740234375
2019-03-12,39.895729064941406
2019-03-13,40.088600158691406
2019-03-14,40.220088958740234
2019-03-15,40.52692413330078
2019-03-18,40.73729705810547
2019-03-19,40.114891052246094
2019-03-20,39.41358184814453
2019-03-21,39.50123977661133
2019-03-22,39.062931060791016
2019-03-25,39.36099624633789
2019-03-26,39.939571380615234
2019-03-27,39.82560348510742
2019-03-28,39.9833984375
2019-03-29,40.193790435791016
2019-04-01,40.956478118896484
2019-04-02,40.47431182861328
2019-04-03,40.9301643371582
2019-04-04,40.96522903442383
2019-04-05,41.17562484741211
2019-04-08,40.185020446777344
2019-04-09,39.76423263549805
2019-04-10,40.50061798095703
2019-04-11,40.58827209472656
2019-04-12,40.78114318847656
2019-04-15,41.03535842895508
2019-04-16,41.833106994628906
2019-04-17,41.762962341308594
2019-04-18,41.78049850463867
2019-04-22,42.762332916259766
2019-04-23,42.516883850097656
2019-04-24,42.516883850097656
2019-04-25,42.70975112915039
2019-04-26,43.0428581237793
2019-04-29,43.393516540527344
2019-04-30,43.235713958740234
2019-05-01,42.9464225769043
2019-05-02,43.060386657714844
2019-05-03,43.402286529541016
2019-05-06,43.235713958740234
2019-05-07,42.341548919677734
2019-05-08,41.47368240356445
2019-05-09,43.14805603027344
2019-05-10,43.03409194946289
2019-05-13,41.55257797241211
2019-05-14,41.6314811706543
2019-05-15,41.39479064941406
2019-05-16,42.1574592590332
2019-05-17,41.10549545288086
2019-05-20,40.868804931640625
2019-05-21,40.89511489868164
2019-05-22,40.89511489868164
2019-05-23,40.21131896972656
2019-05-24,40.868804931640625
2019-05-28,40.87757110595703
2019-05-29,40.10612487792969
2019-05-30,40.263916015625
2019-05-31,39.90205383300781
2019-06-03,39.71670913696289
2019-06-04,40.15800857543945
2019-06-05,39.8226318359375
2019-06-06,40.1491813659668
2019-06-07,40.846431732177734
2019-06-10,41.058258056640625
2019-06-11,40.53752136230469
2019-06-12,40.66108703613281
2019-06-13,40.122711181640625
2019-06-14,39.840274810791016
2019-06-17,39.425453186035156
2019-06-18,40.069759368896484
2019-06-19,40.131526947021484
2019-06-20,40.263916015625
2019-06-21,39.84910202026367
2019-06-24,39.34602737426758
2019-06-25,38.860599517822266
2019-06-26,38.58699035644531
2019-06-27,39.16067886352539
2019-06-28,39.30188751220703
2019-07-01,39.407806396484375
2019-07-02,39.53136444091797
2019-07-03,40.281578063964844
2019-07-05,40.334529876708984
2019-07-08,38.70172882080078
2019-07-09,38.57816696166992
2019-07-10,38.11921310424805
2019-07-11,38.304561614990234
2019-07-12,38.34868621826172
2019-07-15,37.96917724609375
2019-07-16,38.569339752197266
2019-07-17,38.55168533325195
2019-07-18,38.613468170166016
2019-07-19,38.534034729003906
2019-07-22,38.092742919921875
2019-07-23,38.0750846862793
2019-07-24,38.90472412109375
2019-07-25,39.16950225830078
2019-07-26,41.32303237915039
2019-07-29,40.77582550048828
2019-07-30,40.48456954956055
2019-07-31,40.599300384521484
2019-08-01,39.63727951049805
2019-08-02,39.07242202758789
2019-08-05,38.11921310424805
2019-08-06,38.34868621826172
2019-08-07,38.1280517578125
2019-08-08,39.1871452331543
2019-08-09,37.978004455566406
2019-08-12,37.04246520996094
2019-08-13,38.004486083984375
2019-08-14,37.21015167236328
2019-08-15,37.007144927978516
2019-08-16,37.62496566772461
2019-08-19,37.85443878173828
2019-08-20,38.37517166137695
2019-08-21,38.99298858642578
2019-08-22,38.90472412109375
2019-08-23,37.589656829833984
2019-08-26,37.80148696899414
2019-08-27,37.501407623291016
2019-08-28,37.978004455566406
2019-08-29,38.816471099853516
2019-08-30,38.99298858642578
2019-09-03,38.834110260009766
2019-09-04,39.065223693847656
2019-09-05,39.65187072753906
2019-09-06,39.54521179199219
2019-09-09,40.22073745727539
2019-09-10,40.46961212158203
2019-09-11,41.21625518798828
2019-09-12,41.10070037841797
2019-09-13,41.29624557495117
2019-09-16,41.34958267211914
2019-09-17,41.50068283081055
2019-09-18,41.411800384521484
2019-09-19,40.905155181884766
2019-09-20,40.70960998535156
2019-09-23,40.39850616455078
2019-09-24,38.74523162841797
2019-09-25,39.90074920654297
2019-09-26,39.278533935546875
2019-09-27,39.68742370605469
2019-09-30,40.08740997314453
2019-10-01,39.24299240112305
2019-10-02,38.265254974365234
2019-10-03,38.318580627441406
2019-10-04,39.065223693847656
2019-10-07,39.05633544921875
2019-10-08,38.851898193359375
2019-10-09,39.02078628540039
2019-10-10,39.15409851074219
2019-10-11,40.149620056152344
2019-10-14,40.140743255615234
2019-10-15,40.87848663330078
2019-10-16,41.02959060668945
2019-10-17,41.722900390625
2019-10-18,41.77623748779297
2019-10-21,42.17621612548828
2019-10-22,42.096221923828125
2019-10-23,41.474021911621094
2019-10-24,41.10070037841797
2019-10-25,41.305137634277344
2019-10-28,41.758460998535156
2019-10-29,41.88289260864258
2019-10-30,41.92733383178711
2019-10-31,42.00733184814453
2019-11-01,42.15843963623047
2019-11-04,42.949527740478516
2019-11-05,42.48731994628906
2019-11-06,42.80729675292969
2019-11-07,42.56731414794922
2019-11-08,42.65620422363281
2019-11-11,43.00285720825195
2019-11-12,42.789527893066406
2019-11-13,42.35399627685547
2019-11-14,41.90957260131836
2019-11-15,41.9629020690918
2019-11-18,42.22065353393555
2019-11-19,42.37177276611328
2019-11-20,42.39842224121094
2019-11-21,42.22065353393555
2019-11-22,42.291770935058594
2019-11-25,43.171730041503906
2019-11-26,43.04729461669922
2019-11-27,42.851749420166016
2019-11-29,42.37177276611328
2019-12-02,42.56731414794922
2019-12-03,42.309547424316406
2019-12-04,42.88212966918945
2019-12-05,43.38315963745117
2019-12-06,43.38315963745117
2019-12-09,42.855308532714844
2019-12-10,42.7747917175293
2019-12-11,42.58689498901367
2019-12-12,42.515316009521484
2019-12-13,42.622684478759766
2019-12-16,42.989505767822266
2019-12-17,43.38315963745117
2019-12-18,43.12370300292969
2019-12-19,43.42790222167969
2019-12-20,43.80366134643555
2019-12-23,43.55315399169922
2019-12-24,43.571048736572266
2019-12-26,43.82155227661133
2019-12-27,43.78577423095703
2019-12-30,43.94681930541992
2019-12-31,43.723140716552734
2020-01-02,44.20626449584961
2020-01-03,43.76787567138672
2020-01-06,44.251007080078125
2020-01-07,44.37626266479492
2020-01-08,44.93096923828125
2020-01-09,45.18147659301758
2020-01-10,44.78782653808594
2020-01-13,45.34251403808594
2020-01-14,45.145687103271484
2020-01-15,45.4051513671875
2020-01-16,46.55034255981445
2020-01-17,46.96189880371094
2020-01-21,47.09610366821289
2020-01-22,47.16767883300781
2020-01-23,46.9082145690918
2020-01-24,46.44297790527344
2020-01-27,45.91511917114258
2020-01-28,46.37141036987305
2020-01-29,46.88138198852539
2020-01-30,47.310829162597656
2020-01-31,46.38928985595703
2020-02-03,46.89926528930664
2020-02-04,49.81592559814453
2020-02-05,49.994869232177734
2020-02-06,50.21854019165039
2020-02-07,50.39748001098633
2020-02-10,50.567466735839844
2020-02-11,50.826934814453125
2020-02-12,51.095333099365234
2020-02-13,51.131107330322266
2020-02-14,51.596351623535156
2020-02-18,51.62318801879883
2020-02-19,51.82001495361328
2020-02-20,51.66792297363281
2020-02-21,50.800086975097656
2020-02-24,50.03960037231445
2020-02-25,48.75127029418945
2020-02-26,47.90131759643555
2020-02-27,46.14773941040039
2020-02-28,45.825653076171875
2020-03-02,47.981842041015625
2020-03-03,47.087154388427734
2020-03-04,47.5821533203125
2020-03-05,45.7731819152832
2020-03-06,45.13418960571289
2020-03-09,43.58621597290039
2020-03-10,44.90018844604492
2020-03-11,44.02720260620117
2020-03-12,41.957237243652344
2020-03-13,44.009212493896484
2020-03-16,42.12824630737305
2020-03-17,46.11518096923828
2020-03-18,41.759246826171875
2020-03-19,44.17121505737305
2020-03-20,43.856201171875
2020-03-23,43.4332160949707
2020-03-24,42.56922912597656
2020-03-25,41.28224563598633
2020-03-26,42.74022674560547
2020-03-27,41.696250915527344
2020-03-30,43.18122482299805
2020-03-31,46.90714645385742
2020-04-01,48.31113052368164
2020-04-02,50.25509262084961
2020-04-03,52.25306701660156
2020-04-06,51.87507247924805
2020-04-07,50.30009841918945
2020-04-08,50.35409164428711
2020-04-09,50.58808517456055
2020-04-13,50.51609802246094
2020-04-14,50.84008026123047
2020-04-15,50.00310134887695
2020-04-16,50.15609359741211
2020-04-17,51.17307662963867
2020-04-20,50.76808547973633
2020-04-21,51.15507888793945
2020-04-22,52.58606719970703
2020-04-23,50.11109161376953
2020-04-24,49.33710861206055
2020-04-27,50.8760871887207
2020-04-28,52.244056701660156
2020-04-29,53.1800422668457
2020-04-30,53.4410400390625
2020-05-01,51.794063568115234
2020-05-04,52.379058837890625
2020-05-05,52.6490592956543
2020-05-06,52.69404602050781
2020-05-07,53.79203414916992
2020-05-08,55.19601821899414
2020-05-11,56.04198455810547
2020-05-12,53.828033447265625
2020-05-13,54.87200164794922
2020-05-14,54.59300994873047
2020-05-15,55.825992584228516
2020-05-18,57.94995880126953
2020-05-19,54.02603530883789
2020-05-20,53.48603439331055
2020-05-21,53.26103973388672
2020-05-22,53.84602355957031
2020-05-26,53.072044372558594
2020-05-27,54.458011627197266
2020-05-28,53.75603103637695
2020-05-29,54.43102264404297
2020-06-01,54.197017669677734
2020-06-02,54.368011474609375
2020-06-03,53.95403289794922
2020-06-04,54.41541290283203
2020-06-05,54.397315979003906
2020-06-08,55.09389877319336
2020-06-09,54.822505950927734
2020-06-10,54.51490783691406
2020-06-11,51.574764251708984
2020-06-12,51.800933837890625
2020-06-15,52.307552337646484
2020-06-16,52.82320022583008
2020-06-17,54.55110549926758
2020-06-18,53.365997314453125
2020-06-19,52.08137512207031
2020-06-22,51.918540954589844
2020-06-23,51.85520553588867
2020-06-24,50.814849853515625
2020-06-25,50.353477478027344
2020-06-26,48.317989349365234
2020-06-29,48.833641052246094
2020-06-30,50.33538055419922
2020-07-01,50.579647064208984
2020-07-02,51.18576431274414
2020-07-06,52.036136627197266
2020-07-07,50.41680145263672
2020-07-08,50.8691291809082
2020-07-09,50.05494689941406
2020-07-10,49.656890869140625
2020-07-13,49.50309371948242
2020-07-14,49.99160385131836
2020-07-15,51.2852783203125
2020-07-16,51.42097091674805
2020-07-17,51.71046447753906
2020-07-20,51.6019172668457
2020-07-21,51.701416015625
2020-07-22,50.814849853515625
2020-07-23,51.03197479248047
2020-07-24,50.8691291809082
2020-07-27,50.688201904296875
2020-07-28,50.7243766784668
2020-07-29,49.901145935058594
2020-07-30,49.349300384521484
2020-07-31,49.57546615600586
2020-08-03,50.706298828125
2020-08-04,50.1453971862793
2020-08-05,51.83712387084961
2020-08-06,51.78284454345703
2020-08-07,51.56572341918945
2020-08-10,51.312416076660156
2020-08-11,51.547630310058594
2020-08-12,51.77379608154297
2020-08-13,51.49335479736328
2020-08-14,51.88235855102539
2020-08-17,52.379920959472656
2020-08-18,52.56990051269531
2020-08-19,52.6965446472168
2020-08-20,52.85033416748047
2020-08-21,53.0946044921875
2020-08-24,53.4293327331543
2020-08-25,54.58728790283203
2020-08-26,54.03544235229492
2020-08-27,53.80024337768555
2020-08-28,53.79119110107422
2020-08-31,53.01317596435547
2020-09-01,53.8228874206543
2020-09-02,54.587100982666016
2020-09-03,53.57725143432617
2020-09-04,53.568153381347656
2020-09-08,52.74024200439453
2020-09-09,53.99575424194336
2020-09-10,52.66746139526367
2020-09-11,52.26716613769531
2020-09-14,53.51356887817383
2020-09-15,53.26791763305664
2020-09-16,53.66822814941406
2020-09-17,53.568153381347656
2020-09-18,52.80393981933594
2020-09-21,51.502933502197266
2020-09-22,51.92144012451172
2020-09-23,51.020751953125
2020-09-24,51.11173629760742
2020-09-25,51.12992477416992
2020-09-28,51.912349700927734
2020-09-29,52.80393981933594
2020-09-30,53.722808837890625
2020-10-01,54.05942916870117
2020-10-02,54.06853103637695
2020-10-05,54.94192886352539
2020-10-06,55.269439697265625
2020-10-07,55.87900161743164
2020-10-08,56.64322280883789
2020-10-09,57.762264251708984
2020-10-12,58.189849853515625
2020-10-13,58.308128356933594
2020-10-14,57.99879837036133
2020-10-15,58.46279525756836
2020-10-16,58.544677734375
2020-10-19,57.50751495361328
2020-10-20,57.60759353637695
2020-10-21,57.534820556640625
2020-10-22,57.543914794921875
2020-10-23,57.716766357421875
2020-10-26,57.007137298583984
2020-10-27,58.8722038269043
2020-10-28,57.27097702026367
2020-10-29,57.389251708984375
2020-10-30,57.043521881103516
2020-11-02,55.933589935302734
2020-11-03,56.3611946105957
2020-11-04,58.098873138427734
2020-11-05,58.99956130981445
2020-11-06,58.10798263549805
2020-11-09,57.38014602661133
2020-11-10,59.081451416015625
2020-11-11,58.97227478027344
2020-11-12,58.83580780029297
2020-11-13,59.17241668701172
2020-11-16,58.62656021118164
2020-11-17,58.2535400390625
2020-11-18,57.4984245300293
2020-11-19,57.33466720581055
2020-11-20,56.38847732543945
2020-11-23,56.697811126708984
2020-11-24,58.23534393310547
2020-11-25,59.13602828979492
2020-11-27,59.13602828979492
2020-11-30,58.93588638305664
2020-12-01,60.28010940551758
2020-12-02,59.33824157714844
2020-12-03,60.09723663330078
2020-12-04,61.14883804321289
2020-12-07,62.648529052734375
2020-12-08,63.38922119140625
2020-12-09,63.50807571411133
2020-12-10,63.89215087890625
2020-12-11,64.10247802734375
2020-12-14,62.355892181396484
2020-12-15,62.346763610839844
2020-12-16,62.41990661621094
2020-12-17,62.648529052734375
2020-12-18,62.28274917602539
2020-12-21,62.639381408691406
2020-12-22,62.118133544921875
2020-12-23,62.20045471191406
2020-12-24,61.404869079589844
2020-12-28,62.08157730102539
2020-12-29,61.16712188720703
2020-12-30,60.77392578125
2020-12-31,61.47804641723633
2021-01-04,61.16712188720703
2021-01-05,60.89278030395508
2021-01-06,62.8131217956543
2021-01-07,64.71516418457031
2021-01-08,65.0626449584961
2021-01-11,65.40099334716797
2021-01-12,65.98624420166016
2021-01-13,66.05937957763672
2021-01-14,65.0809326171875
2021-01-15,64.09335327148438
2021-01-19,65.55646514892578
2021-01-20,65.11751556396484
2021-01-21,64.6602783203125
2021-01-22,64.2762222290039
2021-01-25,64.77002716064453
2021-01-26,63.68183517456055
2021-01-27,61.59691619873047
2021-01-28,61.92610549926758
2021-01-29,59.301658630371094
2021-02-01,61.11225509643555
2021-02-02,60.85621643066406
2021-02-03,60.536155700683594
2021-02-04,59.832035064697266
2021-02-05,60.55445098876953
2021-02-08,62.29188537597656
2021-02-09,60.691612243652344
2021-02-10,60.49044418334961
2021-02-11,61.13054656982422
2021-02-12,61.496337890625
2021-02-16,61.87126159667969
2021-02-17,60.85621643066406
2021-02-18,60.691612243652344
2021-02-19,59.676578521728516
2021-02-22,59.9509162902832
2021-02-23,60.24353790283203
2021-02-24,59.33824157714844
2021-02-25,58.58839416503906
2021-02-26,58.122032165527344
2021-03-01,59.822574615478516
2021-03-02,59.21588897705078
2021-03-03,59.72145462036133
2021-03-04,60.01561737060547
2021-03-05,59.868534088134766
2021-03-08,61.91838455200195
2021-03-09,62.17576217651367
2021-03-10,61.881622314453125
2021-03-11,62.59860610961914
2021-03-12,62.75486755371094
2021-03-15,62.708919525146484
2021-03-16,62.53425598144531
2021-03-17,62.433135986328125
2021-03-18,62.58022689819336
2021-03-19,61.504737854003906
2021-03-22,60.631492614746094
2021-03-23,60.49359893798828
2021-03-24,60.6866340637207
2021-03-25,60.695823669433594
2021-03-26,62.065460205078125
2021-03-29,61.73455810546875
2021-03-30,61.82646942138672
2021-03-31,61.137046813964844
2021-04-01,63.08580017089844
2021-04-05,63.96822738647461
2021-04-06,63.11336898803711
2021-04-07,62.88355255126953
2021-04-08,60.98997497558594
2021-04-09,60.54875183105469
2021-04-12,61.348480224609375
2021-04-13,60.07076644897461
2021-04-14,60.741790771484375
2021-04-15,60.80613708496094
2021-04-16,62.07465744018555
2021-04-19,62.75486755371094
2021-04-20,61.81727981567383
2021-04-21,62.690521240234375
2021-04-22,62.51588821411133
2021-04-23,64.12450408935547
2021-04-26,62.993865966796875
2021-04-27,63.600563049316406
2021-04-28,63.11336898803711
2021-04-29,62.920326232910156
2021-04-30,60.91643524169922
2021-05-03,61.1094970703125
2021-05-04,60.66825485229492
2021-05-05,61.054325103759766
2021-05-06,61.55988693237305
2021-05-07,62.479103088378906
2021-05-10,61.42201232910156
2021-05-11,60.567134857177734
2021-05-12,64.68522644042969
2021-05-13,66.4317626953125
2021-05-14,68.02198028564453
2021-05-17,68.17825317382812
2021-05-18,66.68912506103516
2021-05-19,67.46125030517578
2021-05-20,67.70024871826172
2021-05-21,68.18743896484375
2021-05-24,68.39885711669922
2021-05-25,66.99246215820312
2021-05-26,67.7462158203125
2021-05-27,68.14146423339844
2021-05-28,68.84007263183594
2021-06-01,69.10820770263672
2021-06-02,68.92329406738281
2021-06-03,69.14518737792969
2021-06-04,69.66292572021484
2021-06-07,70.09742736816406
2021-06-08,70.49498748779297
2021-06-09,71.09593200683594
2021-06-10,72.96345520019531
2021-06-11,73.66609954833984
2021-06-14,73.03742980957031
2021-06-15,73.30552673339844
2021-06-16,73.91573333740234
2021-06-17,71.53968811035156
2021-06-18,70.4857406616211
2021-06-21,72.04817199707031
2021-06-22,71.94648742675781
2021-06-23,72.61215209960938
2021-06-24,73.69384002685547
2021-06-25,74.7385482788086
2021-06-28,75.25629425048828
2021-06-29,74.96043395996094
2021-06-30,75.61685180664062
2021-07-01,75.41345977783203
2021-07-02,75.98666381835938
2021-07-06,76.04212188720703
2021-07-07,76.39344024658203
2021-07-08,74.57213592529297
2021-07-09,74.65534210205078
2021-07-12,76.06062316894531
2021-07-13,76.45816802978516
2021-07-14,74.26704406738281
2021-07-15,74.20233154296875
2021-07-16,74.46118927001953
2021-07-19,74.22083282470703
2021-07-20,75.58912658691406
2021-07-21,76.87420654296875
2021-07-22,77.96512603759766
2021-07-23,79.59230041503906
2021-07-26,79.83268737792969
2021-07-27,78.86192321777344
2021-07-28,79.92513275146484
2021-07-29,82.00531768798828
2021-07-30,82.37512969970703
2021-08-02,83.17021179199219
2021-08-03,77.3179702758789
2021-08-04,78.96363067626953
2021-08-05,80.16549682617188
2021-08-06,80.24871826171875
2021-08-09,81.3211669921875
2021-08-10,81.70945739746094
2021-08-11,82.0977783203125
2021-08-12,81.496826171875
2021-08-13,82.23644256591797
2021-08-16,82.49533081054688
2021-08-17,81.4875717163086
2021-08-18,81.1085433959961
2021-08-19,80.00833892822266
2021-08-20,82.56004333496094
2021-08-23,83.41983795166016
2021-08-24,83.2811508178711
2021-08-25,83.39208984375
2021-08-26,82.36589050292969
2021-08-27,83.66944885253906
2021-08-30,83.466064453125
2021-08-31,83.39208984375
2021-09-01,83.95877075195312
2021-09-02,84.37678527832031
2021-09-03,83.90302276611328
2021-09-07,82.95549774169922
2021-09-08,83.05768585205078
2021-09-09,83.6521987915039
2021-09-10,82.444580078125
2021-09-13,82.99264526367188
2021-09-14,82.76970672607422
2021-09-15,84.5997314453125
2021-09-16,84.91559600830078
2021-09-17,84.72048950195312
2021-09-20,84.36749267578125
2021-09-21,84.13526153564453
2021-09-22,84.84127807617188
2021-09-23,87.36803436279297
2021-09-24,88.59423828125
2021-09-27,88.76146697998047
2021-09-28,85.59371948242188
2021-09-29,85.19426727294922
2021-09-30,85.55655670166016
2021-10-01,86.8106460571289
2021-10-04,88.12975311279297
2021-10-05,90.95378875732422
2021-10-06,91.20459747314453
2021-10-07,92.60731506347656
2021-10-08,92.41223907470703
2021-10-11,91.1302719116211
2021-10-12,91.4832763671875
2021-10-13,91.89200592041016
2021-10-14,93.89855194091797
2021-10-15,94.10293579101562
2021-10-18,96.26737213134766
2021-10-19,97.2706527709961
2021-10-20,96.23951721191406
2021-10-21,95.0411605834961
2021-10-22,95.88651275634766
2021-10-25,96.83404541015625
2021-10-26,96.49034118652344
2021-10-27,92.80239868164062
2021-10-28,94.66957092285156
2021-10-29,104.1170425415039
2021-11-01,108.00006866455078
2021-11-02,109.3470458984375
2021-11-03,110.0994873046875
2021-11-04,109.5514144897461
2021-11-05,108.19512939453125
2021-11-08,108.34378051757812
2021-11-09,109.01260375976562
2021-11-10,108.56672668457031
2021-11-11,110.50823974609375
2021-11-12,109.70933532714844
2021-11-15,107.98149108886719
2021-11-16,108.76179504394531
2021-11-17,108.06507873535156
2021-11-18,109.07763671875
2021-11-19,107.86073303222656
2021-11-22,107.08039093017578
2021-11-23,108.22300720214844
2021-11-24,107.76783752441406
2021-11-26,103.8662109375
2021-11-29,104.20993041992188
2021-11-30,100.82855987548828
2021-12-01,98.58084869384766
2021-12-02,101.56534576416016
2021-12-03,98.03992462158203
2021-12-06,99.59744262695312
2021-12-07,101.43477630615234
2021-12-08,97.2471694946289
2021-12-09,94.20677185058594
2021-12-10,92.76113891601562
2021-12-13,93.16217803955078
2021-12-14,94.89691162109375
2021-12-15,94.70105743408203
2021-12-16,95.13938903808594
2021-12-17,92.97565460205078
2021-12-20,92.97565460205078
2021-12-21,94.48653411865234
2021-12-22,94.92488861083984
2021-12-23,96.622314453125
2021-12-27,98.37570190429688
2021-12-28,98.47827911376953
2021-12-29,97.86272430419922
2021-12-30,96.31453704833984
2021-12-31,96.54769897460938
2022-01-03,97.47100830078125
2022-01-04,101.910400390625
2022-01-05,97.85340881347656
2022-01-06,102.70317077636719
2022-01-07,103.82234191894531
2022-01-10,107.63687133789062
2022-01-11,110.12703704833984
2022-01-12,111.4793930053711
2022-01-13,109.5581283569336
2022-01-14,107.21717834472656
2022-01-18,99.79331970214844
2022-01-19,97.32179260253906
2022-01-20,97.0606460571289
2022-01-21,94.66373443603516
2022-01-24,95.18601989746094
2022-01-25,95.279296875
2022-01-26,95.16736602783203
2022-01-27,95.26065063476562
2022-01-28,97.30313873291016
2022-01-31,99.12179565429688
2022-02-01,99.01921844482422
2022-02-02,96.45443725585938
2022-02-03,95.73629760742188
2022-02-04,97.94666290283203
2022-02-07,98.05858612060547
2022-02-08,100.7259521484375
2022-02-09,105.35187530517578
2022-02-10,102.63787841796875
2022-02-11,101.15497589111328
2022-02-14,102.89901733398438
2022-02-15,103.8503189086914
2022-02-16,104.91352844238281
2022-02-17,103.43063354492188
2022-02-18,101.04305267333984
2022-02-22,97.92802429199219
2022-02-23,94.29067993164062
2022-02-24,94.3466567993164
2022-02-25,96.02540588378906
2022-02-28,95.93215942382812
2022-03-01,93.42217254638672
2022-03-02,96.11009216308594
2022-03-03,96.007080078125
2022-03-04,93.0194320678711
2022-03-07,91.37108612060547
2022-03-08,88.85173034667969
2022-03-09,91.86746215820312
2022-03-10,90.82789611816406
2022-03-11,89.23572540283203
2022-03-14,89.83511352539062
2022-03-15,91.41790771484375
2022-03-16,92.17652893066406
2022-03-17,91.44601440429688
2022-03-18,91.8487319946289
2022-03-21,86.53842163085938
2022-03-22,86.93177795410156
2022-03-23,84.5622787475586
2022-03-24,85.40518188476562
2022-03-25,83.78491973876953
2022-03-28,85.22723388671875
2022-03-29,87.25019073486328
2022-03-30,84.96499633789062
2022-03-31,82.23023223876953
2022-04-01,83.35411071777344
2022-04-04,83.7287368774414
2022-04-05,83.35411071777344
2022-04-06,78.98971557617188
2022-04-07,78.47461700439453
2022-04-08,77.25706481933594
2022-04-11,76.919921875
2022-04-12,76.49846649169922
2022-04-13,77.30390930175781
2022-04-14,76.94801330566406
2022-04-18,77.43502807617188
2022-04-19,81.01270294189453
2022-04-20,82.2021484375
2022-04-21,81.73384094238281
2022-04-22,79.8700942993164
2022-04-25,80.69426727294922
2022-04-26,79.44862365722656
2022-04-27,79.89817810058594
2022-04-28,81.70574951171875
2022-04-29,78.00633239746094
2022-05-02,80.5444107055664
2022-05-03,79.05528259277344
2022-05-04,80.53504943847656
2022-05-05,80.00120544433594
2022-05-06,79.60784912109375
2022-05-09,79.98248291015625
2022-05-10,78.13744354248047
2022-05-11,77.05104064941406
2022-05-12,78.01571655273438
2022-05-13,79.28943634033203
2022-05-16,80.22599029541016
2022-05-17,81.87433624267578
2022-05-18,79.65469360351562
2022-05-19,79.27069854736328
2022-05-20,78.6431884765625
2022-05-23,79.31752014160156
2022-05-24,76.79816436767578
2022-05-25,78.35286712646484
2022-05-26,78.47461700439453
2022-05-27,80.46012115478516
2022-05-31,80.48822784423828
2022-06-01,78.93330383300781
2022-06-02,81.64735412597656
2022-06-03,79.82855987548828
2022-06-06,80.601318359375
2022-06-07,80.76152038574219
2022-06-08,78.74481964111328
2022-06-09,76.9637451171875
2022-06-10,75.5972900390625
2022-06-13,74.05180358886719
2022-06-14,74.9847412109375
2022-06-15,74.85282135009766
2022-06-16,72.55342864990234
2022-06-17,72.11993408203125
2022-06-21,73.80677795410156
2022-06-22,73.86332702636719
2022-06-23,73.83506774902344
2022-06-24,76.63390350341797
2022-06-27,76.6244888305664
2022-06-28,77.3972396850586
2022-06-29,76.23811340332031
2022-06-30,74.38164520263672
2022-07-01,73.81622314453125
2022-07-05,74.82454681396484
2022-07-06,74.73031616210938
2022-07-07,76.9731674194336
2022-07-08,75.61614227294922
2022-07-11,73.16596984863281
2022-07-12,73.74081420898438
2022-07-13,73.42042541503906
2022-07-14,70.70636749267578
2022-07-15,73.42042541503906
2022-07-18,73.20368194580078
2022-07-19,75.79519653320312
2022-07-20,75.95540618896484
2022-07-21,76.75641632080078
2022-07-22,76.90719604492188
2022-07-25,76.91661834716797
2022-07-26,77.23704528808594
2022-07-27,77.7364730834961
2022-07-28,80.31859588623047
2022-07-29,79.68720245361328
2022-08-01,79.91337585449219
2022-08-02,79.03697967529297
2022-08-03,81.25154876708984
2022-08-04,81.22328186035156
2022-08-05,80.74266815185547
2022-08-08,80.89344787597656
2022-08-09,80.03588104248047
2022-08-10,81.73216247558594
2022-08-11,81.92063903808594
2022-08-12,82.71224212646484
2022-08-15,83.74884033203125
2022-08-16,82.79704284667969
2022-08-17,82.29759979248047
2022-08-18,81.93948364257812
2022-08-19,80.15837860107422
2022-08-22,76.5962142944336
2022-08-23,76.23811340332031
2022-08-24,76.08734130859375
2022-08-25,77.62340545654297
2022-08-26,75.38053894042969
2022-08-29,74.44758605957031
2022-08-30,74.127197265625
2022-08-31,73.9764175415039
2022-09-01,73.76768493652344
2022-09-02,71.54754638671875
2022-09-06,73.45458221435547
2022-09-07,73.9953842163086
2022-09-08,73.98590087890625
2022-09-09,77.0030288696289
2022-09-12,78.01822662353516
2022-09-13,74.7544174194336
2022-09-14,74.52671813964844
2022-09-15,76.11116790771484
2022-09-16,76.05423736572266
2022-09-19,77.8948745727539
2022-09-20,76.23451232910156
2022-09-21,75.68421936035156
2022-09-22,75.32367706298828
2022-09-23,72.98019409179688
2022-09-26,72.80940246582031
2022-09-27,71.21546173095703
2022-09-28,72.70504760742188
2022-09-29,72.3160629272461
2022-09-30,71.51908111572266
2022-10-03,72.76197814941406
2022-10-04,77.0219955444336
2022-10-05,76.31041717529297
2022-10-06,75.47549438476562
2022-10-07,73.41663360595703
2022-10-10,73.9953842163086
2022-10-11,73.98590087890625
2022-10-12,75.28572845458984
2022-10-13,77.61023712158203
2022-10-14,75.5229263305664
2022-10-17,76.01629638671875
2022-10-18,77.61973571777344
2022-10-19,76.41478729248047
2022-10-20,75.06751251220703
2022-10-21,77.57229614257812
2022-10-24,78.03718566894531
2022-10-25,76.14912414550781
2022-10-26,77.96129608154297
2022-10-27,79.06187438964844
2022-10-28,85.19100952148438
2022-10-31,84.74507141113281
2022-11-01,86.35800170898438
2022-11-02,86.5287857055664
2022-11-03,86.19670104980469
2022-11-04,88.44532775878906
2022-11-07,89.0051040649414
2022-11-08,88.94817352294922
2022-11-09,87.10753631591797
2022-11-10,91.00701904296875
2022-11-11,91.21575927734375
2022-11-14,92.98049926757812
2022-11-15,96.37711334228516
2022-11-16,94.48905181884766
2022-11-17,91.9178466796875
2022-11-18,92.1645278930664
2022-11-21,92.5440444946289
2022-11-22,93.47386169433594
2022-11-23,94.17594146728516
2022-11-25,94.69776916503906
2022-11-28,92.24042510986328
2022-11-29,91.34857940673828
2022-11-30,93.31255340576172
2022-12-01,94.5240478515625
2022-12-02,95.02961730957031
2022-12-05,93.00731658935547
2022-12-06,93.01685333251953
2022-12-07,92.01522064208984
2022-12-08,89.73534393310547
2022-12-09,89.25840759277344
2022-12-12,89.24885559082031
2022-12-13,88.91499328613281
2022-12-14,89.29655456542969
2022-12-15,87.15023040771484
2022-12-16,87.82752990722656
2022-12-19,85.0706787109375
2022-12-20,85.33778381347656
2022-12-21,87.6939697265625
2022-12-22,84.71773529052734
2022-12-23,85.04206085205078
2022-12-27,84.56509399414062
2022-12-28,83.79242706298828
2022-12-29,84.60326385498047
2022-12-30,83.14376831054688
2023-01-03,83.84013366699219
2023-01-04,84.17399597167969
2023-01-05,84.00228118896484
2023-01-06,86.21538543701172
2023-01-09,86.41571044921875
2023-01-10,89.03899383544922
2023-01-11,90.52710723876953
2023-01-12,91.81490325927734
2023-01-13,93.39842224121094
2023-01-17,92.13922882080078
2023-01-18,92.12016296386719
2023-01-19,91.35701751708984
2023-01-20,92.53988647460938
2023-01-23,93.4842758178711
2023-01-24,92.4826431274414
2023-01-25,91.74813079833984
2023-01-26,92.4826431274414
2023-01-27,92.68297576904297
2023-01-30,93.15040588378906
2023-01-31,94.50495147705078
2023-02-01,92.99775695800781
2023-02-02,94.9246826171875
2023-02-03,96.13616180419922
2023-02-06,94.31417846679688
2023-02-07,93.62736511230469
2023-02-08,92.80699157714844
2023-02-09,90.23139190673828
2023-02-10,91.59550476074219
2023-02-13,93.54149627685547
2023-02-14,93.2076416015625
2023-02-15,92.3109359741211
2023-02-16,92.34911346435547
2023-02-17,94.60035705566406
2023-02-21,92.81651306152344
2023-02-22,91.52872467041016
2023-02-23,90.87052154541016
2023-02-24,90.30770874023438
2023-02-27,90.36493682861328
2023-02-28,91.29023742675781
2023-03-01,91.31901550292969
2023-03-02,90.94490814208984
2023-03-03,91.7602767944336
2023-03-06,90.50367736816406
2023-03-07,89.0168685913086
2023-03-08,88.92093658447266
2023-03-09,86.44612884521484
2023-03-10,84.20150756835938
2023-03-13,81.88016510009766
2023-03-14,85.09361267089844
2023-03-15,86.36937713623047
2023-03-16,88.9305419921875
2023-03-17,87.1463623046875
2023-03-20,89.05522918701172
2023-03-21,90.29264831542969
2023-03-22,88.1055908203125
2023-03-23,88.35499572753906
2023-03-24,86.11997985839844
2023-03-27,86.06241607666016
2023-03-28,85.90895080566406
2023-03-29,84.74828338623047
2023-03-30,82.7818603515625
2023-03-31,83.92333984375
2023-04-03,83.54924011230469
2023-04-04,81.48687744140625
2023-04-05,81.85139465332031
2023-04-06,81.81302642822266
2023-04-10,81.95691680908203
2023-04-11,82.97370147705078
2023-04-12,83.47248077392578
2023-04-13,84.62358856201172
2023-04-14,86.68592071533203
2023-04-17,86.92575073242188
2023-04-18,88.52766418457031
2023-04-19,89.05522918701172
2023-04-20,89.78426361083984
2023-04-21,90.95452117919922
2023-04-24,90.02406311035156
2023-04-25,88.6811294555664
2023-04-26,87.28065490722656
2023-04-27,88.11519622802734
2023-04-28,87.65475463867188
2023-05-01,87.29025268554688
2023-05-02,85.14157104492188
2023-05-03,83.96170806884766
2023-05-04,82.8298110961914
2023-05-05,83.75067138671875
2023-05-08,82.80103302001953
2023-05-09,83.4245376586914
2023-05-10,87.8274154663086
2023-05-11,85.7267074584961
2023-05-12,85.08399963378906
2023-05-15,85.41015625
2023-05-16,84.29743194580078
2023-05-17,85.81303405761719
2023-05-18,85.22789001464844
2023-05-19,84.16314697265625
2023-05-22,84.47969818115234
2023-05-23,84.0096664428711
2023-05-24,84.02886199951172
2023-05-25,83.7219009399414
2023-05-26,85.03604125976562
2023-05-30,85.37178039550781
2023-05-31,83.75067138671875
2023-06-01,84.57119750976562
2023-06-02,87.30303192138672
2023-06-05,86.63697052001953
2023-06-06,88.06562805175781
2023-06-07,88.53862762451172
2023-06-08,88.11388397216797
2023-06-09,88.6255111694336
2023-06-12,87.58296966552734
2023-06-13,89.00199127197266
2023-06-14,90.22793579101562
2023-06-15,91.46353912353516
2023-06-16,91.2029037475586
2023-06-20,90.82643127441406
2023-06-21,90.76850891113281
2023-06-22,91.02913665771484
2023-06-23,90.60441589355469
2023-06-26,91.99447631835938
2023-06-27,92.525390625
2023-06-28,93.31693267822266
2023-06-29,95.45027923583984
2023-06-30,94.9000473022461
2023-07-03,95.31512451171875
2023-07-05,92.62191009521484
2023-07-06,91.55040740966797
2023-07-07,91.95584869384766
2023-07-10,92.5639877319336
2023-07-11,93.40382385253906
2023-07-12,95.86537170410156
2023-07-13,97.5546646118164
2023-07-14,98.19178009033203
2023-07-17,99.17639923095703
2023-07-18,100.2961654663086
2023-07-19,100.60507202148438
2023-07-20,101.19390869140625
2023-07-21,100.59541320800781
2023-07-24,100.88500213623047
2023-07-25,103.40447235107422
2023-07-26,104.51458740234375
2023-07-27,102.40054321289062
2023-07-28,95.78813934326172
2023-07-31,96.38663482666016
2023-08-01,96.9658203125
2023-08-02,96.08739471435547
2023-08-03,96.7437973022461
2023-08-04,96.77276611328125
2023-08-07,97.01409149169922
2023-08-08,96.18391418457031
2023-08-09,96.45420837402344
2023-08-10,98.30760955810547
2023-08-11,98.57789611816406
2023-08-14,98.11454010009766
2023-08-15,97.28438568115234
2023-08-16,96.36732482910156
2023-08-17,96.21288299560547
2023-08-18,97.08167266845703
2023-08-21,97.05270385742188
2023-08-22,96.70520782470703
2023-08-23,97.70911407470703
2023-08-24,98.18211364746094
2023-08-25,98.75166320800781
2023-08-28,100.22860717773438
2023-08-29,102.0144271850586
2023-08-30,102.57430267333984
2023-08-31,102.21527099609375
2023-09-01,103.35057830810547
2023-09-05,99.97380065917969
2023-09-06,100.53660583496094
2023-09-07,100.71126556396484
2023-09-08,101.45841979980469
2023-09-11,102.47726440429688
2023-09-12,103.43790435791016
2023-09-13,104.51496887207031
2023-09-14,106.16455078125
2023-09-15,106.17425537109375
2023-09-18,106.79527282714844
2023-09-19,105.76671600341797
2023-09-20,104.96133422851562
2023-09-21,104.09772491455078
2023-09-22,104.38883972167969
2023-09-25,104.62171173095703
2023-09-26,102.31232452392578
2023-09-27,102.82658386230469
2023-09-28,105.3882827758789
2023-09-29,103.94248962402344
2023-10-02,102.39965057373047
2023-10-03,101.21582794189453
2023-10-04,101.94359588623047
2023-10-05,103.73871612548828
2023-10-06,104.15595245361328
2023-10-09,104.95164489746094
2023-10-10,104.41793823242188
2023-10-11,105.79582214355469
2023-10-12,104.60231018066406
2023-10-13,104.3209228515625
2023-10-16,104.4955825805664
2023-10-17,104.79637145996094
2023-10-18,102.16675567626953
2023-10-19,99.77973175048828
2023-10-20,98.20779418945312
2023-10-23,97.33448028564453
2023-10-24,95.19003295898438
2023-10-25,94.06446075439453
2023-10-26,96.55821990966797
2023-10-27,95.51026153564453
2023-10-30,96.6746597290039
2023-10-31,97.53825378417969
2023-11-01,98.9549560546875
2023-11-02,100.83740234375
2023-11-03,102.6616439819336
2023-11-06,101.5069351196289
2023-11-07,99.84765625
2023-11-08,99.74093627929688
2023-11-09,99.00347137451172
2023-11-10,99.5856704711914
2023-11-13,99.70211029052734
2023-11-14,101.0799789428711
2023-11-15,101.62337493896484
2023-11-16,101.332275390625
2023-11-17,101.00235748291016
2023-11-20,100.09025573730469
2023-11-21,99.90587615966797
2023-11-22,102.45784759521484
2023-11-24,102.86540985107422
2023-11-27,103.26324462890625
2023-11-28,101.9241714477539
2023-11-29,102.82658386230469
2023-11-30,105.07001495361328
2023-12-01,107.22563934326172
2023-12-04,112.27821350097656
2023-12-05,109.97626495361328
2023-12-06,109.56661224365234
2023-12-07,109.76168060302734
2023-12-08,111.12723541259766
2023-12-11,112.59034729003906
2023-12-12,113.77056884765625
2023-12-13,114.58991241455078
2023-12-14,118.58903503417969
2023-12-15,119.0572280883789
2023-12-18,117.21373748779297
2023-12-19,116.68701171875
2023-12-20,115.53604888916016
2023-12-21,116.72602844238281
2023-12-22,117.54536437988281
2023-12-26,118.38420104980469
2023-12-27,119.18405151367188
2023-12-28,118.27691650390625
2023-12-29,116.96012878417969
2024-01-02,116.16029357910156
2024-01-03,113.87786102294922
2024-01-04,111.78076171875
2024-01-05,112.0831298828125
2024-01-08,113.94613647460938
2024-01-09,112.31722259521484
2024-01-10,111.33206939697266
2024-01-11,111.41985321044922
2024-01-12,111.6539535522461
2024-01-16,114.27777862548828
2024-01-17,113.92665100097656
2024-01-18,114.5411376953125
2024-01-19,116.4041519165039
2024-01-22,118.44274139404297
2024-01-23,119.36935424804688
2024-01-24,118.69635009765625
2024-01-25,119.349853515625
2024-01-26,117.94527435302734
2024-01-29,120.0521469116211
2024-01-30,119.88634490966797
2024-01-31,116.83332061767578
2024-02-01,118.86214447021484
2024-02-02,123.77816009521484
2024-02-05,121.21285247802734
2024-02-06,121.12508392333984
2024-02-07,121.5054931640625
2024-02-08,122.31507873535156
2024-02-09,123.74890899658203
2024-02-12,125.56314086914062
2024-02-13,122.54916381835938
2024-02-14,125.47534942626953
2024-02-15,127.84556579589844
2024-02-16,128.44056701660156
2024-02-20,126.39224243164062
2024-02-21,126.68485260009766
2024-02-22,128.36253356933594
2024-02-23,128.6063995361328
2024-02-26,127.72853088378906
2024-02-27,126.37271118164062
2024-02-28,125.81675720214844
2024-02-29,126.03225708007812
2024-03-01,124.64125061035156
2024-03-04,123.28944396972656
2024-03-05,122.2608871459961
2024-03-06,121.94742584228516
2024-03-07,121.5457992553711
2024-03-08,121.98660278320312
2024-03-11,121.99640655517578
2024-03-12,120.29195404052734
2024-03-13,122.30006408691406
2024-03-14,121.5457992553711
2024-03-15,121.73191833496094
2024-03-18,120.13520812988281
2024-03-19,120.3801040649414
2024-03-20,121.51641082763672
2024-03-21,124.9547119140625
2024-03-22,122.927001953125
2024-03-25,122.78005981445312
2024-03-26,122.14334106445312
2024-03-27,125.2681884765625
2024-03-28,125.57186126708984
2024-04-01,125.54247283935547
2024-04-02,125.72859191894531
2024-04-03,126.50245666503906
2024-04-04,126.47306823730469
2024-04-05,127.7660903930664
2024-04-08,129.93096923828125
2024-04-09,128.47137451171875
2024-04-10,126.5710220336914
2024-04-11,124.59228515625
2024-04-12,122.48619842529297
2024-04-15,121.3498764038086
2024-04-16,121.59477996826172
2024-04-17,120.31153106689453
2024-04-18,119.8805160522461
2024-04-19,121.24211883544922
2024-04-22,125.35635375976562
2024-04-23,127.07060241699219
2024-04-24,125.38572692871094
2024-04-25,124.43555450439453
2024-04-26,124.11228942871094
2024-04-29,125.35635375976562
2024-04-30,124.88615417480469
2024-05-01,124.73921203613281
2024-05-02,127.88365173339844
2024-05-03,129.20606994628906
2024-05-06,131.3905487060547
2024-05-07,131.49830627441406
2024-05-08,130.17588806152344
2024-05-09,131.84115600585938
2024-05-10,132.59542846679688
2024-05-13,133.1831817626953
2024-05-14,134.0060272216797
2024-05-15,133.3496856689453
2024-05-16,130.62646484375
2024-05-17,131.3513641357422
2024-05-20,132.57579040527344
2024-05-21,133.4280548095703
2024-05-22,131.58645629882812
2024-05-23,131.34156799316406
2024-05-24,132.9480743408203
2024-05-28,131.55706787109375
2024-05-29,129.52931213378906
2024-05-30,131.26318359375
2024-05-31,132.58563232421875
2024-06-03,131.6510772705078
2024-06-04,130.52964782714844
2024-06-05,131.06085205078125
2024-06-06,129.78201293945312
2024-06-07,128.44418334960938
2024-06-10,128.14906311035156
2024-06-11,125.21756744384766
2024-06-12,127.33256530761719
2024-06-13,126.03404998779297
2024-06-14,126.66361999511719
2024-06-17,128.85733032226562
2024-06-18,131.52320861816406
2024-06-20,130.6378631591797
2024-06-21,127.67684936523438
2024-06-24,128.40480041503906
2024-06-25,128.81796264648438
2024-06-26,129.38853454589844
2024-06-27,131.6805877685547
2024-06-28,132.66432189941406
2024-07-01,133.14634704589844
2024-07-02,131.92654418945312
2024-07-03,132.44790649414062
2024-07-05,134.0218505859375
2024-07-08,132.0347442626953
2024-07-09,132.82171630859375
2024-07-10,135.23184204101562
2024-07-11,136.49098205566406
2024-07-12,139.12734985351562
2024-07-15,141.6456756591797
2024-07-16,145.8953399658203
2024-07-17,145.86582946777344
2024-07-18,143.7311553955078
2024-07-19,141.63583374023438
2024-07-22,143.00318908691406
2024-07-23,142.23590087890625
2024-07-24,140.44554138183594
2024-07-25,144.00660705566406
2024-07-26,147.54798889160156
2024-07-29,145.3641357421875
2024-07-30,146.23965454101562
2024-07-31,147.8037567138672
2024-08-01,145.10836791992188
2024-08-02,143.18028259277344
2024-08-05,142.34410095214844
2024-08-06,143.908203125
2024-08-07,141.7834014892578
2024-08-08,146.65280151367188
2024-08-09,147.42991638183594
2024-08-12,144.4296112060547
2024-08-13,146.00357055664062
2024-08-14,147.69554138183594
2024-08-15,148.75794982910156
2024-08-16,150.16468811035156
2024-08-19,150.24337768554688
2024-08-20,148.87600708007812
2024-08-21,150.24337768554688
2024-08-22,150.67620849609375
2024-08-23,152.8207244873047
2024-08-26,152.11244201660156
2024-08-27,150.75489807128906
2024-08-28,151.6796112060547
2024-08-29,151.89602661132812
2024-08-30,154.07005310058594
2024-09-03,149.52841186523438
2024-09-04,149.42967224121094
2024-09-05,150.07142639160156
2024-09-06,147.01075744628906
2024-09-09,150.73292541503906
2024-09-10,150.8020477294922
2024-09-11,149.2815704345703
2024-09-12,149.52841186523438
2024-09-13,152.1250457763672
2024-09-16,154.81051635742188
2024-09-17,157.27882385253906
2024-09-18,152.816162109375
2024-09-19,156.3408660888672
2024-09-20,158.26612854003906
2024-09-23,159.45089721679688
2024-09-24,159.92478942871094
2024-09-25,157.55526733398438
2024-09-26,156.24212646484375
2024-09-27,155.6596221923828
2024-09-30,156.0150604248047
2024-10-01,157.56512451171875
2024-10-02,156.79501342773438
2024-10-03,157.19981384277344
2024-10-04,159.57925415039062
2024-10-07,158.7696533203125
2024-10-08,161.7710723876953
2024-10-09,164.16036987304688
2024-10-10,162.11663818359375
2024-10-11,165.35501098632812
2024-10-14,167.24078369140625
2024-10-15,167.75418090820312
2024-10-16,169.32400512695312
2024-10-17,171.72315979003906
2024-10-18,171.3677520751953
2024-10-21,170.10398864746094
2024-10-22,167.44813537597656
2024-10-23,164.0320281982422
2024-10-24,165.9178009033203
2024-10-25,163.90365600585938
2024-10-28,165.97703552246094
2024-10-29,164.5849151611328
2024-10-30,162.5609130859375
2024-10-31,170.57791137695312
2024-11-01,169.1364288330078
2024-11-04,168.25772094726562
2024-11-05,169.1364288330078
2024-11-06,185.91085815429688
2024-11-07,181.2705078125
2024-11-08,183.38333129882812
2024-11-11,187.5004119873047
2024-11-12,184.16329956054688
2024-11-13,183.3537139892578
2024-11-14,181.74440002441406
2024-11-15,181.7838897705078
2024-11-18,181.833251953125
2024-11-19,182.66259765625
2024-11-20,184.57798767089844
2024-11-21,186.26629638671875
2024-11-22,186.3452911376953
2024-11-25,188.0730743408203
2024-11-26,187.6287841796875
2024-11-27,185.0518798828125
2024-11-29,186.6908416748047
2024-12-02,185.1558837890625
2024-12-03,183.7694549560547
2024-12-04,183.55160522460938
2024-12-05,183.5020751953125
2024-12-06,182.51177978515625
2024-12-09,178.44166564941406
2024-12-10,175.6490020751953
2024-12-11,177.04534912109375
2024-12-12,178.34262084960938
2024-12-13,175.80746459960938
2024-12-16,177.79795837402344
2024-12-17,176.23330688476562
2024-12-18,169.27149963378906
2024-12-19,171.06394958496094
2024-12-20,172.28201293945312
2024-12-23,172.2324981689453
2024-12-24,173.68824768066406
2024-12-26,174.52008056640625
2024-12-27,172.59889221191406
2024-12-30,172.01463317871094
2024-12-31,171.9750213623047
2025-01-02,169.91519165039062
2025-01-03,169.86569213867188
2025-01-06,171.5491943359375
2025-01-07,169.05364990234375
2025-01-08,171.71754455566406
2025-01-10,166.5382843017578
2025-01-13,163.3495330810547
2025-01-14,166.57791137695312
2025-01-15,173.6090087890625
2025-01-16,177.8276824951172
2025-01-17,179.44186401367188
2025-01-21,182.69993591308594
2025-01-22,184.3438262939453
2025-01-23,184.76966857910156
2025-01-24,184.17547607421875
2025-01-27,178.82786560058594
2025-01-28,182.28402709960938
2025-01-29,178.05545043945312
2025-01-30,178.4119415283203
2025-01-31,179.95681762695312
2025-02-03,178.82786560058594
2025-02-04,178.42185974121094
2025-02-05,181.67002868652344
2025-02-06,185.58168029785156
2025-02-07,183.0762481689453
2025-02-10,178.57040405273438
2025-02-11,178.10496520996094
2025-02-12,175.75794982910156
2025-02-13,176.7482452392578
2025-02-14,176.540283203125
2025-02-18,179.90728759765625
2025-02-19,180.8579864501953
2025-02-20,174.0348358154297
2025-02-21,169.56858825683594
2025-02-24,169.02392578125
2025-02-25,165.84507751464844
2025-02-26,169.08334350585938
2025-02-27,168.77635192871094
2025-02-28,171.66802978515625
2025-03-03,168.06137084960938
2025-03-04,160.20230102539062
2025-03-05,161.10643005371094
2025-03-06,156.3174591064453
2025-03-07,156.45655822753906
2025-03-10,153.4361114501953
2025-03-11,156.30752563476562
2025-03-12,155.7610626220703
2025-03-13,154.99603271484375
2025-03-14,157.96676635742188
2025-03-17,160.1824188232422
2025-03-18,161.1163787841797
2025-03-19,161.7820587158203
2025-03-20,161.2256622314453
2025-03-21,161.59329223632812
2025-03-24,165.72650146484375
2025-03-25,166.8591766357422
2025-03-26,164.8919219970703
2025-03-27,159.8148193359375
2025-03-28,157.08251953125
2025-03-31,160.4606170654297
2025-04-01,163.04388427734375
2025-04-02,164.82235717773438
2025-04-03,152.32333374023438
2025-04-04,145.4478759765625
2025-04-07,143.21234130859375
2025-04-08,140.6787567138672
2025-04-09,154.84698486328125
2025-04-10,149.18365478515625
2025-04-11,150.22691345214844
2025-04-14,154.08193969726562
2025-04-15,153.0287628173828
2025-04-16,151.12112426757812
2025-04-17,152.29351806640625
2025-04-21,149.23333740234375
2025-04-22,153.98257446289062
2025-04-23,154.50917053222656
2025-04-24,158.84109497070312
2025-04-25,158.24496459960938
2025-04-28,160.17250061035156
2025-04-29,161.1759796142578
2025-04-30,161.03689575195312
2025-05-01,162.8451690673828
2025-05-02,165.43838500976562
2025-05-05,163.2227325439453
2025-05-06,161.891357421875
2025-05-07,163.15318298339844
2025-05-08,173.91348266601562
2025-05-09,172.8801727294922
2025-05-12,176.7053985595703
2025-05-13,177.34127807617188
2025-05-14,177.5598602294922
2025-05-15,178.9309844970703
2025-05-16,179.64634704589844
2025-05-19,177.73870849609375
2025-05-20,176.27816772460938
2025-05-21,171.72764587402344
2025-05-22,172.0257110595703
2025-05-23,171.7375946044922
2025-05-27,175.17530822753906
2025-05-28,173.00933837890625
2025-05-29,173.8836669921875
2025-05-30,173.55580139160156
2025-06-02,173.8648681640625
2025-06-03,174.8518829345703
2025-06-04,173.49598693847656
2025-06-05,174.37332153320312
2025-06-06,176.57667541503906
2025-06-09,175.4102020263672
2025-06-10,173.55580139160156
2025-06-11,174.22377014160156
2025-06-12,174.9116973876953
2025-06-13,170.8739013671875
2025-06-16,172.16998291015625
2025-06-17,171.29263305664062
2025-06-18,172.57875061035156
2025-06-20,172.4591064453125
2025-06-23,176.61654663085938
2025-06-24,179.3084259033203
2025-06-25,180.64439392089844
2025-06-26,182.19969177246094
2025-06-27,182.01025390625
2025-06-30,179.40811157226562
2025-07-01,181.00331115722656
2025-07-02,182.9175262451172
2025-07-03,184.9513702392578
2025-07-07,184.8616485595703
2025-07-08,184.08399963378906
2025-07-09,188.61032104492188
2025-07-10,190.17559814453125
2025-07-11,189.0190887451172
2025-07-14,194.04391479492188
2025-07-15,189.93630981445312
2025-07-16,193.914306640625
2025-07-17,196.83547973632812
2025-07-18,195.5792694091797
2025-07-21,194.0040283203125
2025-07-22,194.68199157714844
2025-07-23,195.5892333984375
2025-07-24,196.77565002441406
2025-07-25,195.33999633789062
2025-07-28,192.269287109375
2025-07-29,191.13270568847656
2025-07-30,190.8136749267578
2025-07-31,190.08587646484375
2025-08-01,189.21847534179688
2025-08-04,192.568359375
2025-08-05,191.81065368652344
2025-08-06,191.411865234375
2025-08-07,188.91940307617188
2025-08-08,188.32119750976562
2025-08-11,189.87649536132812
2025-08-12,192.80764770507812
2025-08-13,195.988037109375
2025-08-14,193.5653533935547
2025-08-15,190.15565490722656
2025-08-18,190.56442260742188
2025-08-19,191.59132385253906
2025-08-20,192.21942138671875
2025-08-21,191.4417724609375
2025-08-22,197.09469604492188
2025-08-25,195.7587432861328
2025-08-26,199.82644653320312
2025-08-27,199.66693115234375
2025-08-28,200.13551330566406
2025-08-29,198.64999389648438
2025-09-02,196.24000549316406
2025-09-03,191.4199981689453
2025-09-04,197.4600067138672
2025-09-05,197.08999633789062
2025-09-08,198.4600067138672
2025-09-09,196.72000122070312
2025-09-10,200.94000244140625
2025-09-11,208.14999389648438
2025-09-12,205.19000244140625
2025-09-15,203.0
2025-09-16,203.1699981689453
2025-09-17,204.41000366210938
2025-09-18,208.44000244140625
2025-09-19,208.72999572753906
