Date,KHC
2015-07-06,46.69077682495117
2015-07-07,47.759483337402344
2015-07-08,48.25225067138672
2015-07-09,47.868282318115234
2015-07-10,49.474544525146484
2015-07-13,50.44729232788086
2015-07-14,49.91613006591797
2015-07-15,49.09060287475586
2015-07-16,50.396095275878906
2015-07-17,50.95924377441406
2015-07-20,51.266422271728516
2015-07-21,51.336814880371094
2015-07-22,50.3256950378418
2015-07-23,49.4556770324707
2015-07-24,49.243011474609375
2015-07-27,49.868133544921875
2015-07-28,50.47392272949219
2015-07-29,50.20970153808594
2015-07-30,51.0474853515625
2015-07-31,51.21504592895508
2015-08-03,51.79506301879883
2015-08-04,51.43415069580078
2015-08-05,51.86595916748047
2015-08-06,51.40195083618164
2015-08-07,50.564151763916016
2015-08-10,50.789703369140625
2015-08-11,50.24835968017578
2015-08-12,49.4234619140625
2015-08-13,48.97233963012695
2015-08-14,49.249446868896484
2015-08-17,48.849891662597656
2015-08-18,48.456764221191406
2015-08-19,48.192535400390625
2015-08-20,47.85098648071289
2015-08-21,46.57493591308594
2015-08-24,45.67271423339844
2015-08-25,45.24736404418945
2015-08-26,47.63187026977539
2015-08-27,48.450321197509766
2015-08-28,48.1345329284668
2015-08-31,46.826297760009766
2015-09-01,45.18936538696289
2015-09-02,46.44606018066406
2015-09-03,46.50406265258789
2015-09-04,45.4793815612793
2015-09-08,47.7349739074707
2015-09-09,46.5105094909668
2015-09-10,46.50406265258789
2015-09-11,47.53519058227539
2015-09-14,48.04432678222656
2015-09-15,48.585670471191406
2015-09-16,49.21723175048828
2015-09-17,49.255889892578125
2015-09-18,48.61788558959961
2015-09-21,48.46321105957031
2015-09-22,47.889652252197266
2015-09-23,47.24519348144531
2015-09-24,46.99384307861328
2015-09-25,47.27096176147461
2015-09-28,45.105567932128906
2015-09-29,44.596466064453125
2015-09-30,45.485816955566406
2015-10-01,45.64692306518555
2015-10-02,46.02072525024414
2015-10-05,46.555625915527344
2015-10-06,46.703834533691406
2015-10-07,47.1420783996582
2015-10-08,47.96699523925781
2015-10-09,47.94121170043945
2015-10-12,47.50942611694336
2015-10-13,47.29029846191406
2015-10-14,47.54164123535156
2015-10-15,48.47609329223633
2015-10-16,49.87458801269531
2015-10-19,49.49435806274414
2015-10-20,49.539451599121094
2015-10-21,49.65546417236328
2015-10-22,51.51795959472656
2015-10-23,50.25481033325195
2015-10-26,49.500797271728516
2015-10-27,49.73278045654297
2015-10-28,51.028160095214844
2015-10-29,50.686588287353516
2015-10-30,50.24835968017578
2015-11-02,50.441688537597656
2015-11-03,49.255889892578125
2015-11-04,48.862770080566406
2015-11-05,48.60498809814453
2015-11-06,46.407386779785156
2015-11-09,45.91115188598633
2015-11-10,46.452510833740234
2015-11-11,46.47183609008789
2015-11-12,46.05930709838867
2015-11-13,45.9748649597168
2015-11-16,46.549800872802734
2015-11-17,46.41661834716797
2015-11-18,47.153953552246094
2015-11-19,47.644432067871094
2015-11-20,47.8458366394043
2015-11-23,48.11866760253906
2015-11-24,48.37853240966797
2015-11-25,48.488956451416016
2015-11-27,48.469451904296875
2015-11-30,47.87180709838867
2015-12-01,48.37853240966797
2015-12-02,47.449554443359375
2015-12-03,46.42311096191406
2015-12-04,46.916839599609375
2015-12-07,46.403629302978516
2015-12-08,46.468589782714844
2015-12-09,46.05930709838867
2015-12-10,46.02034378051758
2015-12-11,45.273250579833984
2015-12-14,46.108036041259766
2015-12-15,46.780418395996094
2015-12-16,47.430049896240234
2015-12-17,46.721946716308594
2015-12-18,45.90990447998047
2015-12-21,46.751529693603516
2015-12-22,47.766727447509766
2015-12-23,48.80158615112305
2015-12-24,48.44135665893555
2015-12-28,48.08765411376953
2015-12-29,48.91946029663086
2015-12-30,48.30379867553711
2015-12-31,47.65538787841797
2016-01-04,47.61606979370117
2016-01-05,48.06801986694336
2016-01-06,48.159698486328125
2016-01-07,47.09211349487305
2016-01-08,46.62053298950195
2016-01-11,47.33444595336914
2016-01-12,47.9632453918457
2016-01-13,46.378204345703125
2016-01-14,46.332359313964844
2016-01-15,45.323707580566406
2016-01-19,45.95901870727539
2016-01-20,46.613990783691406
2016-01-21,47.8453369140625
2016-01-22,48.722984313964844
2016-01-25,48.4871940612793
2016-01-26,49.76438522338867
2016-01-27,49.75783157348633
2016-01-28,49.88226318359375
2016-01-29,51.1267204284668
2016-02-01,50.43900680541992
2016-02-02,49.75783157348633
2016-02-03,49.05046844482422
2016-02-04,48.56578826904297
2016-02-05,47.668487548828125
2016-02-08,46.646751403808594
2016-02-09,46.836673736572266
2016-02-10,47.22965621948242
2016-02-11,46.790828704833984
2016-02-12,47.10521697998047
2016-02-16,47.36063766479492
2016-02-17,48.62472152709961
2016-02-18,48.107322692871094
2016-02-19,48.15315628051758
2016-02-22,48.028709411621094
2016-02-23,47.694679260253906
2016-02-24,47.80604553222656
2016-02-25,49.096317291259766
2016-02-26,50.98262023925781
2016-02-29,50.4455451965332
2016-03-01,50.8647346496582
2016-03-02,50.75339126586914
2016-03-03,50.67476272583008
2016-03-04,50.563438415527344
2016-03-07,50.104957580566406
2016-03-08,49.9674186706543
2016-03-09,50.19010543823242
2016-03-10,49.92156982421875
2016-03-11,50.39969253540039
2016-03-14,50.805763244628906
2016-03-15,50.94331741333008
2016-03-16,51.487701416015625
2016-03-17,51.474491119384766
2016-03-18,51.01259994506836
2016-03-21,50.53752136230469
2016-03-22,50.43853759765625
2016-03-23,50.68269348144531
2016-03-24,50.45174789428711
2016-03-28,51.30953598022461
2016-03-29,51.99578094482422
2016-03-30,52.0617561340332
2016-03-31,51.837406158447266
2016-04-01,52.18053436279297
2016-04-04,52.028751373291016
2016-04-05,51.474491119384766
2016-04-06,51.7054557800293
2016-04-07,51.137962341308594
2016-04-08,51.77803421020508
2016-04-11,51.40852355957031
2016-04-12,51.685638427734375
2016-04-13,51.07200241088867
2016-04-14,50.920223236083984
2016-04-15,51.500892639160156
2016-04-18,51.692237854003906
2016-04-19,51.66585159301758
2016-04-20,51.41510009765625
2016-04-21,50.63649368286133
2016-04-22,51.53388214111328
2016-04-25,51.949588775634766
2016-04-26,51.92979431152344
2016-04-27,52.1937255859375
2016-04-28,51.7054557800293
2016-04-29,51.51408386230469
2016-05-02,52.47086715698242
2016-05-03,51.91658401489258
2016-05-04,52.7744026184082
2016-05-05,54.747318267822266
2016-05-06,55.426963806152344
2016-05-09,55.59853744506836
2016-05-10,56.83903503417969
2016-05-11,56.21877670288086
2016-05-12,56.97099304199219
2016-05-13,56.17259979248047
2016-05-16,56.6608772277832
2016-05-17,54.21284103393555
2016-05-18,53.56620788574219
2016-05-19,54.767127990722656
2016-05-20,54.38441467285156
2016-05-23,54.641754150390625
2016-05-24,55.572139739990234
2016-05-25,55.98737716674805
2016-05-26,55.68174362182617
2016-05-27,55.87441635131836
2016-05-31,55.26982879638672
2016-06-01,55.77476501464844
2016-06-02,56.32619857788086
2016-06-03,56.67167663574219
2016-06-06,56.46573257446289
2016-06-07,56.306278228759766
2016-06-08,56.59196090698242
2016-06-09,56.884300231933594
2016-06-10,56.69826126098633
2016-06-13,56.43913650512695
2016-06-14,56.39263916015625
2016-06-15,56.36608123779297
2016-06-16,56.65838623046875
2016-06-17,56.3527717590332
2016-06-20,56.80458068847656
2016-06-21,56.930789947509766
2016-06-22,56.61188507080078
2016-06-23,57.382572174072266
2016-06-24,55.62860107421875
2016-06-27,55.56216812133789
2016-06-28,56.319557189941406
2016-06-29,57.203163146972656
2016-06-30,58.7844123840332
2016-07-01,58.62495040893555
2016-07-05,58.9571418762207
2016-07-06,59.621524810791016
2016-07-07,59.33584213256836
2016-07-08,59.694602966308594
2016-07-11,59.68796920776367
2016-07-12,58.3326416015625
2016-07-13,59.143184661865234
2016-07-14,58.69139099121094
2016-07-15,59.0368766784668
2016-07-18,59.196319580078125
2016-07-19,59.10997009277344
2016-07-20,58.57847213745117
2016-07-21,58.22634506225586
2016-07-22,58.57182693481445
2016-07-25,58.737911224365234
2016-07-26,57.84099578857422
2016-07-27,56.89091110229492
2016-07-28,57.11016845703125
2016-07-29,57.395843505859375
2016-08-01,57.11683654785156
2016-08-02,56.572025299072266
2016-08-03,56.405914306640625
2016-08-04,56.83112716674805
2016-08-05,58.99037170410156
2016-08-08,58.963775634765625
2016-08-09,59.64811325073242
2016-08-10,59.36243438720703
2016-08-11,59.42221450805664
2016-08-12,59.50194549560547
2016-08-15,59.183048248291016
2016-08-16,59.103302001953125
2016-08-17,59.40229415893555
2016-08-18,59.63483428955078
2016-08-19,59.74112319946289
2016-08-22,59.77434158325195
2016-08-23,59.44214630126953
2016-08-24,59.49565887451172
2016-08-25,59.462215423583984
2016-08-26,58.97395706176758
2016-08-29,59.241493225097656
2016-08-30,58.840179443359375
2016-08-31,59.85685348510742
2016-09-01,59.85015869140625
2016-09-02,59.937103271484375
2016-09-06,60.0240592956543
2016-09-07,60.057518005371094
2016-09-08,59.656192779541016
2016-09-09,57.50244903564453
2016-09-12,59.23480987548828
2016-09-13,59.040828704833984
2016-09-14,58.646209716796875
2016-09-15,59.642799377441406
2016-09-16,59.488990783691406
2016-09-19,58.17131423950195
2016-09-20,58.271636962890625
2016-09-21,58.80002975463867
2016-09-22,59.56254577636719
2016-09-23,59.4154052734375
2016-09-26,59.21474075317383
2016-09-27,59.682952880859375
2016-09-28,59.89697265625
2016-09-29,59.241493225097656
2016-09-30,59.8702507019043
2016-10-03,59.582618713378906
2016-10-04,58.87360382080078
2016-10-05,58.44553756713867
2016-10-06,58.51909637451172
2016-10-07,58.458919525146484
2016-10-10,59.194679260253906
2016-10-11,58.35190963745117
2016-10-12,58.285011291503906
2016-10-13,58.22482681274414
2016-10-14,59.21474075317383
2016-10-17,59.4154052734375
2016-10-18,59.48228454589844
2016-10-19,58.91374588012695
2016-10-20,58.83348846435547
2016-10-21,58.80674743652344
2016-10-24,59.46892166137695
2016-10-25,59.10102844238281
2016-10-26,58.91374588012695
2016-10-27,58.65287780761719
2016-10-28,58.91374588012695
2016-10-31,59.49565887451172
2016-11-01,59.10772705078125
2016-11-02,58.96056365966797
2016-11-03,57.689720153808594
2016-11-04,56.218204498291016
2016-11-07,57.542572021484375
2016-11-08,59.08762741088867
2016-11-09,56.81351089477539
2016-11-10,54.45909881591797
2016-11-11,54.318634033203125
2016-11-14,53.56282424926758
2016-11-15,54.271820068359375
2016-11-16,55.114593505859375
2016-11-17,55.40888214111328
2016-11-18,55.201534271240234
2016-11-21,55.94396209716797
2016-11-22,56.24497985839844
2016-11-23,55.1413459777832
2016-11-25,55.482460021972656
2016-11-28,55.66305923461914
2016-11-29,56.18476867675781
2016-11-30,55.0058479309082
2016-12-01,54.224369049072266
2016-12-02,54.507320404052734
2016-12-05,54.08287811279297
2016-12-06,53.8673095703125
2016-12-07,55.88161087036133
2016-12-08,55.450462341308594
2016-12-09,56.440773010253906
2016-12-12,56.72372817993164
2016-12-13,57.22225570678711
2016-12-14,56.83150863647461
2016-12-15,57.51192855834961
2016-12-16,58.246238708496094
2016-12-19,58.340545654296875
2016-12-20,57.92287063598633
2016-12-21,58.347259521484375
2016-12-22,58.798641204833984
2016-12-23,58.9940071105957
2016-12-27,59.0007438659668
2016-12-28,58.8188591003418
2016-12-29,59.23653793334961
2016-12-30,58.82558822631836
2017-01-03,58.96705627441406
2017-01-04,58.63022994995117
2017-01-05,58.293392181396484
2017-01-06,58.14518737792969
2017-01-09,57.98349380493164
2017-01-10,57.875701904296875
2017-01-11,58.44834518432617
2017-01-12,58.892948150634766
2017-01-13,58.63022994995117
2017-01-17,59.229793548583984
2017-01-18,59.51948165893555
2017-01-19,59.18265914916992
2017-01-20,59.92369842529297
2017-01-23,59.8226432800293
2017-01-24,59.74851989746094
2017-01-25,59.84956359863281
2017-01-26,60.23356628417969
2017-01-27,60.2470588684082
2017-01-30,60.011268615722656
2017-01-31,60.15273666381836
2017-02-01,59.55990219116211
2017-02-02,59.69463348388672
2017-02-03,60.139259338378906
2017-02-06,59.7552604675293
2017-02-07,59.82935333251953
2017-02-08,60.08537292480469
2017-02-09,60.48283386230469
2017-02-10,60.76578903198242
2017-02-13,61.02178192138672
2017-02-14,61.17670440673828
2017-02-15,61.36870574951172
2017-02-16,58.798641204833984
2017-02-17,65.11102294921875
2017-02-21,63.911869049072266
2017-02-22,62.894596099853516
2017-02-23,62.61167907714844
2017-02-24,62.70597457885742
2017-02-27,61.04198455810547
2017-02-28,61.64830780029297
2017-03-01,62.00094985961914
2017-03-02,61.899200439453125
2017-03-03,62.04838562011719
2017-03-06,61.81784439086914
2017-03-07,61.573707580566406
2017-03-08,61.64151382446289
2017-03-09,62.068756103515625
2017-03-10,62.0551872253418
2017-03-13,61.83137893676758
2017-03-14,61.75003433227539
2017-03-15,62.278968811035156
2017-03-16,62.909603118896484
2017-03-17,62.37389373779297
2017-03-20,62.6316032409668
2017-03-21,62.319644927978516
2017-03-22,62.584136962890625
2017-03-23,62.39424514770508
2017-03-24,62.17045974731445
2017-03-27,61.87886428833008
2017-03-28,61.987361907958984
2017-03-29,62.041622161865234
2017-03-30,61.77714920043945
2017-03-31,61.58049011230469
2017-04-03,61.75003433227539
2017-04-04,61.8585205078125
2017-04-05,61.994144439697266
2017-04-06,61.675418853759766
2017-04-07,61.50588607788086
2017-04-10,61.63473892211914
2017-04-11,61.59404754638672
2017-04-12,62.33999252319336
2017-04-13,62.04838562011719
2017-04-17,62.1026496887207
2017-04-18,62.72653579711914
2017-04-19,62.285743713378906
2017-04-20,62.41456985473633
2017-04-21,62.116214752197266
2017-04-24,62.76720428466797
2017-04-25,62.584136962890625
2017-04-26,61.65507888793945
2017-04-27,61.59404754638672
2017-04-28,61.2956657409668
2017-05-01,60.671810150146484
2017-05-02,60.35308837890625
2017-05-03,60.44801330566406
2017-05-04,60.827781677246094
2017-05-05,60.780303955078125
2017-05-08,60.67859649658203
2017-05-09,60.48871994018555
2017-05-10,60.576866149902344
2017-05-11,60.54296112060547
2017-05-12,60.319190979003906
2017-05-15,60.65822982788086
2017-05-16,60.427696228027344
2017-05-17,61.11042785644531
2017-05-18,61.55415725708008
2017-05-19,61.63611602783203
2017-05-22,62.250526428222656
2017-05-23,62.72163772583008
2017-05-24,63.213165283203125
2017-05-25,63.36337661743164
2017-05-26,63.486263275146484
2017-05-30,63.12442398071289
2017-05-31,62.94694137573242
2017-06-01,63.30875778198242
2017-06-02,63.86176681518555
2017-06-05,63.79350280761719
2017-06-06,63.63646697998047
2017-06-07,64.01879119873047
2017-06-08,63.199527740478516
2017-06-09,62.01158905029297
2017-06-12,62.29833221435547
2017-06-13,62.530452728271484
2017-06-14,62.44170379638672
2017-06-15,62.57144546508789
2017-06-16,61.0421142578125
2017-06-19,61.342529296875
2017-06-20,60.953369140625
2017-06-21,61.03532028198242
2017-06-22,60.830474853515625
2017-06-23,60.65980529785156
2017-06-26,60.72127151489258
2017-06-27,59.74494934082031
2017-06-28,59.95659255981445
2017-06-29,58.550201416015625
2017-06-30,58.468265533447266
2017-07-03,57.66947555541992
2017-07-05,57.20524215698242
2017-07-06,56.542999267578125
2017-07-07,56.69319534301758
2017-07-10,56.508853912353516
2017-07-11,57.17791748046875
2017-07-12,57.826507568359375
2017-07-13,57.92892837524414
2017-07-14,58.47509765625
2017-07-17,58.44096374511719
2017-07-18,58.44096374511719
2017-07-19,58.502410888671875
2017-07-20,58.645782470703125
2017-07-21,58.82329177856445
2017-07-24,58.864234924316406
2017-07-25,59.683528900146484
2017-07-26,59.84736633300781
2017-07-27,60.2092170715332
2017-07-28,59.83371353149414
2017-07-31,59.71080780029297
2017-08-01,59.171470642089844
2017-08-02,59.308006286621094
2017-08-03,59.062225341796875
2017-08-04,59.164649963378906
2017-08-07,59.41042709350586
2017-08-08,58.82329177856445
2017-08-09,59.028099060058594
2017-08-10,58.638938903808594
2017-08-11,59.03491973876953
2017-08-14,59.41042709350586
2017-08-15,59.21925735473633
2017-08-16,59.4840202331543
2017-08-17,58.52814865112305
2017-08-18,58.101783752441406
2017-08-21,58.14305877685547
2017-08-22,58.486900329589844
2017-08-23,58.280574798583984
2017-08-24,56.93960189819336
2017-08-25,56.80207443237305
2017-08-28,56.48573303222656
2017-08-29,56.00436782836914
2017-08-30,56.34133529663086
2017-08-31,55.52988052368164
2017-09-01,55.59864044189453
2017-09-05,55.8049430847168
2017-09-06,55.928714752197266
2017-09-07,56.01812744140625
2017-09-08,56.19693374633789
2017-09-11,56.76769256591797
2017-09-12,56.51325988769531
2017-09-13,56.32760238647461
2017-09-14,55.89433288574219
2017-09-15,55.997474670410156
2017-09-18,55.976871490478516
2017-09-19,55.584903717041016
2017-09-20,54.924720764160156
2017-09-21,54.33332061767578
2017-09-22,53.308692932128906
2017-09-25,53.92758560180664
2017-09-26,54.04450607299805
2017-09-27,53.79692840576172
2017-09-28,53.61814498901367
2017-09-29,53.3293342590332
2017-10-02,53.535614013671875
2017-10-03,53.514984130859375
2017-10-04,53.480594635009766
2017-10-05,53.810699462890625
2017-10-06,53.762542724609375
2017-10-09,53.178035736083984
2017-10-10,53.735042572021484
2017-10-11,53.76942825317383
2017-10-12,53.74191665649414
2017-10-13,53.4599609375
2017-10-16,53.398075103759766
2017-10-17,53.32244110107422
2017-10-18,53.01987075805664
2017-10-19,52.58662033081055
2017-10-20,52.75166320800781
2017-10-23,52.99235916137695
2017-10-24,53.10239791870117
2017-10-25,53.178035736083984
2017-10-26,53.15739059448242
2017-10-27,53.15739059448242
2017-10-30,51.76140213012695
2017-10-31,53.178035736083984
2017-11-01,53.43245315551758
2017-11-02,53.65938949584961
2017-11-03,53.638763427734375
2017-11-06,52.951087951660156
2017-11-07,53.762542724609375
2017-11-08,54.72529602050781
2017-11-09,54.60838317871094
2017-11-10,54.82158660888672
2017-11-13,54.91096115112305
2017-11-14,54.5877685546875
2017-11-15,54.175148010253906
2017-11-16,55.232242584228516
2017-11-17,55.19758987426758
2017-11-20,55.405548095703125
2017-11-21,55.46098709106445
2017-11-22,55.32930374145508
2017-11-24,55.28769302368164
2017-11-27,55.18372344970703
2017-11-28,54.747032165527344
2017-11-29,56.20962905883789
2017-11-30,56.4036979675293
2017-12-01,56.29281234741211
2017-12-04,56.78496551513672
2017-12-05,55.897708892822266
2017-12-06,55.7937126159668
2017-12-07,55.010433197021484
2017-12-08,54.400447845458984
2017-12-11,54.32419967651367
2017-12-12,54.72623825073242
2017-12-13,54.9549560546875
2017-12-14,54.747032165527344
2017-12-15,55.13520050048828
2017-12-18,55.01736068725586
2017-12-19,54.42816925048828
2017-12-20,53.63794708251953
2017-12-21,53.98451614379883
2017-12-22,54.23408126831055
2017-12-26,54.14397048950195
2017-12-27,54.053863525390625
2017-12-28,54.01225280761719
2017-12-29,53.901363372802734
2018-01-02,53.388397216796875
2018-01-03,53.3814811706543
2018-01-04,54.00532913208008
2018-01-05,53.95679473876953
2018-01-08,54.400447845458984
2018-01-09,54.49747848510742
2018-01-10,53.991458892822266
2018-01-11,53.46466064453125
2018-01-12,53.617156982421875
2018-01-16,54.51134490966797
2018-01-17,55.502593994140625
2018-01-18,54.94804763793945
2018-01-19,55.218387603759766
2018-01-22,55.571903228759766
2018-01-23,55.641212463378906
2018-01-24,55.357025146484375
2018-01-25,55.225318908691406
2018-01-26,55.031227111816406
2018-01-29,54.35884094238281
2018-01-30,54.41428756713867
2018-01-31,54.33805465698242
2018-02-01,54.462825775146484
2018-02-02,53.506248474121094
2018-02-05,51.47522735595703
2018-02-06,51.5098991394043
2018-02-07,50.98308181762695
2018-02-08,49.61751937866211
2018-02-09,49.478885650634766
2018-02-12,49.776947021484375
2018-02-13,49.7076301574707
2018-02-14,49.85319519042969
2018-02-15,50.40080642700195
2018-02-16,49.07685852050781
2018-02-20,47.61425018310547
2018-02-21,46.768577575683594
2018-02-22,46.886409759521484
2018-02-23,47.842994689941406
2018-02-26,48.34208297729492
2018-02-27,47.045841217041016
2018-02-28,46.477447509765625
2018-03-01,46.36652374267578
2018-03-02,46.56061553955078
2018-03-05,46.740840911865234
2018-03-06,46.976524353027344
2018-03-07,46.76164245605469
2018-03-08,46.870086669921875
2018-03-09,47.03800964355469
2018-03-12,47.36684036254883
2018-03-13,47.13595199584961
2018-03-14,46.5832405090332
2018-03-15,45.79961395263672
2018-03-16,45.72964096069336
2018-03-19,44.743125915527344
2018-03-20,44.20439147949219
2018-03-21,43.371803283691406
2018-03-22,42.35029602050781
2018-03-23,42.00046920776367
2018-03-26,43.1339225769043
2018-03-27,42.46924591064453
2018-03-28,42.938011169433594
2018-03-29,43.58169174194336
2018-04-02,42.02145767211914
2018-04-03,42.14738845825195
2018-04-04,42.945011138916016
2018-04-05,42.896034240722656
2018-04-06,42.3572883605957
2018-04-09,42.43425750732422
2018-04-10,42.85405349731445
2018-04-11,43.05694580078125
2018-04-12,42.63715362548828
2018-04-13,42.623165130615234
2018-04-16,42.81206512451172
2018-04-17,43.161895751953125
2018-04-18,42.53220748901367
2018-04-19,41.79057312011719
2018-04-20,40.73409652709961
2018-04-23,40.35626983642578
2018-04-24,39.55166244506836
2018-04-25,39.77554702758789
2018-04-26,40.11140060424805
2018-04-27,40.34227752685547
2018-04-30,39.44671630859375
2018-05-01,38.970951080322266
2018-05-02,37.92145919799805
2018-05-03,38.44620895385742
2018-05-04,40.587158203125
2018-05-07,41.160888671875
2018-05-08,41.11189651489258
2018-05-09,40.915992736816406
2018-05-10,41.30779266357422
2018-05-11,41.44773483276367
2018-05-14,41.4757194519043
2018-05-15,41.30779266357422
2018-05-16,41.48272705078125
2018-05-17,41.05491638183594
2018-05-18,40.15687942504883
2018-05-21,39.916473388671875
2018-05-22,40.00839614868164
2018-05-23,40.29124069213867
2018-05-24,40.347801208496094
2018-05-25,40.849853515625
2018-05-29,40.58822250366211
2018-05-30,41.60646438598633
2018-05-31,40.6447868347168
2018-06-01,40.76500701904297
2018-06-04,41.309478759765625
2018-06-05,40.95591735839844
2018-06-06,40.95591735839844
2018-06-07,40.779136657714844
2018-06-08,41.34483337402344
2018-06-11,42.341854095458984
2018-06-12,42.511566162109375
2018-06-13,42.4974250793457
2018-06-14,42.90047073364258
2018-06-15,43.565162658691406
2018-06-18,43.04190444946289
2018-06-19,43.9399299621582
2018-06-20,44.576332092285156
2018-06-21,44.24399948120117
2018-06-22,44.69654083251953
2018-06-25,44.774330139160156
2018-06-26,44.69654083251953
2018-06-27,44.3288459777832
2018-06-28,44.30055618286133
2018-06-29,44.420772552490234
2018-07-02,43.904579162597656
2018-07-03,44.293495178222656
2018-07-05,45.219810485839844
2018-07-06,45.55921936035156
2018-07-09,45.233943939208984
2018-07-10,45.25516128540039
2018-07-11,45.07131576538086
2018-07-12,45.000606536865234
2018-07-13,45.14910125732422
2018-07-16,44.293495178222656
2018-07-17,44.583404541015625
2018-07-18,43.551025390625
2018-07-19,43.374244689941406
2018-07-20,42.91461944580078
2018-07-23,42.63884735107422
2018-07-24,42.193363189697266
2018-07-25,42.31357955932617
2018-07-26,42.76612854003906
2018-07-27,42.61056900024414
2018-07-30,42.62469482421875
2018-07-31,42.603492736816406
2018-08-01,41.9175910949707
2018-08-02,42.002445220947266
2018-08-03,45.59457778930664
2018-08-06,44.05307388305664
2018-08-07,43.360103607177734
2018-08-08,42.62469482421875
2018-08-09,42.42670822143555
2018-08-10,42.17923355102539
2018-08-13,41.9175910949707
2018-08-14,42.087303161621094
2018-08-15,41.78324890136719
2018-08-16,42.90169906616211
2018-08-17,43.609222412109375
2018-08-20,43.33765411376953
2018-08-21,42.76591110229492
2018-08-22,42.55865478515625
2018-08-23,42.02266311645508
2018-08-24,42.1870231628418
2018-08-27,42.57295227050781
2018-08-28,42.0155143737793
2018-08-29,42.37998962402344
2018-08-30,41.608158111572266
2018-08-31,41.64387130737305
2018-09-04,40.493255615234375
2018-09-05,40.736244201660156
2018-09-06,40.593318939208984
2018-09-07,40.443233489990234
2018-09-10,40.90776824951172
2018-09-11,41.27939987182617
2018-09-12,42.25135040283203
2018-09-13,42.515785217285156
2018-09-14,42.14414596557617
2018-09-17,41.701045989990234
2018-09-18,40.80772399902344
2018-09-19,40.65763854980469
2018-09-20,41.14361572265625
2018-09-21,40.82201385498047
2018-09-24,40.39320755004883
2018-09-25,39.778594970703125
2018-09-26,39.42839431762695
2018-09-27,39.33549499511719
2018-09-28,39.38551712036133
2018-10-01,39.69282913208008
2018-10-02,39.971553802490234
2018-10-03,39.7357063293457
2018-10-04,39.678531646728516
2018-10-05,39.942962646484375
2018-10-08,40.77912902832031
2018-10-09,40.07160949707031
2018-10-10,39.83576202392578
2018-10-11,38.463592529296875
2018-10-12,38.76375961303711
2018-10-15,38.928131103515625
2018-10-16,39.621368408203125
2018-10-17,40.30744934082031
2018-10-18,39.69282913208008
2018-10-19,41.136474609375
2018-10-22,40.171653747558594
2018-10-23,40.45038604736328
2018-10-24,39.864349365234375
2018-10-25,40.00728225708008
2018-10-26,39.05677032470703
2018-10-29,39.678531646728516
2018-10-30,39.91438293457031
2018-10-31,39.28547286987305
2018-11-01,40.164512634277344
2018-11-02,36.25526428222656
2018-11-05,37.44161605834961
2018-11-06,38.2063102722168
2018-11-07,38.27063751220703
2018-11-08,38.09910583496094
2018-11-09,38.58509063720703
2018-11-12,38.35640335083008
2018-11-13,38.14913558959961
2018-11-14,37.62029266357422
2018-11-15,37.60220718383789
2018-11-16,37.66729736328125
2018-11-19,37.529876708984375
2018-11-20,36.84278106689453
2018-11-21,37.00189971923828
2018-11-23,36.91510009765625
2018-11-26,36.936805725097656
2018-11-27,37.46478271484375
2018-11-28,37.01637268066406
2018-11-29,37.023597717285156
2018-11-30,36.97296905517578
2018-12-03,37.18994903564453
2018-12-04,36.14845275878906
2018-12-06,35.815765380859375
2018-12-07,35.22990798950195
2018-12-10,34.91168975830078
2018-12-11,34.99124526977539
2018-12-12,34.904449462890625
2018-12-13,35.056339263916016
2018-12-14,34.32583999633789
2018-12-17,33.86296081542969
2018-12-18,33.37837219238281
2018-12-19,32.611717224121094
2018-12-20,32.43813705444336
2018-12-21,31.85953140258789
2018-12-24,30.76740837097168
2018-12-26,31.309852600097656
2018-12-27,31.649791717529297
2018-12-28,31.512372970581055
2018-12-31,31.129047393798828
2019-01-02,31.34601593017578
2019-01-03,31.324317932128906
2019-01-04,32.177764892578125
2019-01-07,32.78529357910156
2019-01-08,32.81423568725586
2019-01-09,32.640647888183594
2019-01-10,32.980587005615234
2019-01-11,32.987815856933594
2019-01-14,33.45069122314453
2019-01-15,33.92804718017578
2019-01-16,33.87742233276367
2019-01-17,34.05100631713867
2019-01-18,34.376468658447266
2019-01-22,34.19565200805664
2019-01-23,34.03654098510742
2019-01-24,33.66044998168945
2019-01-25,33.81232833862305
2019-01-28,33.92081832885742
2019-01-29,33.906349182128906
2019-01-30,33.81232833862305
2019-01-31,34.759788513183594
2019-02-01,34.542816162109375
2019-02-04,34.52112579345703
2019-02-05,34.81766128540039
2019-02-06,34.492191314697266
2019-02-07,34.15949249267578
2019-02-08,34.32583999633789
2019-02-11,34.2318229675293
2019-02-12,34.795963287353516
2019-02-13,34.45602798461914
2019-02-14,34.23905944824219
2019-02-15,34.441558837890625
2019-02-19,34.550045013427734
2019-02-20,34.904449462890625
2019-02-21,34.84659194946289
2019-02-22,25.277881622314453
2019-02-25,24.757131576538086
2019-02-26,23.954313278198242
2019-02-27,23.288915634155273
2019-02-28,24.00494956970215
2019-03-01,23.433574676513672
2019-03-04,24.033876419067383
2019-03-05,23.89646339416504
2019-03-06,23.766273498535156
2019-03-07,23.34893798828125
2019-03-08,23.502689361572266
2019-03-11,23.55394172668457
2019-03-12,23.42215347290039
2019-03-13,23.649120330810547
2019-03-14,23.334287643432617
2019-03-15,23.495370864868164
2019-03-18,23.451438903808594
2019-03-19,23.524654388427734
2019-03-20,23.444114685058594
2019-03-21,23.97860336303711
2019-03-22,23.641803741455078
2019-03-25,23.79555892944336
2019-03-26,24.08842658996582
2019-03-27,23.898061752319336
2019-03-28,24.081100463867188
2019-03-29,23.905384063720703
2019-04-01,23.79555892944336
2019-04-02,23.48804473876953
2019-04-03,23.612518310546875
2019-04-04,23.934663772583008
2019-04-05,24.286115646362305
2019-04-08,24.30076026916504
2019-04-09,24.12504005432129
2019-04-10,24.146997451782227
2019-04-11,24.154319763183594
2019-04-12,24.212894439697266
2019-04-15,24.264142990112305
2019-04-16,24.190933227539062
2019-04-17,24.081100463867188
2019-04-18,24.132356643676758
2019-04-22,24.08842658996582
2019-04-23,24.2348575592041
2019-04-24,23.985919952392578
2019-04-25,23.810199737548828
2019-04-26,24.205575942993164
2019-04-29,24.359329223632812
2019-04-30,24.337366104125977
2019-05-01,24.154319763183594
2019-05-02,23.56125831604004
2019-05-03,23.8541316986084
2019-05-06,23.993244171142578
2019-05-07,23.79555892944336
2019-05-08,23.744308471679688
2019-05-09,23.8541316986084
2019-05-10,23.905384063720703
2019-05-13,23.407508850097656
2019-05-14,23.627161026000977
2019-05-15,23.72234344482422
2019-05-16,23.766273498535156
2019-05-17,23.817522048950195
2019-05-20,23.27571678161621
2019-05-21,23.41482925415039
2019-05-22,23.341617584228516
2019-05-23,23.026777267456055
2019-05-24,22.777841567993164
2019-05-28,21.276891708374023
2019-05-29,20.998666763305664
2019-05-30,20.345243453979492
2019-05-31,20.53087043762207
2019-06-03,21.102617263793945
2019-06-04,21.288249969482422
2019-06-05,21.13974952697754
2019-06-06,21.251121520996094
2019-06-07,21.340225219726562
2019-06-10,22.505990982055664
2019-06-11,22.454015731811523
2019-06-12,22.372339248657227
2019-06-13,22.580245971679688
2019-06-14,22.505990982055664
2019-06-17,22.402040481567383
2019-06-18,22.47629165649414
2019-06-19,22.988637924194336
2019-06-20,23.11486053466797
2019-06-21,23.374753952026367
2019-06-24,22.66192626953125
2019-06-25,22.780729293823242
2019-06-26,22.8995361328125
2019-06-27,22.847557067871094
2019-06-28,23.048038482666016
2019-07-01,22.617372512817383
2019-07-02,22.66192626953125
2019-07-03,23.203968048095703
2019-07-05,23.010910034179688
2019-07-08,22.788156509399414
2019-07-09,22.647077560424805
2019-07-10,23.24110221862793
2019-07-11,22.758455276489258
2019-07-12,22.869829177856445
2019-07-15,22.780729293823242
2019-07-16,22.51342010498047
2019-07-17,22.602523803710938
2019-07-18,23.055465698242188
2019-07-19,23.419307708740234
2019-07-22,23.38217544555664
2019-07-23,23.723731994628906
2019-07-24,23.812841415405273
2019-07-25,23.426729202270508
2019-07-26,23.64948272705078
2019-07-29,23.582658767700195
2019-07-30,23.64206314086914
2019-07-31,23.76828956604004
2019-08-01,24.154401779174805
2019-08-02,23.91679573059082
2019-08-05,23.345050811767578
2019-08-06,22.70647621154785
2019-08-07,22.92181396484375
2019-08-08,20.95411491394043
2019-08-09,19.676969528198242
2019-08-12,19.52103614807129
2019-08-13,19.2760009765625
2019-08-14,18.949295043945312
2019-08-15,18.607725143432617
2019-08-16,18.867610931396484
2019-08-19,19.090370178222656
2019-08-20,18.96214485168457
2019-08-21,19.060197830200195
2019-08-22,19.324190139770508
2019-08-23,19.105451583862305
2019-08-26,19.294025421142578
2019-08-27,18.856550216674805
2019-08-28,18.98477554321289
2019-08-29,19.105451583862305
2019-08-30,19.248767852783203
2019-09-03,19.65606689453125
2019-09-04,19.806917190551758
2019-09-05,20.05582618713379
2019-09-06,20.57626724243164
2019-09-09,21.17967414855957
2019-09-10,21.843425750732422
2019-09-11,22.084787368774414
2019-09-12,21.896223068237305
2019-09-13,22.062162399291992
2019-09-16,22.341236114501953
2019-09-17,21.390871047973633
2019-09-18,21.4285831451416
2019-09-19,21.232473373413086
2019-09-20,21.224925994873047
2019-09-23,21.270187377929688
2019-09-24,21.0665340423584
2019-09-25,21.224925994873047
2019-09-26,21.126880645751953
2019-09-27,20.998653411865234
2019-09-30,21.07030487060547
2019-10-01,20.621517181396484
2019-10-02,20.025657653808594
2019-10-03,20.018110275268555
2019-10-04,20.346220016479492
2019-10-07,20.3198184967041
2019-10-08,20.146339416503906
2019-10-09,20.161418914794922
2019-10-10,20.3198184967041
2019-10-11,20.425416946411133
2019-10-14,20.606435775756836
2019-10-15,20.734663009643555
2019-10-16,20.696945190429688
2019-10-17,20.945858001708984
2019-10-18,20.825166702270508
2019-10-21,20.976022720336914
2019-10-22,21.496463775634766
2019-10-23,21.579431533813477
2019-10-24,21.45875358581543
2019-10-25,21.40595245361328
2019-10-28,21.398414611816406
2019-10-29,21.224925994873047
2019-10-30,21.496463775634766
2019-10-31,24.385292053222656
2019-11-01,24.596485137939453
2019-11-04,25.139551162719727
2019-11-05,24.8227596282959
2019-11-06,24.996238708496094
2019-11-07,24.679452896118164
2019-11-08,24.77750587463379
2019-11-11,24.709617614746094
2019-11-12,24.87556266784668
2019-11-13,25.116920471191406
2019-11-14,23.6358642578125
2019-11-15,23.89543342590332
2019-11-18,23.674036026000977
2019-11-19,23.89543342590332
2019-11-20,23.735111236572266
2019-11-21,23.08618927001953
2019-11-22,23.31522560119629
2019-11-25,23.712209701538086
2019-11-26,23.261781692504883
2019-11-27,23.185443878173828
2019-11-29,23.284687042236328
2019-12-02,23.62822914123535
2019-12-03,23.513717651367188
2019-12-04,23.68930435180664
2019-12-05,23.85725975036621
2019-12-06,23.735111236572266
2019-12-09,24.376392364501953
2019-12-10,24.338220596313477
2019-12-11,24.124460220336914
2019-12-12,24.38402557373047
2019-12-13,24.124460220336914
2019-12-16,24.231338500976562
2019-12-17,24.139732360839844
2019-12-18,24.238975524902344
2019-12-19,24.353487014770508
2019-12-20,24.59779167175293
2019-12-23,24.368759155273438
2019-12-24,24.41456413269043
2019-12-26,24.147361755371094
2019-12-27,24.139732360839844
2019-12-30,24.208438873291016
2019-12-31,24.52907943725586
2020-01-02,24.132095336914062
2020-01-03,23.849624633789062
2020-01-06,23.90306282043457
2020-01-07,23.483179092407227
2020-01-08,23.353395462036133
2020-01-09,23.34575843811035
2020-01-10,23.4373722076416
2020-01-13,23.78855323791504
2020-01-14,24.22370719909668
2020-01-15,24.124460220336914
2020-01-16,24.22370719909668
2020-01-17,23.68930435180664
2020-01-21,23.674036026000977
2020-01-22,23.414466857910156
2020-01-23,23.422101974487305
2020-01-24,23.215980529785156
2020-01-27,23.1701717376709
2020-01-28,23.002216339111328
2020-01-29,22.612865447998047
2020-01-30,22.857160568237305
2020-01-31,22.292224884033203
2020-02-03,22.254051208496094
2020-02-04,22.254051208496094
2020-02-05,22.422012329101562
2020-02-06,22.185340881347656
2020-02-07,22.551790237426758
2020-02-10,22.666305541992188
2020-02-11,22.910606384277344
2020-02-12,22.93350601196289
2020-02-13,21.20051383972168
2020-02-14,20.52106285095215
2020-02-18,20.86460304260254
2020-02-19,20.849334716796875
2020-02-20,20.933313369750977
2020-02-21,20.81116485595703
2020-02-24,20.330202102661133
2020-02-25,19.902677536010742
2020-02-26,19.57440185546875
2020-02-27,19.06290054321289
2020-02-28,18.910221099853516
2020-03-02,19.902677536010742
2020-03-03,19.467525482177734
2020-03-04,20.192787170410156
2020-03-05,20.345470428466797
2020-03-06,19.872142791748047
2020-03-09,18.291839599609375
2020-03-10,18.704092025756836
2020-03-11,18.062807083129883
2020-03-12,15.577812194824219
2020-03-13,18.614164352416992
2020-03-16,17.09987449645996
2020-03-17,18.505447387695312
2020-03-18,18.396732330322266
2020-03-19,17.301776885986328
2020-03-20,17.301776885986328
2020-03-23,16.129167556762695
2020-03-24,17.853134155273438
2020-03-25,17.82984161376953
2020-03-26,19.23541831970215
2020-03-27,18.823837280273438
2020-03-30,19.546039581298828
2020-03-31,19.212120056152344
2020-04-01,18.388965606689453
2020-04-02,19.134462356567383
2020-04-03,19.66252326965332
2020-04-06,20.12069320678711
2020-04-07,20.664291381835938
2020-04-08,21.21564292907715
2020-04-09,21.829126358032227
2020-04-13,21.689348220825195
2020-04-14,22.093158721923828
2020-04-15,21.782533645629883
2020-04-16,22.698877334594727
2020-04-17,22.77652931213379
2020-04-20,22.65228271484375
2020-04-21,22.10869026184082
2020-04-22,22.333892822265625
2020-04-23,22.155290603637695
2020-04-24,22.698877334594727
2020-04-27,23.44437599182129
2020-04-28,23.63075065612793
2020-04-29,23.708404541015625
2020-04-30,23.5530948638916
2020-05-01,22.815359115600586
2020-05-04,22.46590805053711
2020-05-05,22.473678588867188
2020-05-06,22.83089256286621
2020-05-07,22.38825225830078
2020-05-08,22.95513916015625
2020-05-11,22.77652931213379
2020-05-12,22.815359115600586
2020-05-13,22.333892822265625
2020-05-14,22.364953994750977
2020-05-15,22.675579071044922
2020-05-18,23.972436904907227
2020-05-19,23.226940155029297
2020-05-20,23.48320198059082
2020-05-21,23.071619033813477
2020-05-22,23.25800323486328
2020-05-26,23.463790893554688
2020-05-27,24.09668731689453
2020-05-28,23.907875061035156
2020-05-29,23.97081184387207
2020-06-01,23.93541145324707
2020-06-02,24.726051330566406
2020-06-03,24.63164520263672
2020-06-04,24.773250579833984
2020-06-05,25.662221908569336
2020-06-08,26.724275588989258
2020-06-09,26.039838790893555
2020-06-10,25.56782341003418
2020-06-11,24.529373168945312
2020-06-12,25.017127990722656
2020-06-15,25.26886749267578
2020-06-16,25.748764038085938
2020-06-17,25.803829193115234
2020-06-18,26.102781295776367
2020-06-19,26.338790893554688
2020-06-22,26.07917594909668
2020-06-23,25.489151000976562
2020-06-24,25.276744842529297
2020-06-25,25.08006477355957
2020-06-26,24.30909538269043
2020-06-29,24.891258239746094
2020-06-30,25.08793067932129
2020-07-01,24.91485595703125
2020-07-02,25.024993896484375
2020-07-06,25.174467086791992
2020-07-07,25.213804244995117
2020-07-08,25.064334869384766
2020-07-09,24.67884635925293
2020-07-10,25.394744873046875
2020-07-13,25.575687408447266
2020-07-14,26.20505142211914
2020-07-15,26.07917594909668
2020-07-16,27.06255531311035
2020-07-17,27.542438507080078
2020-07-20,26.84227180480957
2020-07-21,27.164825439453125
2020-07-22,27.45590591430664
2020-07-23,27.424442291259766
2020-07-24,27.282835006713867
2020-07-27,27.40869903564453
2020-07-28,27.731250762939453
2020-07-29,27.98299217224121
2020-07-30,27.054683685302734
2020-07-31,27.04681968688965
2020-08-03,27.369369506835938
2020-08-04,27.597511291503906
2020-08-05,27.36149787902832
2020-08-06,27.754852294921875
2020-08-07,27.857114791870117
2020-08-10,27.369369506835938
2020-08-11,27.243497848510742
2020-08-12,27.794189453125
2020-08-13,27.98299217224121
2020-08-14,27.99872398376465
2020-08-17,28.26620864868164
2020-08-18,28.05379867553711
2020-08-19,27.87285804748535
2020-08-20,27.41657066345215
2020-08-21,27.18842887878418
2020-08-24,27.605379104614258
2020-08-25,27.825658798217773
2020-08-26,27.778459548950195
2020-08-27,27.65909767150879
2020-08-28,27.75458335876465
2020-08-31,27.88189697265625
2020-09-01,27.165746688842773
2020-09-02,27.619306564331055
2020-09-03,26.696277618408203
2020-09-04,26.632617950439453
2020-09-08,25.27194595336914
2020-09-09,25.184417724609375
2020-09-10,25.073020935058594
2020-09-11,25.23215675354004
2020-09-14,25.35947608947754
2020-09-15,25.439050674438477
2020-09-16,24.95366096496582
2020-09-17,24.38074493408203
2020-09-18,23.664600372314453
2020-09-21,23.592987060546875
2020-09-22,23.258779525756836
2020-09-23,22.89275360107422
2020-09-24,22.948453903198242
2020-09-25,23.179208755493164
2020-09-28,23.736209869384766
2020-09-29,23.545244216918945
2020-09-30,23.831701278686523
2020-10-01,24.16590690612793
2020-10-02,24.24547004699707
2020-10-05,24.66720199584961
2020-10-06,24.404613494873047
2020-10-07,24.539888381958008
2020-10-08,24.842256546020508
2020-10-09,24.754730224609375
2020-10-12,25.184417724609375
2020-10-13,25.78915786743164
2020-10-14,25.582277297973633
2020-10-15,25.70163345336914
2020-10-16,25.590232849121094
2020-10-19,25.263992309570312
2020-10-20,25.454959869384766
2020-10-21,25.017316818237305
2020-10-22,24.850217819213867
2020-10-23,24.96161651611328
2020-10-26,24.333005905151367
2020-10-27,24.412572860717773
2020-10-28,23.25082778930664
2020-10-29,23.90331268310547
2020-10-30,24.34096336364746
2020-11-02,25.200334548950195
2020-11-03,25.287860870361328
2020-11-04,25.319690704345703
2020-11-05,25.22420310974121
2020-11-06,25.09688949584961
2020-11-09,24.36483383178711
2020-11-10,24.253429412841797
2020-11-11,24.945701599121094
2020-11-12,24.746774673461914
2020-11-13,25.152589797973633
2020-11-16,25.582277297973633
2020-11-17,25.136674880981445
2020-11-18,25.168502807617188
2020-11-19,25.367431640625
2020-11-20,25.6698055267334
2020-11-23,25.940345764160156
2020-11-24,26.91908073425293
2020-11-25,26.20241928100586
2020-11-27,26.443988800048828
2020-11-30,26.52451515197754
2020-12-01,26.685558319091797
2020-12-02,26.395675659179688
2020-12-03,26.9351863861084
2020-12-04,27.47469139099121
2020-12-07,27.05596923828125
2020-12-08,27.651844024658203
2020-12-09,27.555213928222656
2020-12-10,27.458581924438477
2020-12-11,27.434431076049805
2020-12-14,27.716262817382812
2020-12-15,27.643795013427734
2020-12-16,27.72431182861328
2020-12-17,27.87731170654297
2020-12-18,27.99810028076172
2020-12-21,27.83704376220703
2020-12-22,27.692100524902344
2020-12-23,28.02225112915039
2020-12-24,28.167200088500977
2020-12-28,28.352397918701172
2020-12-29,28.1027774810791
2020-12-30,27.917572021484375
2020-12-31,27.909517288208008
2021-01-04,27.563264846801758
2021-01-05,27.03180694580078
2021-01-06,27.329750061035156
2021-01-07,27.132465362548828
2021-01-08,27.072072982788086
2021-01-11,26.452037811279297
2021-01-12,25.91253662109375
2021-01-13,25.7756404876709
2021-01-14,25.832008361816406
2021-01-15,25.759538650512695
2021-01-19,26.057476043701172
2021-01-20,26.460094451904297
2021-01-21,26.395675659179688
2021-01-22,26.50035858154297
2021-01-25,27.176753997802734
2021-01-26,27.692100524902344
2021-01-27,27.973939895629883
2021-01-28,27.34585189819336
2021-01-29,26.983497619628906
2021-02-01,26.774137496948242
2021-02-02,26.7016658782959
2021-02-03,26.58087730407715
2021-02-04,26.508407592773438
2021-02-05,27.217016220092773
2021-02-08,27.30558967590332
2021-02-09,27.144540786743164
2021-02-10,27.289487838745117
2021-02-11,28.618135452270508
2021-02-12,28.497343063354492
2021-02-16,28.473186492919922
2021-02-17,29.80988311767578
2021-02-18,31.37203598022461
2021-02-19,30.18028450012207
2021-02-22,29.978984832763672
2021-02-23,29.890399932861328
2021-02-24,30.276920318603516
2021-02-25,30.011186599731445
2021-02-26,29.29452133178711
2021-03-01,29.866243362426758
2021-03-02,30.05144691467285
2021-03-03,30.582902908325195
2021-03-04,29.962875366210938
2021-03-05,30.47822380065918
2021-03-08,31.13852310180664
2021-03-09,31.508939743041992
2021-03-10,31.81491470336914
2021-03-11,31.29430389404297
2021-03-12,31.001445770263672
2021-03-15,31.34311294555664
2021-03-16,31.51393699645996
2021-03-17,31.7905216217041
2021-03-18,31.676626205444336
2021-03-19,31.839324951171875
2021-03-22,32.17283630371094
2021-03-23,31.660356521606445
2021-03-24,31.09906768798828
2021-03-25,31.88812828063965
2021-03-26,32.56330871582031
2021-03-29,33.17341995239258
2021-03-30,32.766685485839844
2021-03-31,32.538917541503906
2021-04-01,32.56330871582031
2021-04-05,32.79108810424805
2021-04-06,33.10834503173828
2021-04-07,33.059532165527344
2021-04-08,33.19782638549805
2021-04-09,32.652801513671875
2021-04-12,33.10834503173828
2021-04-13,33.28731155395508
2021-04-14,32.758548736572266
2021-04-15,33.393062591552734
2021-04-16,33.352378845214844
2021-04-19,33.31171417236328
2021-04-20,33.376792907714844
2021-04-21,33.82421112060547
2021-04-22,33.327980041503906
2021-04-23,32.8724365234375
2021-04-26,32.64466857910156
2021-04-27,32.620262145996094
2021-04-28,32.63652801513672
2021-04-29,33.90961837768555
2021-04-30,33.588294982910156
2021-05-03,34.1577262878418
2021-05-04,34.45871353149414
2021-05-05,34.548187255859375
2021-05-06,35.07694625854492
2021-05-07,35.36979675292969
2021-05-10,35.48368453979492
2021-05-11,35.186771392822266
2021-05-12,34.914241790771484
2021-05-13,35.64637756347656
2021-05-14,35.57316207885742
2021-05-17,35.6301155090332
2021-05-18,35.53656005859375
2021-05-19,35.44300842285156
2021-05-20,35.68704605102539
2021-05-21,35.898555755615234
2021-05-24,36.21581268310547
2021-05-25,35.91482925415039
2021-05-26,35.93922805786133
2021-05-27,35.65190887451172
2021-05-28,35.78325653076172
2021-06-01,35.99668884277344
2021-06-02,36.19370651245117
2021-06-03,36.11162567138672
2021-06-04,36.08699035644531
2021-06-07,36.021324157714844
2021-06-08,35.93922424316406
2021-06-09,35.33176803588867
2021-06-10,35.257877349853516
2021-06-11,35.643699645996094
2021-06-14,35.15115737915039
2021-06-15,35.10190200805664
2021-06-16,34.404136657714844
2021-06-17,33.92800521850586
2021-06-18,33.24665832519531
2021-06-21,33.51755905151367
2021-06-22,33.28770446777344
2021-06-23,32.951133728027344
2021-06-24,33.13993835449219
2021-06-25,33.40263748168945
2021-06-28,33.55860900878906
2021-06-29,33.31233596801758
2021-06-30,33.47651290893555
2021-07-01,33.23844528198242
2021-07-02,33.14815139770508
2021-07-06,32.548892974853516
2021-07-07,32.71306610107422
2021-07-08,32.50784683227539
2021-07-09,32.7951545715332
2021-07-12,32.663814544677734
2021-07-13,32.14665222167969
2021-07-14,32.00709915161133
2021-07-15,32.3682861328125
2021-07-16,32.261573791503906
2021-07-19,32.294410705566406
2021-07-20,32.34366989135742
2021-07-21,32.31903076171875
2021-07-22,31.851119995117188
2021-07-23,32.19590759277344
2021-07-26,32.442169189453125
2021-07-27,32.236942291259766
2021-07-28,31.94962501525879
2021-07-29,31.99888801574707
2021-07-30,31.58022689819336
2021-08-02,31.670530319213867
2021-08-03,31.96604347229004
2021-08-04,30.324234008789062
2021-08-05,30.324234008789062
2021-08-06,30.537673950195312
2021-08-09,30.62797737121582
2021-08-10,30.75931167602539
2021-08-11,31.005590438842773
2021-08-12,30.669015884399414
2021-08-13,31.087677001953125
2021-08-16,31.202604293823242
2021-08-17,31.120513916015625
2021-08-18,30.332447052001953
2021-08-19,30.233943939208984
2021-08-20,30.04513168334961
2021-08-23,30.07796859741211
2021-08-24,30.004085540771484
2021-08-25,30.168262481689453
2021-08-26,29.61005210876465
2021-08-27,29.864538192749023
2021-08-30,29.65109634399414
2021-08-31,29.875219345092773
2021-09-01,29.96653175354004
2021-09-02,29.94162940979004
2021-09-03,29.742403030395508
2021-09-07,29.60128402709961
2021-09-08,30.763427734375
2021-09-09,30.3483829498291
2021-09-10,30.157451629638672
2021-09-13,30.41478729248047
2021-09-14,30.05784034729004
2021-09-15,30.06614875793457
2021-09-16,30.331777572631836
2021-09-17,30.340076446533203
2021-09-20,30.05784034729004
2021-09-21,29.83371353149414
2021-09-22,29.99143409729004
2021-09-23,30.14085578918457
2021-09-24,30.20726203918457
2021-09-27,30.58080291748047
2021-09-28,30.39818000793457
2021-09-29,31.1535701751709
2021-09-30,30.56420135498047
2021-10-01,30.447986602783203
2021-10-04,30.6223087310791
2021-10-05,30.771730422973633
2021-10-06,31.0041561126709
2021-10-07,30.780029296875
2021-10-08,30.530994415283203
2021-10-11,30.530994415283203
2021-10-12,30.530994415283203
2021-10-13,30.547603607177734
2021-10-14,30.929441452026367
2021-10-15,30.69701385498047
2021-10-18,30.614004135131836
2021-10-19,30.555896759033203
2021-10-20,30.64720916748047
2021-10-21,30.19896697998047
2021-10-22,30.19896697998047
2021-10-25,30.06614875793457
2021-10-26,30.24876594543457
2021-10-27,30.215564727783203
2021-10-28,30.281963348388672
2021-10-29,29.79221534729004
2021-11-01,30.4894962310791
2021-11-02,30.780029296875
2021-11-03,31.062265396118164
2021-11-04,30.871337890625
2021-11-05,31.410903930664062
2021-11-08,30.879642486572266
2021-11-09,31.0041561126709
2021-11-10,31.1203670501709
2021-11-11,30.946046829223633
2021-11-12,30.896240234375
2021-11-15,31.22827911376953
2021-11-16,30.74681854248047
2021-11-17,30.3483829498291
2021-11-18,29.360563278198242
2021-11-19,29.335655212402344
2021-11-22,29.443565368652344
2021-11-23,29.73409652709961
2021-11-24,29.541025161743164
2021-11-26,29.23881721496582
2021-11-29,29.196836471557617
2021-11-30,28.214658737182617
2021-12-01,27.601848602294922
2021-12-02,27.91244888305664
2021-12-03,28.239839553833008
2021-12-06,28.76871109008789
2021-12-07,28.970186233520508
2021-12-08,27.828506469726562
2021-12-09,28.097131729125977
2021-12-10,28.667972564697266
2021-12-13,28.94500160217285
2021-12-14,29.196836471557617
2021-12-15,29.28078842163086
2021-12-16,30.22099494934082
2021-12-17,29.80965805053711
2021-12-20,29.60818862915039
2021-12-21,29.381526947021484
2021-12-22,29.47386932373047
2021-12-23,29.59139633178711
2021-12-27,29.74249839782715
2021-12-28,30.103471755981445
2021-12-29,30.06149673461914
2021-12-30,29.935571670532227
2021-12-31,30.137048721313477
2022-01-03,30.338523864746094
2022-01-04,30.984914779663086
2022-01-05,30.858997344970703
2022-01-06,30.91776466369629
2022-01-07,31.35428810119629
2022-01-10,31.36267852783203
2022-01-11,31.555763244628906
2022-01-12,31.312307357788086
2022-01-13,31.606124877929688
2022-01-14,31.916736602783203
2022-01-18,31.421443939208984
2022-01-19,31.245153427124023
2022-01-20,31.11083984375
2022-01-21,31.060468673706055
2022-01-24,30.54839324951172
2022-01-25,30.39728546142578
2022-01-26,30.254579544067383
2022-01-27,30.296550750732422
2022-01-28,30.262975692749023
2022-01-31,30.053098678588867
2022-02-01,30.330127716064453
2022-02-02,30.54000473022461
2022-02-03,30.086685180664062
2022-02-04,29.17165756225586
2022-02-07,29.146474838256836
2022-02-08,29.331153869628906
2022-02-09,29.33954620361328
2022-02-10,28.785499572753906
2022-02-11,29.154865264892578
2022-02-14,29.037342071533203
2022-02-15,29.11289405822754
2022-02-16,30.74146842956543
2022-02-17,31.723657608032227
2022-02-18,32.286102294921875
2022-02-22,33.914676666259766
2022-02-23,33.66283416748047
2022-02-24,32.72262954711914
2022-02-25,33.352230072021484
2022-02-28,32.92410659790039
2022-03-01,32.47077941894531
2022-03-02,32.798179626464844
2022-03-03,33.53690719604492
2022-03-04,33.44457244873047
2022-03-07,33.70480728149414
2022-03-08,32.4539909362793
2022-03-09,32.051048278808594
2022-03-10,31.847444534301758
2022-03-11,31.69473648071289
2022-03-14,31.97469139099121
2022-03-15,32.08498001098633
2022-03-16,31.96621322631836
2022-03-17,32.025596618652344
2022-03-18,31.91530990600586
2022-03-21,31.91530990600586
2022-03-22,32.195274353027344
2022-03-23,32.4752197265625
2022-03-24,32.772159576416016
2022-03-25,33.33207702636719
2022-03-28,33.416908264160156
2022-03-29,33.399932861328125
2022-03-30,33.425384521484375
2022-03-31,33.416908264160156
2022-04-01,33.87501907348633
2022-04-04,33.84107971191406
2022-04-05,33.58658981323242
2022-04-06,33.96834182739258
2022-04-07,34.1973991394043
2022-04-08,34.73186111450195
2022-04-11,34.9948616027832
2022-04-12,34.88456726074219
2022-04-13,35.631126403808594
2022-04-14,35.87715148925781
2022-04-18,35.76687240600586
2022-04-19,36.148624420166016
2022-04-20,36.77641677856445
2022-04-21,37.32784652709961
2022-04-22,36.63219451904297
2022-04-25,36.513427734375
2022-04-26,35.89412307739258
2022-04-27,36.377685546875
2022-04-28,36.996986389160156
2022-04-29,36.16559982299805
2022-05-02,35.61416244506836
2022-05-03,35.95351028442383
2022-05-04,36.75095748901367
2022-05-05,36.5982551574707
2022-05-06,36.98002243041992
2022-05-09,37.48903274536133
2022-05-10,36.86973190307617
2022-05-11,36.90367126464844
2022-05-12,36.52190017700195
2022-05-13,37.573875427246094
2022-05-16,37.39571762084961
2022-05-17,36.6152229309082
2022-05-18,33.11997985839844
2022-05-19,32.712772369384766
2022-05-20,32.551578521728516
2022-05-23,33.07756423950195
2022-05-24,33.60354232788086
2022-05-25,33.832603454589844
2022-05-26,31.767333984375
2022-05-27,32.41863250732422
2022-05-31,32.41863250732422
2022-06-01,31.921598434448242
2022-06-02,31.184608459472656
2022-06-03,31.10748291015625
2022-06-06,31.441696166992188
2022-06-07,31.775911331176758
2022-06-08,32.050140380859375
2022-06-09,31.93873405456543
2022-06-10,32.092987060546875
2022-06-13,30.884679794311523
2022-06-14,30.97037124633789
2022-06-15,31.004650115966797
2022-06-16,30.8761043548584
2022-06-17,30.490476608276367
2022-06-21,31.373138427734375
2022-06-22,31.75019645690918
2022-06-23,32.43576431274414
2022-06-24,32.90708923339844
2022-06-27,33.12989807128906
2022-06-28,32.33293533325195
2022-06-29,32.54716491699219
2022-06-30,32.68428421020508
2022-07-01,33.11275863647461
2022-07-05,32.66714096069336
2022-07-06,32.73569869995117
2022-07-07,32.632869720458984
2022-07-08,32.881378173828125
2022-07-11,33.08706283569336
2022-07-12,33.24987030029297
2022-07-13,33.575523376464844
2022-07-14,33.21559143066406
2022-07-15,32.572879791259766
2022-07-18,32.93280029296875
2022-07-19,33.198455810546875
2022-07-20,32.787113189697266
2022-07-21,32.52146911621094
2022-07-22,32.838523864746094
2022-07-25,32.88994598388672
2022-07-26,33.11275863647461
2022-07-27,31.14176368713379
2022-07-28,31.870174407958984
2022-07-29,31.561670303344727
2022-08-01,32.07583999633789
2022-08-02,31.78447723388672
2022-08-03,31.99872398376465
2022-08-04,31.733057022094727
2022-08-05,32.1958122253418
2022-08-08,32.38434982299805
2022-08-09,32.90708923339844
2022-08-10,33.104190826416016
2022-08-11,33.18988800048828
2022-08-12,33.13846969604492
2022-08-15,33.04420852661133
2022-08-16,33.27558135986328
2022-08-17,32.73569869995117
2022-08-18,32.787113189697266
2022-08-19,33.01849365234375
2022-08-22,32.91566848754883
2022-08-23,33.18132781982422
2022-08-24,33.344139099121094
2022-08-25,33.430728912353516
2022-08-26,32.997802734375
2022-08-29,32.98048400878906
2022-08-30,32.39169692993164
2022-08-31,32.38304138183594
2022-09-01,32.642791748046875
2022-09-02,32.30511474609375
2022-09-06,32.40901184082031
2022-09-07,32.31377029418945
2022-09-08,31.22279167175293
2022-09-09,31.569137573242188
2022-09-12,31.80291175842285
2022-09-13,30.35693359375
2022-09-14,30.27034568786621
2022-09-15,29.967302322387695
2022-09-16,30.05388069152832
2022-09-19,29.967302322387695
2022-09-20,29.38717269897461
2022-09-21,29.820100784301758
2022-09-22,29.664243698120117
2022-09-23,29.369853973388672
2022-09-26,29.491079330444336
2022-09-27,28.529972076416016
2022-09-28,29.11009979248047
2022-09-29,29.058149337768555
2022-09-30,28.876317977905273
2022-10-03,29.404495239257812
2022-10-04,29.7248592376709
2022-10-05,29.34387969970703
2022-10-06,28.936925888061523
2022-10-07,28.599245071411133
2022-10-10,29.499736785888672
2022-10-11,30.253026962280273
2022-10-12,30.564739227294922
2022-10-13,30.98035430908203
2022-10-14,30.937055587768555
2022-10-17,30.72925567626953
2022-10-18,31.231449127197266
2022-10-19,31.42193603515625
2022-10-20,30.5993709564209
2022-10-21,30.48680877685547
2022-10-24,31.6210880279541
2022-10-25,32.08864212036133
2022-10-26,31.958768844604492
2022-10-27,32.919864654541016
2022-10-28,33.716453552246094
2022-10-31,33.30950927734375
2022-11-01,33.093048095703125
2022-11-02,33.00645446777344
2022-11-03,32.893898010253906
2022-11-04,32.919864654541016
2022-11-07,33.04975128173828
2022-11-08,32.9891357421875
2022-11-09,32.66877365112305
2022-11-10,32.78998565673828
2022-11-11,32.028038024902344
2022-11-14,31.880840301513672
2022-11-15,32.071327209472656
2022-11-16,32.63414001464844
2022-11-17,32.68608474731445
2022-11-18,32.9891357421875
2022-11-21,33.28352737426758
2022-11-22,33.73377990722656
2022-11-23,34.031219482421875
2022-11-25,34.031219482421875
2022-11-28,34.004966735839844
2022-11-29,34.1536979675293
2022-11-30,34.42490005493164
2022-12-01,34.54737854003906
2022-12-02,34.84482192993164
2022-12-05,34.661102294921875
2022-12-06,34.48613739013672
2022-12-07,34.897308349609375
2022-12-08,35.11601638793945
2022-12-09,34.94105529785156
2022-12-12,35.238494873046875
2022-12-13,34.9672966003418
2022-12-14,35.13351058959961
2022-12-15,34.84482192993164
2022-12-16,34.92355728149414
2022-12-19,35.08977508544922
2022-12-20,34.8098258972168
2022-12-21,35.15101623535156
2022-12-22,35.30848693847656
2022-12-23,35.44845962524414
2022-12-27,35.8333854675293
2022-12-28,35.37847137451172
2022-12-29,35.588436126708984
2022-12-30,35.61467361450195
2023-01-03,35.6759147644043
2023-01-04,36.07835006713867
2023-01-05,36.157081604003906
2023-01-06,37.25937271118164
2023-01-09,36.91818618774414
2023-01-10,37.031917572021484
2023-01-11,37.233131408691406
2023-01-12,37.11940383911133
2023-01-13,37.110652923583984
2023-01-17,37.031917572021484
2023-01-18,34.69609832763672
2023-01-19,35.028541564941406
2023-01-20,34.88856506347656
2023-01-23,35.22100067138672
2023-01-24,34.83607864379883
2023-01-25,34.949806213378906
2023-01-26,34.69609832763672
2023-01-27,34.72233963012695
2023-01-30,35.317230224609375
2023-01-31,35.457210540771484
2023-02-01,35.46595764160156
2023-02-02,34.98479461669922
2023-02-03,34.451141357421875
2023-02-06,34.93230438232422
2023-02-07,34.59112548828125
2023-02-08,34.17993927001953
2023-02-09,34.02246856689453
2023-02-10,34.66984939575195
2023-02-13,35.28223419189453
2023-02-14,34.88856506347656
2023-02-15,35.10727310180664
2023-02-16,34.80107498168945
2023-02-17,34.9935417175293
2023-02-21,34.879817962646484
2023-02-22,34.6261100769043
2023-02-23,34.77482604980469
2023-02-24,34.65235137939453
2023-02-27,34.69609832763672
2023-02-28,34.06621170043945
2023-03-01,33.59379959106445
2023-03-02,33.821258544921875
2023-03-03,34.1536979675293
2023-03-06,34.10995864868164
2023-03-07,33.80376434326172
2023-03-08,33.523807525634766
2023-03-09,33.40888977050781
2023-03-10,33.541500091552734
2023-03-13,33.700626373291016
2023-03-14,33.71830749511719
2023-03-15,33.6917839050293
2023-03-16,33.75366973876953
2023-03-17,33.26744079589844
2023-03-20,33.541500091552734
2023-03-21,33.62990188598633
2023-03-22,33.214393615722656
2023-03-23,33.08177947998047
2023-03-24,33.75366973876953
2023-03-27,34.12498092651367
2023-03-28,33.939327239990234
2023-03-29,34.186866760253906
2023-03-30,34.337158203125
2023-03-31,34.186866760253906
2023-04-03,34.34599304199219
2023-04-04,34.133819580078125
2023-04-05,34.49628829956055
2023-04-06,34.60237503051758
2023-04-10,34.567012786865234
2023-04-11,34.69962692260742
2023-04-12,34.72614288330078
2023-04-13,34.62889862060547
2023-04-14,34.567012786865234
2023-04-17,34.95600891113281
2023-04-18,34.885276794433594
2023-04-19,34.89411544799805
2023-04-20,34.8410758972168
2023-04-21,34.67310333251953
2023-04-24,34.63773727416992
2023-04-25,34.86759948730469
2023-04-26,34.796878814697266
2023-04-27,35.079769134521484
2023-04-28,34.71730422973633
2023-05-01,35.1505012512207
2023-05-02,34.876441955566406
2023-05-03,35.58369445800781
2023-05-04,36.105289459228516
2023-05-05,36.52964782714844
2023-05-08,36.317474365234375
2023-05-09,36.140655517578125
2023-05-10,35.96384048461914
2023-05-11,35.93732833862305
2023-05-12,35.94615936279297
2023-05-15,35.512962341308594
2023-05-16,34.47860336303711
2023-05-17,34.3990364074707
2023-05-18,34.3990364074707
2023-05-19,34.540489196777344
2023-05-22,34.248756408691406
2023-05-23,34.204551696777344
2023-05-24,34.23107147216797
2023-05-25,33.82439422607422
2023-05-26,33.89512252807617
2023-05-30,33.46193313598633
2023-05-31,33.78904724121094
2023-06-01,33.76251220703125
2023-06-02,34.04541778564453
2023-06-05,34.00074768066406
2023-06-06,33.75954818725586
2023-06-07,33.00913619995117
2023-06-08,33.223533630371094
2023-06-09,32.94660568237305
2023-06-12,32.678592681884766
2023-06-13,32.87512969970703
2023-06-14,32.758995056152344
2023-06-15,32.93766784667969
2023-06-16,33.044864654541016
2023-06-20,32.714324951171875
2023-06-21,32.222991943359375
2023-06-22,32.222991943359375
2023-06-23,32.080055236816406
2023-06-26,31.758441925048828
2023-06-27,31.78525161743164
2023-06-28,31.284976959228516
2023-06-29,31.284976959228516
2023-06-30,31.713783264160156
2023-07-03,31.99073028564453
2023-07-05,32.026451110839844
2023-07-06,31.85671615600586
2023-07-07,31.67804718017578
2023-07-10,31.624452590942383
2023-07-11,31.829917907714844
2023-07-12,31.946048736572266
2023-07-13,31.838851928710938
2023-07-14,32.026451110839844
2023-07-17,31.72270965576172
2023-07-18,31.72270965576172
2023-07-19,32.285518646240234
2023-07-20,32.517791748046875
2023-07-21,32.44632339477539
2023-07-24,32.47311782836914
2023-07-25,32.65179443359375
2023-07-26,32.48206329345703
2023-07-27,32.33911895751953
2023-07-28,32.30338668823242
2023-07-31,32.32125473022461
2023-08-01,32.05325698852539
2023-08-02,32.44632339477539
2023-08-03,31.776321411132812
2023-08-04,31.51724624633789
2023-08-07,31.267112731933594
2023-08-08,30.784696578979492
2023-08-09,30.838300704956055
2023-08-10,30.722166061401367
2023-08-11,30.865095138549805
2023-08-14,30.588163375854492
2023-08-15,30.15935707092285
2023-08-16,29.980690002441406
2023-08-17,29.91815757751465
2023-08-18,30.07002067565918
2023-08-21,29.909221649169922
2023-08-22,29.7484188079834
2023-08-23,29.91815757751465
2023-08-24,29.944955825805664
2023-08-25,30.239761352539062
2023-08-28,30.23082733154297
2023-08-29,30.15935707092285
2023-08-30,30.078956604003906
2023-08-31,29.916223526000977
2023-09-01,29.455141067504883
2023-09-05,29.428014755249023
2023-09-06,29.44609832763672
2023-09-07,29.545547485351562
2023-09-08,29.79869270324707
2023-09-11,30.404430389404297
2023-09-12,30.341142654418945
2023-09-13,30.006633758544922
2023-09-14,30.531005859375
2023-09-15,30.2416934967041
2023-09-18,30.214569091796875
2023-09-19,30.6846981048584
2023-09-20,30.75702476501465
2023-09-21,31.18194580078125
2023-09-22,30.883594512939453
2023-09-25,31.028249740600586
2023-09-26,31.190988540649414
2023-09-27,30.766063690185547
2023-09-28,30.512920379638672
2023-09-29,30.413469314575195
2023-10-02,29.916223526000977
2023-10-03,29.93430519104004
2023-10-04,30.087995529174805
2023-10-05,29.220075607299805
2023-10-06,28.957889556884766
2023-10-09,29.3737735748291
2023-10-10,29.35569190979004
2023-10-11,29.32856559753418
2023-10-12,27.854904174804688
2023-10-13,28.41543960571289
2023-10-16,28.55105209350586
2023-10-17,28.48776626586914
2023-10-18,28.686664581298828
2023-10-19,28.43351936340332
2023-10-20,28.306947708129883
2023-10-23,28.135173797607422
2023-10-24,28.6685848236084
2023-10-25,29.00309944152832
2023-10-26,28.804195404052734
2023-10-27,28.424482345581055
2023-10-30,28.587217330932617
2023-10-31,28.442562103271484
2023-11-01,29.11158561706543
2023-11-02,30.295940399169922
2023-11-03,30.078960418701172
2023-11-06,30.0970401763916
2023-11-07,29.916223526000977
2023-11-08,29.988550186157227
2023-11-09,29.78965187072754
2023-11-10,29.73540687561035
2023-11-13,30.051837921142578
2023-11-14,30.359230041503906
2023-11-15,30.341142654418945
2023-11-16,30.567167282104492
2023-11-17,30.431550979614258
2023-11-20,30.549083709716797
2023-11-21,30.874557495117188
2023-11-22,31.353721618652344
2023-11-24,31.588783264160156
2023-11-27,31.5435791015625
2023-11-28,31.751514434814453
2023-11-29,31.715356826782227
2023-11-30,32.10859298706055
2023-12-01,32.48354721069336
2023-12-04,32.75790023803711
2023-12-05,32.77619171142578
2023-12-06,33.10541915893555
2023-12-07,33.37976837158203
2023-12-08,33.132850646972656
2023-12-11,33.635833740234375
2023-12-12,34.074806213378906
2023-12-13,34.44060516357422
2023-12-14,33.83702850341797
2023-12-15,33.462074279785156
2023-12-18,33.57181930541992
2023-12-19,33.37062454223633
2023-12-20,32.693885803222656
2023-12-21,32.88593292236328
2023-12-22,33.251739501953125
2023-12-26,33.37976837158203
2023-12-27,33.398067474365234
2023-12-28,33.5992546081543
2023-12-29,33.81874084472656
2024-01-02,34.86128616333008
2024-01-03,34.82470703125
2024-01-04,34.55034637451172
2024-01-05,34.69667434692383
2024-01-08,34.98017120361328
2024-01-09,35.254520416259766
2024-01-10,34.65094757080078
2024-01-11,34.36745071411133
2024-01-12,34.45889663696289
2024-01-16,34.39487838745117
2024-01-17,34.55949401855469
2024-01-18,33.84617614746094
2024-01-19,33.91019058227539
2024-01-22,33.61754608154297
2024-01-23,33.97420883178711
2024-01-24,33.67241668701172
2024-01-25,34.074806213378906
2024-01-26,34.029075622558594
2024-01-29,34.12052917480469
2024-01-30,34.157108306884766
2024-01-31,33.95591354370117
2024-02-01,34.53205871582031
2024-02-02,34.431461334228516
2024-02-05,34.0382194519043
2024-02-06,34.029075622558594
2024-02-07,33.2883186340332
2024-02-08,33.35233688354492
2024-02-09,32.895076751708984
2024-02-12,33.251739501953125
2024-02-13,33.04140090942383
2024-02-14,31.239805221557617
2024-02-15,31.98056411743164
2024-02-16,31.83424186706543
2024-02-20,32.57499313354492
2024-02-21,33.279170989990234
2024-02-22,33.29746627807617
2024-02-23,32.96823501586914
2024-02-26,32.88593292236328
2024-02-27,32.73960494995117
2024-02-28,32.5018424987793
2024-02-29,32.26406478881836
2024-03-01,32.126888275146484
2024-03-04,32.04458236694336
2024-03-05,32.126888275146484
2024-03-06,32.32807159423828
2024-03-07,31.911840438842773
2024-03-08,32.2263298034668
2024-03-11,32.355831146240234
2024-03-12,32.00433349609375
2024-03-13,31.939586639404297
2024-03-14,31.745344161987305
2024-03-15,31.791589736938477
2024-03-18,32.300323486328125
2024-03-19,32.62407302856445
2024-03-20,32.69807052612305
2024-03-21,32.929317474365234
2024-03-22,33.160560607910156
2024-03-25,33.46580505371094
2024-03-26,33.641544342041016
2024-03-27,33.78955078125
2024-03-28,34.13179397583008
2024-04-01,34.27979278564453
2024-04-02,34.58503341674805
2024-04-03,34.566532135009766
2024-04-04,34.45553970336914
2024-04-05,34.27979278564453
2024-04-08,34.270538330078125
2024-04-09,34.372283935546875
2024-04-10,34.05779266357422
2024-04-11,33.8358039855957
2024-04-12,33.24380874633789
2024-04-15,33.586055755615234
2024-04-16,33.84504699707031
2024-04-17,34.13179397583008
2024-04-18,34.3260383605957
2024-04-19,34.94577407836914
2024-04-22,35.28801727294922
2024-04-23,35.21401596069336
2024-04-24,35.676509857177734
2024-04-25,35.49151611328125
2024-04-26,35.29726791381836
2024-04-29,35.750511169433594
2024-04-30,35.71350860595703
2024-05-01,33.55830383300781
2024-05-02,33.965293884277344
2024-05-03,33.623050689697266
2024-05-06,33.058815002441406
2024-05-07,33.123565673828125
2024-05-08,33.19755935668945
2024-05-09,33.031063079833984
2024-05-10,33.52130126953125
2024-05-13,33.7525520324707
2024-05-14,33.47505569458008
2024-05-15,33.160560607910156
2024-05-16,33.36405944824219
2024-05-17,33.299312591552734
2024-05-20,33.0958137512207
2024-05-21,33.22530746459961
2024-05-22,33.65080642700195
2024-05-23,33.11431121826172
2024-05-24,33.160560607910156
2024-05-28,32.420570373535156
2024-05-29,32.05983352661133
2024-05-30,32.05058670043945
2024-05-31,32.71657180786133
2024-06-03,32.46682357788086
2024-06-04,32.95707321166992
2024-06-05,32.0690803527832
2024-06-06,32.349822998046875
2024-06-07,32.18137741088867
2024-06-10,31.395320892333984
2024-06-11,31.48890495300293
2024-06-12,30.805784225463867
2024-06-13,30.450191497802734
2024-06-14,30.300466537475586
2024-06-17,30.805784225463867
2024-06-18,30.57183837890625
2024-06-20,30.54376792907715
2024-06-21,30.833864212036133
2024-06-24,31.077159881591797
2024-06-25,30.693490982055664
2024-06-26,30.24431800842285
2024-06-27,30.197532653808594
2024-06-28,30.15074348449707
2024-07-01,29.813861846923828
2024-07-02,29.944869995117188
2024-07-03,30.029090881347656
2024-07-05,30.029090881347656
2024-07-08,30.0384464263916
2024-07-09,29.879365921020508
2024-07-10,29.87000846862793
2024-07-11,30.113311767578125
2024-07-12,30.010372161865234
2024-07-15,30.216245651245117
2024-07-16,30.73092269897461
2024-07-17,31.722850799560547
2024-07-18,31.601198196411133
2024-07-19,30.992938995361328
2024-07-22,30.712207794189453
2024-07-23,30.693490982055664
2024-07-24,30.927431106567383
2024-07-25,31.15202522277832
2024-07-26,31.217531204223633
2024-07-29,31.27367401123047
2024-07-30,31.66670036315918
2024-07-31,32.94871139526367
2024-08-01,33.12651443481445
2024-08-02,33.7441291809082
2024-08-05,32.93935775756836
2024-08-06,32.583763122558594
2024-08-07,32.44339370727539
2024-08-08,32.94871139526367
2024-08-09,33.00486373901367
2024-08-12,31.97550392150879
2024-08-13,32.349822998046875
2024-08-14,32.27495574951172
2024-08-15,31.99422264099121
2024-08-16,32.3966064453125
2024-08-19,33.089080810546875
2024-08-20,33.023582458496094
2024-08-21,33.163944244384766
2024-08-22,33.238807678222656
2024-08-23,33.603763580322266
2024-08-26,33.622474670410156
2024-08-27,33.44467544555664
2024-08-28,33.11715316772461
2024-08-29,32.99549865722656
2024-08-30,33.53501510620117
2024-09-03,33.68646240234375
2024-09-04,34.14078903198242
2024-09-05,34.19758224487305
2024-09-06,33.923091888427734
2024-09-09,34.121856689453125
2024-09-10,33.62020492553711
2024-09-11,33.279457092285156
2024-09-12,33.317317962646484
2024-09-13,33.68646240234375
2024-09-16,33.724327087402344
2024-09-17,33.16587829589844
2024-09-18,33.260528564453125
2024-09-19,33.118553161621094
2024-09-20,33.09015655517578
2024-09-23,32.825130462646484
2024-09-24,32.84406280517578
2024-09-25,32.67369079589844
2024-09-26,32.93871307373047
2024-09-27,33.47822570800781
2024-09-30,33.23213195800781
2024-10-01,33.28892135620117
2024-10-02,32.53171157836914
2024-10-03,32.3424072265625
2024-10-04,32.73994445800781
2024-10-07,32.73994445800781
2024-10-08,32.80620193481445
2024-10-09,32.81566619873047
2024-10-10,32.96711349487305
2024-10-11,33.33625411987305
2024-10-14,33.4687614440918
2024-10-15,33.80950927734375
2024-10-16,33.89469909667969
2024-10-17,34.02720642089844
2024-10-18,34.07453536987305
2024-10-21,33.5918083190918
2024-10-22,33.73378372192383
2024-10-23,33.60127639770508
2024-10-24,33.156410217285156
2024-10-25,32.881919860839844
2024-10-28,33.251068115234375
2024-10-29,32.93871307373047
2024-10-30,31.92594337463379
2024-10-31,31.67038345336914
2024-11-01,31.698780059814453
2024-11-04,31.594663619995117
2024-11-05,31.71771240234375
2024-11-06,31.632522583007812
2024-11-07,31.06461524963379
2024-11-08,31.234987258911133
2024-11-11,30.790122985839844
2024-11-12,30.288471221923828
2024-11-13,30.41152000427246
2024-11-14,30.089706420898438
2024-11-15,29.474468231201172
2024-11-18,29.408212661743164
2024-11-19,28.94442367553711
2024-11-20,29.228374481201172
2024-11-21,29.42714500427246
2024-11-22,30.10863494873047
2024-11-25,30.307403564453125
2024-11-26,30.26007652282715
2024-11-27,30.22221565246582
2024-11-29,30.643966674804688
2024-12-02,30.298898696899414
2024-12-03,30.145536422729492
2024-12-04,29.71419906616211
2024-12-05,29.627933502197266
2024-12-06,29.532079696655273
2024-12-09,30.404335021972656
2024-12-10,30.279727935791016
2024-12-11,29.99217414855957
2024-12-12,30.24138641357422
2024-12-13,30.375581741333008
2024-12-16,29.685441970825195
2024-12-17,29.95383071899414
2024-12-18,29.04323387145996
2024-12-19,28.851530075073242
2024-12-20,29.25411033630371
2024-12-23,29.196598052978516
2024-12-24,29.369131088256836
2024-12-26,29.28286361694336
2024-12-27,29.407472610473633
2024-12-30,29.100746154785156
2024-12-31,29.436227798461914
2025-01-02,29.49374008178711
2025-01-03,29.340375900268555
2025-01-06,28.80360221862793
2025-01-07,28.53521728515625
2025-01-08,28.429779052734375
2025-01-10,27.327478408813477
2025-01-13,27.586280822753906
2025-01-14,27.519182205200195
2025-01-15,27.538352966308594
2025-01-16,27.76839828491211
2025-01-17,28.05595588684082
2025-01-21,28.257244110107422
2025-01-22,27.86425018310547
2025-01-23,27.86425018310547
2025-01-24,28.094295501708984
2025-01-27,28.9473819732666
2025-01-28,28.36268424987793
2025-01-29,28.429779052734375
2025-01-30,29.01447868347168
2025-01-31,28.602313995361328
2025-02-03,28.065540313720703
2025-02-04,27.509597778320312
2025-02-05,27.42333221435547
2025-02-06,27.80674171447754
2025-02-07,28.0847110748291
2025-02-10,27.758813858032227
2025-02-11,28.353097915649414
2025-02-12,27.432918548583984
2025-02-13,28.036785125732422
2025-02-14,27.72047233581543
2025-02-18,28.1038818359375
2025-02-19,28.55438804626465
2025-02-20,28.909040451049805
2025-02-21,29.83880615234375
2025-02-24,30.059267044067383
2025-02-25,30.413921356201172
2025-02-26,29.34996223449707
2025-02-27,29.37871551513672
2025-02-28,29.436227798461914
2025-03-03,30.02092742919922
2025-03-04,29.69502830505371
2025-03-05,29.704612731933594
2025-03-06,29.982585906982422
2025-03-07,31.24480628967285
2025-03-10,31.28364372253418
2025-03-11,30.196191787719727
2025-03-12,29.41944122314453
2025-03-13,29.312637329101562
2025-03-14,29.35147476196289
2025-03-17,29.768978118896484
2025-03-18,29.506824493408203
2025-03-19,29.0213565826416
2025-03-20,28.846586227416992
2025-03-21,28.662107467651367
2025-03-24,28.273733139038086
2025-03-25,28.254314422607422
2025-03-26,28.82716941833496
2025-03-27,29.196125030517578
2025-03-28,29.361183166503906
2025-03-31,29.545663833618164
2025-04-01,29.45827865600586
2025-04-02,29.25438117980957
2025-04-03,29.91461944580078
2025-04-04,28.817459106445312
2025-04-07,27.70088005065918
2025-04-08,26.885292053222656
2025-04-09,28.254314422607422
2025-04-10,28.001869201660156
2025-04-11,28.477630615234375
2025-04-14,28.933969497680664
2025-04-15,28.56501579284668
2025-04-16,27.972742080688477
2025-04-17,28.603851318359375
2025-04-21,29.069904327392578
2025-04-22,29.32234764099121
2025-04-23,29.215543746948242
2025-04-24,28.77861976623535
2025-04-25,28.632980346679688
2025-04-28,27.972742080688477
2025-04-29,28.03099822998047
2025-04-30,28.254314422607422
2025-05-01,27.671751022338867
2025-05-02,27.807682037353516
2025-05-05,27.759136199951172
2025-05-06,27.574657440185547
2025-05-07,27.409597396850586
2025-05-08,27.66204261779785
2025-05-09,27.254247665405273
2025-05-12,27.33192253112793
2025-05-13,26.788196563720703
2025-05-14,26.380403518676758
2025-05-15,26.691102981567383
2025-05-16,26.933837890625
2025-05-19,27.06976890563965
2025-05-20,27.089187622070312
2025-05-21,25.856094360351562
2025-05-22,25.729873657226562
2025-05-23,25.53568458557129
2025-05-27,26.050283432006836
2025-05-28,25.768712997436523
2025-05-29,26.23476219177246
2025-05-30,26.343168258666992
2025-06-02,26.24461555480957
2025-06-03,26.402301788330078
2025-06-04,26.3136043548584
2025-06-05,26.23476219177246
2025-06-06,26.343168258666992
2025-06-09,26.096786499023438
2025-06-10,26.205196380615234
2025-06-11,26.037656784057617
2025-06-12,26.077075958251953
2025-06-13,25.70257568359375
2025-06-16,25.41677474975586
2025-06-17,25.377351760864258
2025-06-18,25.308364868164062
2025-06-20,25.42662811279297
2025-06-23,25.544891357421875
2025-06-24,25.653301239013672
2025-06-25,25.357641220092773
2025-06-26,25.41677474975586
2025-06-27,25.239377975463867
2025-06-30,25.446338653564453
2025-07-01,26.22490692138672
2025-07-02,26.668394088745117
2025-07-03,26.27418327331543
2025-07-07,25.70257568359375
2025-07-08,26.04751205444336
2025-07-09,26.067222595214844
2025-07-10,26.086931228637695
2025-07-11,26.747236251831055
2025-07-14,27.39768409729004
2025-07-15,26.72752571105957
2025-07-16,27.18086814880371
2025-07-17,27.72290802001953
2025-07-18,27.417394638061523
2025-07-21,27.08231544494629
2025-07-22,28.363502502441406
2025-07-23,28.52118682861328
2025-07-24,28.363502502441406
2025-07-25,28.264949798583984
2025-07-28,27.84117317199707
2025-07-29,28.146686553955078
2025-07-30,28.077699661254883
2025-07-31,27.062604904174805
2025-08-01,27.013328552246094
2025-08-04,26.412155151367188
2025-08-05,26.648683547973633
2025-08-06,26.86549949645996
2025-08-07,27.249855041503906
2025-08-08,27.35826301574707
2025-08-11,27.033039093017578
2025-08-12,26.95419692993164
2025-08-13,27.614501953125
2025-08-14,27.249855041503906
2025-08-15,27.26956558227539
2025-08-18,26.875354766845703
2025-08-19,27.26956558227539
2025-08-20,27.023183822631836
2025-08-21,27.102025985717773
2025-08-22,27.653921127319336
2025-08-25,27.289278030395508
2025-08-26,27.29913330078125
2025-08-27,27.48638153076172
2025-08-28,27.239999771118164
2025-08-29,27.969999313354492
2025-09-02,26.020000457763672
2025-09-03,26.93000030517578
2025-09-04,26.959999084472656
2025-09-05,27.290000915527344
2025-09-08,26.899999618530273
2025-09-09,26.670000076293945
2025-09-10,26.649999618530273
2025-09-11,26.520000457763672
2025-09-12,26.1299991607666
2025-09-15,25.6299991607666
2025-09-16,25.93000030517578
2025-09-17,25.729999542236328
2025-09-18,26.079999923706055
2025-09-19,26.420000076293945
