Date,KNTK
2018-11-13,62.73793029785156
2018-11-14,57.29145050048828
2018-11-15,60.80752944946289
2018-11-16,59.84234619140625
2018-11-19,56.87778091430664
2018-11-20,54.05113983154297
2018-11-21,53.085941314697266
2018-11-23,54.05113983154297
2018-11-26,55.15422821044922
2018-11-27,53.4306526184082
2018-11-28,53.01700210571289
2018-11-29,52.672279357910156
2018-11-30,52.672279357910156
2018-12-03,54.12008285522461
2018-12-04,53.223819732666016
2018-12-06,53.4306526184082
2018-12-07,54.05113983154297
2018-12-10,57.36039352416992
2018-12-11,63.151573181152344
2018-12-12,66.87451171875
2018-12-13,65.15091705322266
2018-12-14,60.187049865722656
2018-12-17,62.462154388427734
2018-12-18,59.980224609375
2018-12-19,58.394535064697266
2018-12-20,53.7064208984375
2018-12-21,52.60334396362305
2018-12-24,53.361724853515625
2018-12-26,55.63682556152344
2018-12-27,52.60334396362305
2018-12-28,53.4306526184082
2018-12-31,53.29277801513672
2019-01-02,52.81016159057617
2019-01-03,51.15553283691406
2019-01-04,55.91259765625
2019-01-07,56.395206451416016
2019-01-08,56.87778091430664
2019-01-09,60.66964340209961
2019-01-10,61.08329391479492
2019-01-11,58.394535064697266
2019-01-14,57.42933654785156
2019-01-15,59.42866897583008
2019-01-16,59.08396530151367
2019-01-17,59.911277770996094
2019-01-18,59.08396530151367
2019-01-22,57.08462142944336
2019-01-23,53.56853485107422
2019-01-24,55.84366226196289
2019-01-25,55.84366226196289
2019-01-28,55.98153305053711
2019-01-29,57.42933654785156
2019-01-30,55.98153305053711
2019-01-31,55.84366226196289
2019-02-01,57.91193389892578
2019-02-04,58.53241729736328
2019-02-05,57.49827575683594
2019-02-06,56.94674301147461
2019-02-07,56.11943435668945
2019-02-08,54.74056625366211
2019-02-11,54.46480178833008
2019-02-12,55.08527755737305
2019-02-13,55.08527755737305
2019-02-14,54.257965087890625
2019-02-15,56.11943435668945
2019-02-19,56.05048370361328
2019-02-20,56.395206451416016
2019-02-21,55.91259765625
2019-02-22,56.25731658935547
2019-02-25,56.32624053955078
2019-02-26,56.32624053955078
2019-02-27,55.361053466796875
2019-02-28,42.1929817199707
2019-03-01,38.401126861572266
2019-03-04,38.26324462890625
2019-03-05,38.0564079284668
2019-03-06,38.60795974731445
2019-03-07,38.53902053833008
2019-03-08,37.91852569580078
2019-03-11,38.88372802734375
2019-03-12,42.67558288574219
2019-03-13,42.53769302368164
2019-03-14,43.57183074951172
2019-03-15,44.39915466308594
2019-03-18,42.60662841796875
2019-03-19,43.020294189453125
2019-03-20,42.26192092895508
2019-03-21,43.365013122558594
2019-03-22,42.74452209472656
2019-03-25,41.57249069213867
2019-03-26,41.641448974609375
2019-03-27,42.1929817199707
2019-03-28,41.36566925048828
2019-03-29,40.676239013671875
2019-04-01,41.29672622680664
2019-04-02,41.434608459472656
2019-04-03,41.434608459472656
2019-04-04,41.36566925048828
2019-04-05,41.50354766845703
2019-04-08,41.02096176147461
2019-04-09,40.538360595703125
2019-04-10,40.05575180053711
2019-04-11,39.917869567871094
2019-04-12,40.331539154052734
2019-04-15,40.331539154052734
2019-04-16,37.36698913574219
2019-04-17,37.36698913574219
2019-04-18,34.47138977050781
2019-04-22,37.29804229736328
2019-04-23,37.02227020263672
2019-04-24,36.19496154785156
2019-04-25,35.16082000732422
2019-04-26,34.12668228149414
2019-04-29,35.6434211730957
2019-04-30,34.81610870361328
2019-05-01,35.43658447265625
2019-05-02,34.885047912597656
2019-05-03,35.85023880004883
2019-05-06,34.81610870361328
2019-05-07,34.95399475097656
2019-05-08,35.16082000732422
2019-05-09,36.81544494628906
2019-05-10,36.470726013183594
2019-05-13,37.29804229736328
2019-05-14,36.60860824584961
2019-05-15,36.12601089477539
2019-05-16,36.677555084228516
2019-05-17,36.88439178466797
2019-05-20,36.40178298950195
2019-05-21,35.919185638427734
2019-05-22,34.885047912597656
2019-05-23,34.0577392578125
2019-05-24,34.67821502685547
2019-05-28,34.26456832885742
2019-05-29,33.506195068359375
2019-05-30,33.16147232055664
2019-05-31,31.575786590576172
2019-06-03,31.36896514892578
2019-06-04,32.265220642089844
2019-06-05,31.575786590576172
2019-06-06,31.36896514892578
2019-06-07,33.368309020996094
2019-06-10,32.60993194580078
2019-06-11,31.989452362060547
2019-06-12,30.54164695739746
2019-06-13,29.231740951538086
2019-06-14,27.508169174194336
2019-06-17,26.956628799438477
2019-06-18,27.439226150512695
2019-06-19,26.680862426757812
2019-06-20,27.57711410522461
2019-06-21,27.57711410522461
2019-06-24,26.129314422607422
2019-06-25,25.302003860473633
2019-06-26,25.71565055847168
2019-06-27,24.819400787353516
2019-06-28,25.646713256835938
2019-07-01,27.23240089416504
2019-07-02,27.025569915771484
2019-07-03,25.646713256835938
2019-07-05,25.233057022094727
2019-07-08,24.681516647338867
2019-07-09,24.819400787353516
2019-07-10,25.78460121154785
2019-07-11,25.78460121154785
2019-07-12,25.71565055847168
2019-07-15,26.267192840576172
2019-07-16,23.509490966796875
2019-07-17,23.44054412841797
2019-07-18,21.78591537475586
2019-07-19,24.405746459960938
2019-07-22,25.233057022094727
2019-07-23,25.095169067382812
2019-07-24,25.16411590576172
2019-07-25,24.3367977142334
2019-07-26,24.54362678527832
2019-07-29,23.026891708374023
2019-07-30,22.75111961364746
2019-07-31,22.130632400512695
2019-08-01,20.68283462524414
2019-08-02,20.407066345214844
2019-08-05,20.544952392578125
2019-08-06,20.062347412109375
2019-08-07,19.3729190826416
2019-08-08,19.510807037353516
2019-08-09,19.166095733642578
2019-08-12,18.063005447387695
2019-08-13,18.752437591552734
2019-08-14,17.58041000366211
2019-08-15,17.718292236328125
2019-08-16,18.95926284790039
2019-08-19,17.787235260009766
2019-08-20,17.925119400024414
2019-08-21,17.718292236328125
2019-08-22,17.304637908935547
2019-08-23,15.856842041015625
2019-08-26,15.718954086303711
2019-08-27,15.37424087524414
2019-08-28,15.925779342651367
2019-08-29,16.408382415771484
2019-08-30,15.925779342651367
2019-09-03,15.305298805236816
2019-09-04,15.856842041015625
2019-09-05,16.684154510498047
2019-09-06,16.546266555786133
2019-09-09,17.856178283691406
2019-09-10,18.683494567871094
2019-09-11,19.441864013671875
2019-09-12,19.303979873657227
2019-09-13,19.579748153686523
2019-09-16,21.165433883666992
2019-09-17,21.57908821105957
2019-09-18,20.68283462524414
2019-09-19,20.269180297851562
2019-09-20,20.889663696289062
2019-09-23,20.269180297851562
2019-09-24,19.303979873657227
2019-09-25,19.648691177368164
2019-09-26,19.993404388427734
2019-09-27,20.269180297851562
2019-09-30,19.510807037353516
2019-10-01,17.787235260009766
2019-10-02,17.02886962890625
2019-10-03,16.95992660522461
2019-10-04,17.442523956298828
2019-10-07,17.166749954223633
2019-10-08,16.546266555786133
2019-10-09,16.753097534179688
2019-10-10,16.615209579467773
2019-10-11,16.890979766845703
2019-10-14,16.753097534179688
2019-10-15,15.512124061584473
2019-10-16,15.787893295288086
2019-10-17,15.581066131591797
2019-10-18,15.718954086303711
2019-10-21,16.20155143737793
2019-10-22,16.95992660522461
2019-10-23,16.615209579467773
2019-10-24,16.546266555786133
2019-10-25,16.822036743164062
2019-10-28,16.408382415771484
2019-10-29,15.856842041015625
2019-10-30,16.063669204711914
2019-10-31,15.167410850524902
2019-11-01,15.718954086303711
2019-11-04,15.925779342651367
2019-11-05,15.650009155273438
2019-11-06,15.098467826843262
2019-11-07,15.167410850524902
2019-11-08,14.477983474731445
2019-11-11,13.788557052612305
2019-11-12,13.857497215270996
2019-11-13,13.099126815795898
2019-11-14,13.168069839477539
2019-11-15,13.374900817871094
2019-11-18,12.064986228942871
2019-11-19,11.65132999420166
2019-11-20,12.409700393676758
2019-11-21,13.374900817871094
2019-11-22,13.030186653137207
2019-11-25,12.892300605773926
2019-11-26,12.823356628417969
2019-11-27,13.374900817871094
2019-11-29,13.305954933166504
2019-12-02,12.961243629455566
2019-12-03,12.823356628417969
2019-12-04,14.202211380004883
2019-12-05,13.857497215270996
2019-12-06,14.064329147338867
2019-12-09,15.443181037902832
2019-12-10,16.95992660522461
2019-12-11,17.856178283691406
2019-12-12,17.856178283691406
2019-12-13,18.269838333129883
2019-12-16,19.648691177368164
2019-12-17,18.821378707885742
2019-12-18,18.063005447387695
2019-12-19,17.51146697998047
2019-12-20,17.235694885253906
2019-12-23,18.614551544189453
2019-12-24,18.752437591552734
2019-12-26,19.993404388427734
2019-12-27,20.544952392578125
2019-12-30,19.441864013671875
2019-12-31,19.717634201049805
2020-01-02,18.890321731567383
2020-01-03,18.614551544189453
2020-01-06,18.614551544189453
2020-01-07,19.097148895263672
2020-01-08,19.166095733642578
2020-01-09,19.3729190826416
2020-01-10,19.855520248413086
2020-01-13,18.890321731567383
2020-01-14,18.614551544189453
2020-01-15,19.441864013671875
2020-01-16,19.648691177368164
2020-01-17,18.269838333129883
2020-01-21,15.925779342651367
2020-01-22,15.512124061584473
2020-01-23,14.684815406799316
2020-01-24,14.202211380004883
2020-01-27,14.54692554473877
2020-01-28,15.167410850524902
2020-01-29,14.133268356323242
2020-01-30,14.54692554473877
2020-01-31,14.34009838104248
2020-02-03,14.064329147338867
2020-02-04,14.27115535736084
2020-02-05,15.236355781555176
2020-02-06,14.133268356323242
2020-02-07,13.512784957885742
2020-02-10,13.650671005249023
2020-02-11,14.27115535736084
2020-02-12,14.54692554473877
2020-02-13,14.133268356323242
2020-02-14,13.650671005249023
2020-02-18,13.305954933166504
2020-02-19,13.926441192626953
2020-02-20,13.857497215270996
2020-02-21,12.892300605773926
2020-02-24,11.789217948913574
2020-02-25,11.65132999420166
2020-02-26,11.168730735778809
2020-02-27,9.927760124206543
2020-02-28,10.065646171569824
2020-03-02,9.927760124206543
2020-03-03,10.134590148925781
2020-03-04,10.68613052368164
2020-03-05,9.651989936828613
2020-03-06,8.962559700012207
2020-03-09,6.963220596313477
2020-03-10,7.3079352378845215
2020-03-11,7.032164573669434
2020-03-12,7.101105690002441
2020-03-13,8.135248184204102
2020-03-16,7.101105690002441
2020-03-17,6.894278526306152
2020-03-18,5.515422821044922
2020-03-19,6.549563407897949
2020-03-20,6.204850196838379
2020-03-23,5.860136032104492
2020-03-24,6.480621814727783
2020-03-25,5.515422821044922
2020-03-26,5.377536773681641
2020-03-27,3.9297385215759277
2020-03-30,4.75705099105835
2020-03-31,5.170708656311035
2020-04-01,4.619165897369385
2020-04-02,4.75705099105835
2020-04-03,4.619165897369385
2020-04-06,4.825994968414307
2020-04-07,4.825994968414307
2020-04-08,5.584365367889404
2020-04-09,5.722250461578369
2020-04-13,5.170708656311035
2020-04-14,4.75705099105835
2020-04-15,4.4812798500061035
2020-04-16,4.619165897369385
2020-04-17,4.75705099105835
2020-04-20,3.9986815452575684
2020-04-21,3.722909688949585
2020-04-22,3.9297385215759277
2020-04-23,4.343395709991455
2020-04-24,4.825994968414307
2020-04-27,4.825994968414307
2020-04-28,5.101766586303711
2020-04-29,5.584365367889404
2020-04-30,5.239651203155518
2020-05-01,4.4812798500061035
2020-05-04,4.205509185791016
2020-05-05,4.550222873687744
2020-05-06,4.2744526863098145
2020-05-07,4.4812798500061035
2020-05-08,4.4812798500061035
2020-05-11,4.205509185791016
2020-05-12,3.9986815452575684
2020-05-13,3.722909688949585
2020-05-14,3.6539676189422607
2020-05-15,3.722909688949585
2020-05-18,4.205509185791016
2020-05-19,4.136566638946533
2020-05-20,4.343395709991455
2020-05-21,4.2744526863098145
2020-05-22,4.067624092102051
2020-05-26,4.4123382568359375
2020-05-27,4.4812798500061035
2020-05-28,4.343395709991455
2020-05-29,4.75705099105835
2020-06-01,4.343395709991455
2020-06-02,4.4812798500061035
2020-06-03,4.688109397888184
2020-06-04,5.446478843688965
2020-06-05,6.549563407897949
2020-06-08,7.44581937789917
2020-06-09,6.480621814727783
2020-06-10,5.170708656311035
2020-06-11,4.688109397888184
2020-06-12,5.170708656311035
2020-06-15,5.722250461578369
2020-06-16,5.377536773681641
2020-06-17,5.239651203155518
2020-06-18,4.894937038421631
2020-06-19,4.825994968414307
2020-06-22,4.825994968414307
2020-06-23,4.75705099105835
2020-06-24,4.2744526863098145
2020-06-25,4.136566638946533
2020-06-26,4.136566638946533
2020-06-29,4.205509185791016
2020-06-30,4.343395709991455
2020-07-01,3.8056416511535645
2020-07-02,3.878031015396118
2020-07-06,4.0641770362854
2020-07-07,4.577800750732422
2020-07-08,4.3468427658081055
2020-07-09,4.091753959655762
2020-07-10,4.150354385375977
2020-07-13,4.157249927520752
2020-07-14,4.150354385375977
2020-07-15,4.667426586151123
2020-07-16,4.567459583282471
2020-07-17,4.333053112030029
2020-07-20,4.48472785949707
2020-07-21,4.688109397888184
2020-07-22,4.550222873687744
2020-07-23,4.715685844421387
2020-07-24,4.515751361846924
2020-07-27,4.408891201019287
2020-07-28,4.174484729766846
2020-07-29,4.377866744995117
2020-07-30,4.929408550262451
2020-07-31,4.674320220947266
2020-08-03,4.9776692390441895
2020-08-04,5.298253059387207
2020-08-05,5.722250461578369
2020-08-06,4.794970989227295
2020-08-07,4.739815711975098
2020-08-10,4.626060485839844
2020-08-11,4.767393112182617
2020-08-12,4.708791732788086
2020-08-13,4.622613906860352
2020-08-14,4.708791732788086
2020-08-17,4.564011573791504
2020-08-18,4.715685844421387
2020-08-19,4.601930618286133
2020-08-20,4.636402130126953
2020-08-21,4.6329545974731445
2020-08-24,4.605377197265625
2020-08-25,4.546776294708252
2020-08-26,4.4537034034729
2020-08-27,4.381314754486084
2020-08-28,4.381314754486084
2020-08-31,4.536435604095459
2020-09-01,4.429573059082031
2020-09-02,4.767393112182617
2020-09-03,4.5846943855285645
2020-09-04,4.446808815002441
2020-09-08,4.4123382568359375
2020-09-09,4.277899742126465
2020-09-10,4.188274383544922
2020-09-11,4.133119106292725
2020-09-14,4.153802394866943
2020-09-15,4.0228118896484375
2020-09-16,4.246874809265137
2020-09-17,4.308923721313477
2020-09-18,4.129672050476074
2020-09-21,4.0331525802612305
2020-09-22,3.9779982566833496
2020-09-23,3.878031015396118
2020-09-24,3.7953004837036133
2020-09-25,3.826324701309204
2020-09-28,3.767723560333252
2020-09-29,3.7953004837036133
2020-09-30,3.829771041870117
2020-10-01,3.688438892364502
2020-10-02,3.722909688949585
2020-10-05,3.7953004837036133
2020-10-06,3.688438892364502
2020-10-07,3.6918857097625732
2020-10-08,3.616048812866211
2020-10-09,3.5988128185272217
2020-10-12,3.5540003776550293
2020-10-13,3.6436262130737305
2020-10-14,3.616048812866211
2020-10-15,3.4988458156585693
2020-10-16,3.4678211212158203
2020-10-19,3.2920174598693848
2020-10-20,3.3471720218658447
2020-10-21,3.3299357891082764
2020-10-22,3.426455497741699
2020-10-23,3.47126841545105
2020-10-26,3.4505867958068848
2020-10-27,3.364408254623413
2020-10-28,3.309252977371216
2020-10-29,3.3195948600769043
2020-10-30,3.326488733291626
2020-11-02,3.326488733291626
2020-11-03,3.4092209339141846
2020-11-04,3.4574804306030273
2020-11-05,10.527563095092773
2020-11-06,10.082884788513184
2020-11-09,11.461737632751465
2020-11-10,12.347651481628418
2020-11-11,11.57204532623291
2020-11-12,11.258356094360352
2020-11-13,11.506551742553711
2020-11-16,12.061540603637695
2020-11-17,13.099126815795898
2020-11-18,13.73340129852295
2020-11-19,13.088784217834473
2020-11-20,12.87851333618164
2020-11-23,13.223226547241211
2020-11-24,13.747188568115234
2020-11-25,13.94367790222168
2020-11-27,13.788557052612305
2020-11-30,13.485209465026855
2020-12-01,12.930217742919922
2020-12-02,13.530020713806152
2020-12-03,14.136714935302734
2020-12-04,17.118494033813477
2020-12-07,15.956807136535645
2020-12-08,15.291507720947266
2020-12-09,14.777881622314453
2020-12-10,16.663469314575195
2020-12-11,15.853389739990234
2020-12-14,15.27082347869873
2020-12-15,16.45664405822754
2020-12-16,16.12916374206543
2020-12-17,16.06711769104004
2020-12-18,16.37735939025879
2020-12-21,16.19466209411621
2020-12-22,15.960251808166504
2020-12-23,16.687597274780273
2020-12-24,16.57040023803711
2020-12-28,15.519018173217773
2020-12-29,16.056777954101562
2020-12-30,15.980936050415039
2020-12-31,16.36012077331543
2021-01-04,15.918889045715332
2021-01-05,16.83582878112793
2021-01-06,16.784122467041016
2021-01-07,17.1081485748291
2021-01-08,16.446298599243164
2021-01-11,16.594526290893555
2021-01-12,16.953031539916992
2021-01-13,16.818592071533203
2021-01-14,17.22535514831543
2021-01-15,17.89409828186035
2021-01-19,17.92856788635254
2021-01-20,17.232250213623047
2021-01-21,16.63934326171875
2021-01-22,16.463537216186523
2021-01-25,16.76343536376953
2021-01-26,16.30496597290039
2021-01-27,16.015405654907227
2021-01-28,16.3153076171875
2021-01-29,16.34977912902832
2021-02-01,17.807920455932617
2021-02-02,17.83549690246582
2021-02-03,18.628339767456055
2021-02-04,18.586973190307617
2021-02-05,18.87653160095215
2021-02-08,19.348791122436523
2021-02-09,18.552501678466797
2021-02-10,18.328439712524414
2021-02-11,18.304304122924805
2021-02-12,18.455978393554688
2021-02-16,18.269838333129883
2021-02-17,18.200891494750977
2021-02-18,17.81136703491211
2021-02-19,18.09403419494629
2021-02-22,18.952373504638672
2021-02-23,19.417736053466797
2021-02-24,19.7348690032959
2021-02-25,19.823368072509766
2021-02-26,18.740163803100586
2021-03-01,18.272899627685547
2021-03-02,19.009193420410156
2021-03-03,18.941936492919922
2021-03-04,19.101228713989258
2021-03-05,19.069372177124023
2021-03-08,18.59502601623535
2021-03-09,18.58795166015625
2021-03-10,19.642837524414062
2021-03-11,20.350811004638672
2021-03-12,20.963211059570312
2021-03-15,20.57736587524414
2021-03-16,19.58619499206543
2021-03-17,19.9154052734375
2021-03-18,19.115388870239258
2021-03-19,18.849897384643555
2021-03-22,18.956098556518555
2021-03-23,18.60210609436035
2021-03-24,18.556089401245117
2021-03-25,18.906539916992188
2021-03-26,19.033973693847656
2021-03-29,18.56316566467285
2021-03-30,18.56316566467285
2021-03-31,18.573789596557617
2021-04-01,19.140169143676758
2021-04-05,19.610973358154297
2021-04-06,20.007442474365234
2021-04-07,19.692392349243164
2021-04-08,19.614517211914062
2021-04-09,19.352558135986328
2021-04-12,19.274686813354492
2021-04-13,19.31008529663086
2021-04-14,19.635753631591797
2021-04-15,19.203886032104492
2021-04-16,19.048133850097656
2021-04-19,19.182649612426758
2021-04-20,18.902996063232422
2021-04-21,20.0428409576416
2021-04-22,19.830448150634766
2021-04-23,20.22691535949707
2021-04-26,20.637542724609375
2021-04-27,20.72957992553711
2021-04-28,20.88533592224121
2021-04-29,21.363218307495117
2021-04-30,21.23932456970215
2021-05-03,23.819900512695312
2021-05-04,23.30307960510254
2021-05-05,23.922555923461914
2021-05-06,22.655277252197266
2021-05-07,23.363258361816406
2021-05-10,23.42343521118164
2021-05-11,22.956167221069336
2021-05-12,22.134912490844727
2021-05-13,21.685348510742188
2021-05-14,22.563243865966797
2021-05-17,22.988027572631836
2021-05-18,23.313695907592773
2021-05-19,23.359712600708008
2021-05-20,23.295995712280273
2021-05-21,23.547330856323242
2021-05-24,23.95441436767578
2021-05-25,23.274757385253906
2021-05-26,24.315486907958984
2021-05-27,23.229812622070312
2021-05-28,22.791921615600586
2021-06-01,23.83778953552246
2021-06-02,24.4421443939209
2021-06-03,24.612234115600586
2021-06-04,24.348051071166992
2021-06-07,24.793180465698242
2021-06-08,25.314306259155273
2021-06-09,25.147838592529297
2021-06-10,25.26002311706543
2021-06-11,24.804039001464844
2021-06-14,24.811277389526367
2021-06-15,25.133359909057617
2021-06-16,25.288976669311523
2021-06-17,24.272056579589844
2021-06-18,24.67375946044922
2021-06-21,25.194889068603516
2021-06-22,24.898128509521484
2021-06-23,25.013938903808594
2021-06-24,25.053743362426758
2021-06-25,25.57848358154297
2021-06-28,22.43726921081543
2021-06-29,22.933061599731445
2021-06-30,24.431293487548828
2021-07-01,25.14421844482422
2021-07-02,25.126123428344727
2021-07-06,24.48557472229004
2021-07-07,24.15987205505371
2021-07-08,22.962011337280273
2021-07-09,23.5229434967041
2021-07-12,23.454179763793945
2021-07-13,23.917404174804688
2021-07-14,23.284093856811523
2021-07-15,23.21895408630371
2021-07-16,22.697830200195312
2021-07-19,22.06089973449707
2021-07-20,23.06696128845215
2021-07-21,24.054922103881836
2021-07-22,23.9934024810791
2021-07-23,23.89206886291504
2021-07-26,24.48557472229004
2021-07-27,22.781068801879883
2021-07-28,23.045246124267578
2021-07-29,23.2261905670166
2021-07-30,23.106767654418945
2021-08-02,22.911348342895508
2021-08-03,23.725601196289062
2021-08-04,23.656845092773438
2021-08-05,23.4505672454834
2021-08-06,23.70751190185547
2021-08-09,23.931880950927734
2021-08-10,25.06821632385254
2021-08-11,25.303447723388672
2021-08-12,24.974130630493164
2021-08-13,24.467483520507812
2021-08-16,24.756994247436523
2021-08-17,23.953596115112305
2021-08-18,23.215333938598633
2021-08-19,23.240665435791016
2021-08-20,23.22257423400879
2021-08-23,23.83778953552246
2021-08-24,23.870359420776367
2021-08-25,23.906545639038086
2021-08-26,23.42885971069336
2021-08-27,24.25092315673828
2021-08-30,23.662151336669922
2021-08-31,24.136133193969727
2021-09-01,23.832487106323242
2021-09-02,24.021339416503906
2021-09-03,23.988014221191406
2021-09-07,23.41034698486328
2021-09-08,23.843595504760742
2021-09-09,23.817676544189453
2021-09-10,23.688068389892578
2021-09-13,24.806377410888672
2021-09-14,23.965797424316406
2021-09-15,24.891550064086914
2021-09-16,25.172975540161133
2021-09-17,25.33590316772461
2021-09-20,24.15835189819336
2021-09-21,24.09169578552246
2021-09-22,24.795265197753906
2021-09-23,25.617332458496094
2021-09-24,25.1063232421875
2021-09-27,25.3062801361084
2021-09-28,24.30647087097168
2021-09-29,24.847108840942383
2021-09-30,25.561792373657227
2021-10-01,26.680089950561523
2021-10-04,28.22794532775879
2021-10-05,28.294601440429688
2021-10-06,28.635278701782227
2021-10-07,29.50177574157715
2021-10-08,30.15349769592285
2021-10-11,30.686738967895508
2021-10-12,31.179227828979492
2021-10-13,31.493989944458008
2021-10-14,31.619890213012695
2021-10-15,32.582664489746094
2021-10-18,33.06775665283203
2021-10-19,32.167938232421875
2021-10-20,32.04203414916992
2021-10-21,31.423633575439453
2021-10-22,25.18408203125
2021-10-25,22.803054809570312
2021-10-26,22.936365127563477
2021-10-27,24.11391830444336
2021-10-28,23.121511459350586
2021-10-29,22.89192771911621
2021-11-01,23.680662155151367
2021-11-02,23.13262176513672
2021-11-03,23.42885971069336
2021-11-04,23.462186813354492
2021-11-05,24.336095809936523
2021-11-08,24.27314567565918
2021-11-09,24.173160552978516
2021-11-10,23.65104103088379
2021-11-11,24.125028610229492
2021-11-12,23.817676544189453
2021-11-15,24.069480895996094
2021-11-16,23.647340774536133
2021-11-17,23.57327651977539
2021-11-18,24.058368682861328
2021-11-19,23.528844833374023
2021-11-22,24.084293365478516
2021-11-23,24.836000442504883
2021-11-24,26.594921112060547
2021-11-26,25.42477798461914
2021-11-29,23.535707473754883
2021-11-30,23.993783950805664
2021-12-01,23.520565032958984
2021-12-02,25.243061065673828
2021-12-03,25.04241943359375
2021-12-06,25.27713394165039
2021-12-07,24.91370391845703
2021-12-08,24.186851501464844
2021-12-09,23.88020896911621
2021-12-10,23.940780639648438
2021-12-13,23.172285079956055
2021-12-14,23.221494674682617
2021-12-15,23.65685272216797
2021-12-16,23.482707977294922
2021-12-17,24.21335220336914
2021-12-20,23.989992141723633
2021-12-21,24.33449363708496
2021-12-22,24.39506721496582
2021-12-23,23.762855529785156
2021-12-27,24.17549705505371
2021-12-28,23.584924697875977
2021-12-29,23.10413932800293
2021-12-30,23.323713302612305
2021-12-31,23.210142135620117
2022-01-03,23.319927215576172
2022-01-04,23.50921058654785
2022-01-05,23.88020896911621
2022-01-06,24.281494140625
2022-01-07,23.463783264160156
2022-01-10,23.191213607788086
2022-01-11,23.967281341552734
2022-01-12,24.171707153320312
2022-01-13,24.08085060119629
2022-01-14,24.519990921020508
2022-01-18,24.792566299438477
2022-01-19,24.17549705505371
2022-01-20,24.092208862304688
2022-01-21,23.830997467041016
2022-01-24,24.088422775268555
2022-01-25,23.30856704711914
2022-01-26,23.213924407958984
2022-01-27,23.20635414123535
2022-01-28,23.49028205871582
2022-01-31,23.86128044128418
2022-02-01,25.106775283813477
2022-02-02,25.106775283813477
2022-02-03,24.8758487701416
2022-02-04,25.269561767578125
2022-02-07,25.71627426147461
2022-02-08,24.78499412536621
2022-02-09,25.034849166870117
2022-02-10,24.625993728637695
2022-02-11,26.22734832763672
2022-02-14,25.90934944152832
2022-02-15,24.603281021118164
2022-02-16,24.474565505981445
2022-02-17,24.80770492553711
2022-02-18,24.8758487701416
2022-02-22,23.603857040405273
2022-02-23,23.376710891723633
2022-02-24,23.706064224243164
2022-02-25,24.463207244873047
2022-02-28,25.74277687072754
2022-03-01,27.650768280029297
2022-03-02,28.676694869995117
2022-03-03,28.006629943847656
2022-03-04,28.2413387298584
2022-03-07,26.88605499267578
2022-03-08,26.454486846923828
2022-03-09,23.22906494140625
2022-03-10,24.19820785522461
2022-03-11,23.91049575805664
2022-03-14,23.592496871948242
2022-03-15,23.24799919128418
2022-03-16,23.512998580932617
2022-03-17,24.205778121948242
2022-03-18,24.323137283325195
2022-03-21,25.031063079833984
2022-03-22,24.8834228515625
2022-03-23,25.205202102661133
2022-03-24,26.026704788208008
2022-03-25,25.95856285095215
2022-03-28,25.402061462402344
2022-03-29,25.41341781616211
2022-03-30,24.8758487701416
2022-03-31,24.610849380493164
2022-04-01,24.546491622924805
2022-04-04,25.137065887451172
2022-04-05,24.921281814575195
2022-04-06,25.205202102661133
2022-04-07,25.390703201293945
2022-04-08,26.223554611206055
2022-04-11,25.57620620727539
2022-04-12,26.82548713684082
2022-04-13,26.87091064453125
2022-04-14,26.711917877197266
2022-04-18,26.56427001953125
2022-04-19,27.438772201538086
2022-04-20,28.006629943847656
2022-04-21,26.848201751708984
2022-04-22,26.1099853515625
2022-04-25,25.791982650756836
2022-04-26,26.000205993652344
2022-04-27,26.276559829711914
2022-04-28,27.427413940429688
2022-04-29,26.93527603149414
2022-05-02,27.14348602294922
2022-05-03,27.83248519897461
2022-05-04,28.211204528808594
2022-05-05,27.728137969970703
2022-05-06,28.052762985229492
2022-05-09,25.931123733520508
2022-05-10,26.120481491088867
2022-05-11,27.245073318481445
2022-05-12,27.41897964477539
2022-05-13,28.13778305053711
2022-05-16,29.888418197631836
2022-05-17,30.86615753173828
2022-05-18,30.174402236938477
2022-05-19,30.591772079467773
2022-05-20,31.109617233276367
2022-05-23,31.615875244140625
2022-05-24,31.894121170043945
2022-05-25,32.30763244628906
2022-05-26,32.46220779418945
2022-05-27,33.312416076660156
2022-05-31,32.477664947509766
2022-06-01,31.210094451904297
2022-06-02,31.913450241088867
2022-06-03,32.61680221557617
2022-06-06,32.46608352661133
2022-06-07,33.366512298583984
2022-06-08,33.68341064453125
2022-06-09,32.04484176635742
2022-06-10,31.619741439819336
2022-06-13,29.687467575073242
2022-06-14,28.906827926635742
2022-06-15,29.641094207763672
2022-06-16,27.97160530090332
2022-06-17,27.152326583862305
2022-06-21,28.38125228881836
2022-06-22,27.322362899780273
2022-06-23,26.86634635925293
2022-06-24,26.286657333374023
2022-06-27,27.020925521850586
2022-06-28,27.77837371826172
2022-06-29,26.588102340698242
2022-06-30,26.387142181396484
2022-07-01,26.73495101928711
2022-07-05,26.263471603393555
2022-07-06,25.011362075805664
2022-07-07,27.051843643188477
2022-07-08,27.484678268432617
2022-07-11,27.67017364501953
2022-07-12,26.819969177246094
2022-07-13,26.626747131347656
2022-07-14,26.85089111328125
2022-07-15,27.577423095703125
2022-07-18,28.141645431518555
2022-07-19,28.46626853942871
2022-07-20,28.83726692199707
2022-07-21,27.894315719604492
2022-07-22,27.129135131835938
2022-07-25,29.20825958251953
2022-07-26,29.37057113647461
2022-07-27,29.80340576171875
2022-07-28,30.429460525512695
2022-07-29,31.441972732543945
2022-08-01,31.41878890991211
2022-08-02,31.233287811279297
2022-08-03,31.047788619995117
2022-08-04,29.937259674072266
2022-08-05,30.520082473754883
2022-08-08,31.197433471679688
2022-08-09,31.268321990966797
2022-08-10,30.44132423400879
2022-08-11,30.47283172607422
2022-08-12,30.843006134033203
2022-08-15,30.449201583862305
2022-08-16,30.41769027709961
2022-08-17,30.409818649291992
2022-08-18,31.54398536682129
2022-08-19,31.06353759765625
2022-08-22,29.54344367980957
2022-08-23,30.08690071105957
2022-08-24,30.354692459106445
2022-08-25,29.133886337280273
2022-08-26,28.944854736328125
2022-08-29,29.905744552612305
2022-08-30,28.984237670898438
2022-08-31,29.039371490478516
2022-09-01,28.054853439331055
2022-09-02,28.417158126831055
2022-09-06,28.062725067138672
2022-09-07,28.243881225585938
2022-09-08,28.243881225585938
2022-09-09,29.29140853881836
2022-09-12,30.961156845092773
2022-09-13,30.25229835510254
2022-09-14,31.811777114868164
2022-09-15,30.638233184814453
2022-09-16,30.212921142578125
2022-09-19,29.480436325073242
2022-09-20,28.60618019104004
2022-09-21,27.566530227661133
2022-09-22,26.715906143188477
2022-09-23,25.258819580078125
2022-09-26,24.88076400756836
2022-09-27,25.109169006347656
2022-09-28,26.582012176513672
2022-09-29,26.030677795410156
2022-09-30,25.660503387451172
2022-10-03,26.841922760009766
2022-10-04,28.10210609436035
2022-10-05,28.684940338134766
2022-10-06,28.826717376708984
2022-10-07,27.40113067626953
2022-10-10,27.282987594604492
2022-10-11,26.967941284179688
2022-10-12,26.99156951904297
2022-10-13,27.857942581176758
2022-10-14,26.731657028198242
2022-10-17,27.495647430419922
2022-10-18,28.180866241455078
2022-10-19,28.299013137817383
2022-10-20,27.314495086669922
2022-10-21,27.535022735595703
2022-10-24,27.196348190307617
2022-10-25,27.086088180541992
2022-10-26,27.22785758972168
2022-10-27,27.629541397094727
2022-10-28,28.58255386352539
2022-10-31,28.968481063842773
2022-11-01,28.6534366607666
2022-11-02,27.88157844543457
2022-11-03,28.58255386352539
2022-11-04,29.233983993530273
2022-11-07,29.788904190063477
2022-11-08,29.66827392578125
2022-11-09,27.424449920654297
2022-11-10,27.98741340637207
2022-11-11,28.10000991821289
2022-11-14,27.6415958404541
2022-11-15,28.4619197845459
2022-11-16,27.553129196166992
2022-11-17,26.9499568939209
2022-11-18,27.022335052490234
2022-11-21,25.76772689819336
2022-11-22,26.61217498779297
2022-11-23,26.3387393951416
2022-11-25,26.563922882080078
2022-11-28,26.14571762084961
2022-11-29,27.247522354125977
2022-11-30,27.36815643310547
2022-12-01,27.006256103515625
2022-12-02,26.9499568939209
2022-12-05,26.756938934326172
2022-12-06,25.75968360900879
2022-12-07,25.74359893798828
2022-12-08,25.687305450439453
2022-12-09,25.30126953125
2022-12-12,26.177886962890625
2022-12-13,26.322647094726562
2022-12-14,25.79990005493164
2022-12-15,26.346773147583008
2022-12-16,26.049209594726562
2022-12-19,25.21280288696289
2022-12-20,25.204761505126953
2022-12-21,26.008995056152344
2022-12-22,25.719472885131836
2022-12-23,26.531753540039062
2022-12-27,27.05450439453125
2022-12-28,26.017038345336914
2022-12-29,26.708681106567383
2022-12-30,26.604135513305664
2023-01-03,25.735557556152344
2023-01-04,25.35756492614746
2023-01-05,25.429946899414062
2023-01-06,25.703388214111328
2023-01-09,24.995656967163086
2023-01-10,25.188676834106445
2023-01-11,25.631006240844727
2023-01-12,25.72751235961914
2023-01-13,26.065290451049805
2023-01-17,26.52370834350586
2023-01-18,25.084123611450195
2023-01-19,25.172588348388672
2023-01-20,25.10021209716797
2023-01-23,25.429946899414062
2023-01-24,25.07608413696289
2023-01-25,25.647092819213867
2023-01-26,25.719472885131836
2023-01-27,25.244970321655273
2023-01-30,24.76243019104004
2023-01-31,25.164548873901367
2023-02-01,24.794599533081055
2023-02-02,24.899150848388672
2023-02-03,24.140886306762695
2023-02-06,23.976045608520508
2023-02-07,24.511777877807617
2023-02-08,24.239788055419922
2023-02-09,23.98428726196289
2023-02-10,24.503536224365234
2023-02-13,24.3304500579834
2023-02-14,24.66837501525879
2023-02-15,24.429353713989258
2023-02-16,24.313966751098633
2023-02-17,23.84417152404785
2023-02-21,23.193050384521484
2023-02-22,23.489763259887695
2023-02-23,24.041982650756836
2023-02-24,24.124404907226562
2023-02-27,23.877140045166016
2023-02-28,24.52001953125
2023-03-01,24.404630661010742
2023-03-02,25.072235107421875
2023-03-03,25.92116355895996
2023-03-06,25.75632095336914
2023-03-07,25.995344161987305
2023-03-08,26.011825561523438
2023-03-09,25.987096786499023
2023-03-10,26.069517135620117
2023-03-13,25.838741302490234
2023-03-14,26.333263397216797
2023-03-15,24.742551803588867
2023-03-16,25.179378509521484
2023-03-17,24.35517692565918
2023-03-20,24.956846237182617
2023-03-21,25.888193130493164
2023-03-22,25.25356101989746
2023-03-23,24.833215713500977
2023-03-24,24.874431610107422
2023-03-27,25.220590591430664
2023-03-28,25.53378677368164
2023-03-29,25.451370239257812
2023-03-30,25.566755294799805
2023-03-31,25.79753303527832
2023-04-03,26.226116180419922
2023-04-04,25.566755294799805
2023-04-05,25.978857040405273
2023-04-06,25.72335433959961
2023-04-10,25.995344161987305
2023-04-11,26.184906005859375
2023-04-12,26.069517135620117
2023-04-13,26.04479217529297
2023-04-14,26.564041137695312
2023-04-17,26.069517135620117
2023-04-18,25.978857040405273
2023-04-19,25.47609519958496
2023-04-20,24.874431610107422
2023-04-21,25.591480255126953
2023-04-24,25.558513641357422
2023-04-25,24.824975967407227
2023-04-26,24.470569610595703
2023-04-27,24.76728057861328
2023-04-28,25.38542938232422
2023-05-01,25.245317459106445
2023-05-02,24.338695526123047
2023-05-03,24.05022430419922
2023-05-04,23.221200942993164
2023-05-05,24.84541130065918
2023-05-08,25.183788299560547
2023-05-09,25.420654296875
2023-05-10,25.24300765991211
2023-05-11,24.735437393188477
2023-05-12,25.09073829650879
2023-05-15,26.00435447692871
2023-05-16,25.97052001953125
2023-05-17,26.258140563964844
2023-05-18,26.689571380615234
2023-05-19,26.90105628967285
2023-05-22,26.520383834838867
2023-05-23,26.91797637939453
2023-05-24,26.20738410949707
2023-05-25,26.12278938293457
2023-05-26,26.13970375061035
2023-05-30,26.943357467651367
2023-05-31,27.518598556518555
2023-06-01,27.713165283203125
2023-06-02,27.7639217376709
2023-06-05,27.434003829956055
2023-06-06,27.797760009765625
2023-06-07,28.21227264404297
2023-06-08,28.36454200744629
2023-06-09,27.780839920043945
2023-06-12,28.474519729614258
2023-06-13,28.076921463012695
2023-06-14,28.068464279174805
2023-06-15,28.474519729614258
2023-06-16,28.711380004882812
2023-06-20,28.626787185668945
2023-06-21,28.787517547607422
2023-06-22,28.457599639892578
2023-06-23,28.085384368896484
2023-06-26,28.618328094482422
2023-06-27,28.762136459350586
2023-06-28,29.29508399963379
2023-06-29,29.726516723632812
2023-06-30,29.726516723632812
2023-07-03,29.794191360473633
2023-07-05,29.701139450073242
2023-07-06,29.42197036743164
2023-07-07,29.608081817626953
2023-07-10,29.8787899017334
2023-07-11,30.53862190246582
2023-07-12,30.90238380432129
2023-07-13,31.003896713256836
2023-07-14,30.318675994873047
2023-07-17,29.988758087158203
2023-07-18,30.19178581237793
2023-07-19,30.284841537475586
2023-07-20,30.24254035949707
2023-07-21,30.031057357788086
2023-07-24,30.42864990234375
2023-07-25,30.479408264160156
2023-07-26,30.53862190246582
2023-07-27,30.53862190246582
2023-07-28,30.073348999023438
2023-07-31,30.45402717590332
2023-08-01,30.352516174316406
2023-08-02,30.20024299621582
2023-08-03,30.93472671508789
2023-08-04,30.831035614013672
2023-08-07,31.375417709350586
2023-08-08,30.08791160583496
2023-08-09,30.17431640625
2023-08-10,30.891523361206055
2023-08-11,30.848316192626953
2023-08-14,31.358137130737305
2023-08-15,30.952007293701172
2023-08-16,30.640933990478516
2023-08-17,29.88053321838379
2023-08-18,30.39898681640625
2023-08-21,30.485397338867188
2023-08-22,30.46811294555664
2023-08-23,30.494037628173828
2023-08-24,30.312580108642578
2023-08-25,30.12247657775879
2023-08-28,30.796472549438477
2023-08-29,30.770551681518555
2023-08-30,30.407623291015625
2023-08-31,30.338502883911133
2023-09-01,30.494037628173828
2023-09-05,29.258378982543945
2023-09-06,28.83496856689453
2023-09-07,29.552169799804688
2023-09-08,30.234811782836914
2023-09-11,29.75955581665039
2023-09-12,30.485397338867188
2023-09-13,29.889169692993164
2023-09-14,30.061992645263672
2023-09-15,29.845964431762695
2023-09-18,29.26701545715332
2023-09-19,29.92373275756836
2023-09-20,29.595373153686523
2023-09-21,29.01643180847168
2023-09-22,29.595373153686523
2023-09-25,29.845964431762695
2023-09-26,29.23245620727539
2023-09-27,29.595373153686523
2023-09-28,29.638578414916992
2023-09-29,29.163328170776367
2023-10-02,28.688074111938477
2023-10-03,27.75484275817871
2023-10-04,28.014076232910156
2023-10-05,28.057279586791992
2023-10-06,28.69671058654785
2023-10-09,29.768198013305664
2023-10-10,30.0965518951416
2023-10-11,30.796472549438477
2023-10-12,30.589088439941406
2023-10-13,30.96929168701172
2023-10-16,30.960651397705078
2023-10-17,31.366779327392578
2023-10-18,31.228519439697266
2023-10-19,31.1075496673584
2023-10-20,31.28036880493164
2023-10-23,30.813753128051758
2023-10-24,30.51996421813965
2023-10-25,30.269371032714844
2023-10-26,31.09026336669922
2023-10-27,30.459474563598633
2023-10-30,30.347137451171875
2023-10-31,30.623653411865234
2023-11-01,30.779191970825195
2023-11-02,31.91115951538086
2023-11-03,31.686492919921875
2023-11-06,31.686492919921875
2023-11-07,30.83967399597168
2023-11-08,30.51996421813965
2023-11-09,29.88053321838379
2023-11-10,30.516468048095703
2023-11-13,31.09942054748535
2023-11-14,31.47922134399414
2023-11-15,31.178909301757812
2023-11-16,30.560630798339844
2023-11-17,31.488046646118164
2023-11-20,31.284902572631836
2023-11-21,31.673534393310547
2023-11-22,31.71769905090332
2023-11-24,32.433135986328125
2023-11-27,31.9826717376709
2023-11-28,31.37322998046875
2023-11-29,31.382061004638672
2023-11-30,32.11516189575195
2023-12-01,32.1769905090332
2023-12-04,32.73344421386719
2023-12-05,31.71769905090332
2023-12-06,30.80794906616211
2023-12-07,30.587133407592773
2023-12-08,30.648962020874023
2023-12-11,30.304489135742188
2023-12-12,29.218088150024414
2023-12-13,29.659717559814453
2023-12-14,29.279916763305664
2023-12-15,28.944278717041016
2023-12-18,29.845195770263672
2023-12-19,30.0483455657959
2023-12-20,29.491893768310547
2023-12-21,29.668546676635742
2023-12-22,29.500728607177734
2023-12-26,29.942358016967773
2023-12-27,29.668546676635742
2023-12-28,29.765705108642578
2023-12-29,29.500728607177734
2024-01-02,29.756868362426758
2024-01-03,29.430065155029297
2024-01-04,28.69696617126465
2024-01-05,29.262248992919922
2024-01-08,30.136667251586914
2024-01-09,28.838289260864258
2024-01-10,28.626304626464844
2024-01-11,28.873613357543945
2024-01-12,29.23575210571289
2024-01-16,29.226919174194336
2024-01-17,28.820621490478516
2024-01-18,29.147424697875977
2024-01-19,28.61747169494629
2024-01-22,29.08559799194336
2024-01-23,28.847116470336914
2024-01-24,28.705799102783203
2024-01-25,29.350576400756836
2024-01-26,29.703880310058594
2024-01-29,29.67737579345703
2024-01-30,29.615550994873047
2024-01-31,28.72346305847168
2024-02-01,29.02376937866211
2024-02-02,28.661632537841797
2024-02-05,28.599807739257812
2024-02-06,28.661632537841797
2024-02-07,28.997276306152344
2024-02-08,28.76762580871582
2024-02-09,29.006101608276367
2024-02-12,29.147424697875977
2024-02-13,28.529144287109375
2024-02-14,28.440820693969727
2024-02-15,29.33290672302246
2024-02-16,30.127840042114258
2024-02-20,29.995351791381836
2024-02-21,30.564367294311523
2024-02-22,30.735979080200195
2024-02-23,30.645658493041992
2024-02-26,30.57339859008789
2024-02-27,29.9501895904541
2024-02-28,30.356632232666016
2024-02-29,31.901105880737305
2024-03-01,31.98239517211914
2024-03-04,31.521766662597656
2024-03-05,31.548860549926758
2024-03-06,31.015972137451172
2024-03-07,31.837886810302734
2024-03-08,32.26239013671875
2024-03-11,32.452056884765625
2024-03-12,32.939788818359375
2024-03-13,33.337196350097656
2024-03-14,32.40690231323242
2024-03-15,33.11139678955078
2024-03-18,33.40945816040039
2024-03-19,33.51784133911133
2024-03-20,33.62622833251953
2024-03-21,34.20427322387695
2024-03-22,33.49977493286133
2024-03-25,34.818450927734375
2024-03-26,35.098445892333984
2024-03-27,35.504886627197266
2024-03-28,36.010677337646484
2024-04-01,35.531986236572266
2024-04-02,36.12809753417969
2024-04-03,35.99261474609375
2024-04-04,35.550045013427734
2024-04-05,35.568111419677734
2024-04-08,35.360374450683594
2024-04-09,35.233924865722656
2024-04-10,35.41456604003906
2024-04-11,35.513916015625
2024-04-12,35.233924865722656
2024-04-15,34.619747161865234
2024-04-16,34.755226135253906
2024-04-17,34.79135513305664
2024-04-18,34.89071273803711
2024-04-19,35.17069625854492
2024-04-22,35.242958068847656
2024-04-23,34.827484130859375
2024-04-24,35.39649963378906
2024-04-25,35.4055290222168
2024-04-26,35.939613342285156
2024-04-29,36.20664596557617
2024-04-30,35.30424499511719
2024-05-01,34.85304260253906
2024-05-02,35.20294952392578
2024-05-03,35.16611862182617
2024-05-06,35.322662353515625
2024-05-07,36.1053581237793
2024-05-08,36.252685546875
2024-05-09,35.875152587890625
2024-05-10,36.73151397705078
2024-05-13,36.6118049621582
2024-05-14,37.191925048828125
2024-05-15,36.81439208984375
2024-05-16,36.97093200683594
2024-05-17,37.256378173828125
2024-05-20,37.69837188720703
2024-05-21,38.158782958984375
2024-05-22,37.2103385925293
2024-05-23,36.648643493652344
2024-05-24,36.92488479614258
2024-05-28,37.45896530151367
2024-05-29,36.805179595947266
2024-05-30,36.67626953125
2024-05-31,37.74441909790039
2024-06-03,36.86963653564453
2024-06-04,36.69468307495117
2024-06-05,36.67626953125
2024-06-06,36.77755355834961
2024-06-07,36.73151397705078
2024-06-10,37.48658752441406
2024-06-11,37.330047607421875
2024-06-12,37.6523323059082
2024-06-13,36.878849029541016
2024-06-14,36.427642822265625
2024-06-17,36.66705322265625
2024-06-18,36.86042785644531
2024-06-20,37.02617645263672
2024-06-21,36.68547058105469
2024-06-24,37.39450454711914
2024-06-25,37.9746208190918
2024-06-26,37.45896530151367
2024-06-27,37.9285774230957
2024-06-28,38.158782958984375
2024-07-01,38.37057113647461
2024-07-02,39.549224853515625
2024-07-03,39.401893615722656
2024-07-05,38.87702941894531
2024-07-08,38.86781311035156
2024-07-09,38.471866607666016
2024-07-10,38.83098602294922
2024-07-11,39.061187744140625
2024-07-12,39.438724517822266
2024-07-15,39.19010925292969
2024-07-16,39.88071823120117
2024-07-17,39.8623046875
2024-07-18,40.5437126159668
2024-07-19,41.47373580932617
2024-07-22,41.565818786621094
2024-07-23,40.939659118652344
2024-07-24,39.309810638427734
2024-07-25,38.62840270996094
2024-07-26,38.656028747558594
2024-07-29,38.73103713989258
2024-07-30,38.8529167175293
2024-07-31,38.89042282104492
2024-08-01,39.19982147216797
2024-08-02,37.77471160888672
2024-08-05,36.180843353271484
2024-08-06,37.96222686767578
2024-08-07,37.737213134765625
2024-08-08,38.80603790283203
2024-08-09,38.112239837646484
2024-08-12,38.30912399291992
2024-08-13,38.14973831176758
2024-08-14,39.52797317504883
2024-08-15,40.934322357177734
2024-08-16,40.803070068359375
2024-08-19,41.056209564208984
2024-08-20,40.718685150146484
2024-08-21,39.97800064086914
2024-08-22,39.79986572265625
2024-08-23,40.5968017578125
2024-08-26,40.54054641723633
2024-08-27,40.39990997314453
2024-08-28,39.86549377441406
2024-08-29,41.825016021728516
2024-08-30,41.478118896484375
2024-09-03,40.69993209838867
2024-09-04,41.61874771118164
2024-09-05,41.64687728881836
2024-09-06,41.37498474121094
2024-09-09,40.88744354248047
2024-09-10,40.89682388305664
2024-09-11,40.69055938720703
2024-09-12,40.81243896484375
2024-09-13,41.87189483642578
2024-09-16,42.753211975097656
2024-09-17,43.03448486328125
2024-09-18,42.987606048583984
2024-09-19,43.35325622558594
2024-09-20,42.959476470947266
2024-09-23,44.32832717895508
2024-09-24,44.45021438598633
2024-09-25,44.262699127197266
2024-09-26,41.984405517578125
2024-09-27,42.10628890991211
2024-09-30,42.43444061279297
2024-10-01,43.04385757446289
2024-10-02,43.80329513549805
2024-10-03,44.675235748291016
2024-10-04,45.434661865234375
2024-10-07,45.48154067993164
2024-10-08,45.12527084350586
2024-10-09,45.734683990478516
2024-10-10,45.509666442871094
2024-10-11,46.58787536621094
2024-10-14,46.775386810302734
2024-10-15,46.00658416748047
2024-10-16,46.65350341796875
2024-10-17,46.61600112915039
2024-10-18,47.47856903076172
2024-10-21,47.1129150390625
2024-10-22,47.35668182373047
2024-10-23,47.54419708251953
2024-10-24,48.35988235473633
2024-10-25,46.54099655151367
2024-10-28,46.598148345947266
2024-10-29,46.56005096435547
2024-10-30,46.70293045043945
2024-10-31,46.360015869140625
2024-11-01,45.493202209472656
2024-11-04,46.426692962646484
2024-11-05,47.617366790771484
2024-11-06,49.98918533325195
2024-11-07,53.742183685302734
2024-11-08,55.20909118652344
2024-11-11,54.789974212646484
2024-11-12,53.48500061035156
2024-11-13,53.065879821777344
2024-11-14,54.351810455322266
2024-11-15,54.951908111572266
2024-11-18,56.47596740722656
2024-11-19,57.28562545776367
2024-11-20,57.71426773071289
2024-11-21,59.19070053100586
2024-11-22,58.72395706176758
2024-11-25,56.37118911743164
2024-11-26,56.352134704589844
2024-11-27,55.8758659362793
2024-11-29,56.21878433227539
2024-12-02,54.46611404418945
2024-12-03,54.68519592285156
2024-12-04,54.3708610534668
2024-12-05,55.980648040771484
2024-12-06,55.43770217895508
2024-12-09,53.59930419921875
2024-12-10,52.8182258605957
2024-12-11,53.68503189086914
2024-12-12,55.39007568359375
2024-12-13,54.11367416381836
2024-12-16,53.751708984375
2024-12-17,53.50404739379883
2024-12-18,52.046669006347656
2024-12-19,51.9799919128418
2024-12-20,55.01858139038086
2024-12-23,54.6280403137207
2024-12-24,54.942378997802734
2024-12-26,54.30418014526367
2024-12-27,53.73265838623047
2024-12-30,53.913639068603516
2024-12-31,54.01841735839844
2025-01-02,56.02827453613281
2025-01-03,56.75220489501953
2025-01-06,55.72346496582031
2025-01-07,56.599796295166016
2025-01-08,56.81888198852539
2025-01-10,57.542808532714844
2025-01-13,57.72378921508789
2025-01-14,58.98114013671875
2025-01-15,59.362159729003906
2025-01-16,61.533939361572266
2025-01-17,62.07688903808594
2025-01-21,63.315189361572266
2025-01-22,62.105464935302734
2025-01-23,62.6865119934082
2025-01-24,63.105628967285156
2025-01-27,58.36199188232422
2025-01-28,60.41947555541992
2025-01-29,61.65777587890625
2025-01-30,62.66746139526367
2025-01-31,61.372013092041016
2025-02-03,61.92161178588867
2025-02-04,61.08274841308594
2025-02-05,62.17230987548828
2025-02-06,60.340309143066406
2025-02-07,60.841697692871094
2025-02-10,61.362369537353516
2025-02-11,60.571720123291016
2025-02-12,59.24110794067383
2025-02-13,59.07719039916992
2025-02-14,59.12540054321289
2025-02-18,58.88434600830078
2025-02-19,58.566162109375
2025-02-20,57.31268310546875
2025-02-21,56.917354583740234
2025-02-24,56.05921173095703
2025-02-25,54.82502365112305
2025-02-26,56.33883285522461
2025-02-27,54.02472686767578
2025-02-28,56.25205612182617
2025-03-03,54.873233795166016
2025-03-04,52.91588592529297
2025-03-05,51.95167541503906
2025-03-06,49.348304748535156
2025-03-07,49.35794448852539
2025-03-10,47.73807144165039
2025-03-11,49.10725021362305
2025-03-12,50.09074783325195
2025-03-13,49.791839599609375
2025-03-14,51.09352493286133
2025-03-17,52.07701873779297
2025-03-18,51.43100357055664
2025-03-19,52.37592697143555
2025-03-20,51.787757873535156
2025-03-21,50.842830657958984
2025-03-24,51.69133758544922
2025-03-25,51.2381591796875
2025-03-26,50.67892074584961
2025-03-27,49.647212982177734
2025-03-28,49.406158447265625
2025-03-31,50.08110427856445
2025-04-01,51.2188720703125
2025-04-02,51.903465270996094
2025-04-03,47.39095687866211
2025-04-04,41.904598236083984
2025-04-07,42.039588928222656
2025-04-08,40.535423278808594
2025-04-09,43.62089538574219
2025-04-10,41.277862548828125
2025-04-11,40.853607177734375
2025-04-14,41.59605026245117
2025-04-15,41.73103713989258
2025-04-16,41.76961135864258
2025-04-17,42.18421936035156
2025-04-21,39.33979797363281
2025-04-22,40.34257888793945
2025-04-23,40.34257888793945
2025-04-24,41.70211410522461
2025-04-25,42.03596878051758
2025-04-28,42.65457534790039
2025-04-29,42.25198745727539
2025-04-30,40.59254455566406
2025-05-01,40.35688400268555
2025-05-02,40.808570861816406
2025-05-05,39.39460372924805
2025-05-06,39.76773452758789
2025-05-07,39.610626220703125
2025-05-08,41.603919982910156
2025-05-09,40.95585632324219
2025-05-12,42.546566009521484
2025-05-13,44.15691375732422
2025-05-14,45.75743865966797
2025-05-15,44.382755279541016
2025-05-16,44.53986358642578
2025-05-19,44.13727569580078
2025-05-20,45.36467361450195
2025-05-21,43.55794143676758
2025-05-22,43.60703659057617
2025-05-23,44.02926254272461
2025-05-27,45.423587799072266
2025-05-28,44.73624801635742
2025-05-29,44.382755279541016
2025-05-30,43.73468780517578
2025-06-02,44.255104064941406
2025-06-03,45.28611755371094
2025-06-04,44.82461929321289
2025-06-05,42.92951583862305
2025-06-06,43.27318572998047
2025-06-09,42.497467041015625
2025-06-10,42.52692794799805
2025-06-11,43.823062896728516
2025-06-12,43.66595458984375
2025-06-13,43.391014099121094
2025-06-16,42.90987777709961
2025-06-17,42.03596878051758
2025-06-18,42.11452102661133
2025-06-20,42.08506393432617
2025-06-23,40.8380241394043
2025-06-24,41.81012725830078
2025-06-25,41.14242172241211
2025-06-26,43.12589645385742
2025-06-27,43.32228088378906
2025-06-30,43.25354766845703
2025-07-01,42.43855667114258
2025-07-02,42.91969299316406
2025-07-03,43.05716323852539
2025-07-07,41.9966926574707
2025-07-08,42.11452102661133
2025-07-09,40.985313415527344
2025-07-10,40.69073486328125
2025-07-11,40.69073486328125
2025-07-14,40.81838607788086
2025-07-15,40.30778884887695
2025-07-16,39.53207015991211
2025-07-17,40.75947189331055
2025-07-18,41.9966926574707
2025-07-21,40.38634490966797
2025-07-22,40.769290924072266
2025-07-23,41.21115493774414
2025-07-24,42.36000061035156
2025-07-25,41.18000030517578
2025-07-28,42.18000030517578
2025-07-29,43.209999084472656
2025-07-30,42.68000030517578
2025-07-31,43.380001068115234
2025-08-01,42.79999923706055
2025-08-04,43.11000061035156
2025-08-05,42.13999938964844
2025-08-06,41.540000915527344
2025-08-07,41.529998779296875
2025-08-08,41.29999923706055
2025-08-11,40.70000076293945
2025-08-12,41.95000076293945
2025-08-13,41.939998626708984
2025-08-14,40.91999816894531
2025-08-15,40.81999969482422
2025-08-18,40.0099983215332
2025-08-19,39.86000061035156
2025-08-20,39.72999954223633
2025-08-21,39.83000183105469
2025-08-22,40.70000076293945
2025-08-25,40.63999938964844
2025-08-26,41.25
2025-08-27,41.88999938964844
2025-08-28,42.77000045776367
2025-08-29,41.83000183105469
2025-09-02,40.86000061035156
2025-09-03,41.45000076293945
2025-09-04,42.689998626708984
2025-09-05,41.95000076293945
2025-09-08,41.560001373291016
2025-09-09,42.029998779296875
2025-09-10,42.040000915527344
2025-09-11,43.25
2025-09-12,43.72999954223633
2025-09-15,42.5099983215332
2025-09-16,42.790000915527344
2025-09-17,44.130001068115234
2025-09-18,44.16999816894531
2025-09-19,42.939998626708984
