Date,NVCR
2015-10-01,22.0
2015-10-02,18.280000686645508
2015-10-05,18.690000534057617
2015-10-06,16.68000030517578
2015-10-07,15.9399995803833
2015-10-08,18.940000534057617
2015-10-09,21.020000457763672
2015-10-12,25.8799991607666
2015-10-13,27.600000381469727
2015-10-14,25.450000762939453
2015-10-15,25.8700008392334
2015-10-16,25.979999542236328
2015-10-19,23.209999084472656
2015-10-20,19.8700008392334
2015-10-21,20.200000762939453
2015-10-22,19.149999618530273
2015-10-23,19.520000457763672
2015-10-26,20.579999923706055
2015-10-27,23.8700008392334
2015-10-28,24.200000762939453
2015-10-29,22.850000381469727
2015-10-30,22.469999313354492
2015-11-02,23.829999923706055
2015-11-03,26.040000915527344
2015-11-04,26.309999465942383
2015-11-05,26.239999771118164
2015-11-06,25.68000030517578
2015-11-09,24.829999923706055
2015-11-10,24.079999923706055
2015-11-11,22.350000381469727
2015-11-12,22.700000762939453
2015-11-13,22.799999237060547
2015-11-16,21.940000534057617
2015-11-17,22.34000015258789
2015-11-18,22.690000534057617
2015-11-19,22.40999984741211
2015-11-20,22.040000915527344
2015-11-23,24.899999618530273
2015-11-24,23.90999984741211
2015-11-25,23.649999618530273
2015-11-27,24.989999771118164
2015-11-30,24.350000381469727
2015-12-01,24.06999969482422
2015-12-02,24.059999465942383
2015-12-03,24.010000228881836
2015-12-04,24.81999969482422
2015-12-07,27.15999984741211
2015-12-08,26.719999313354492
2015-12-09,26.780000686645508
2015-12-10,26.420000076293945
2015-12-11,26.860000610351562
2015-12-14,27.639999389648438
2015-12-15,28.110000610351562
2015-12-16,27.1200008392334
2015-12-17,27.5
2015-12-18,27.719999313354492
2015-12-21,27.559999465942383
2015-12-22,27.020000457763672
2015-12-23,26.59000015258789
2015-12-24,25.93000030517578
2015-12-28,24.799999237060547
2015-12-29,23.81999969482422
2015-12-30,23.3799991607666
2015-12-31,22.360000610351562
2016-01-04,22.549999237060547
2016-01-05,22.739999771118164
2016-01-06,22.420000076293945
2016-01-07,19.760000228881836
2016-01-08,20.149999618530273
2016-01-11,20.549999237060547
2016-01-12,21.899999618530273
2016-01-13,20.479999542236328
2016-01-14,19.299999237060547
2016-01-15,17.790000915527344
2016-01-19,17.059999465942383
2016-01-20,14.229999542236328
2016-01-21,15.050000190734863
2016-01-22,13.8100004196167
2016-01-25,14.5
2016-01-26,14.510000228881836
2016-01-27,14.09000015258789
2016-01-28,12.989999771118164
2016-01-29,12.479999542236328
2016-02-01,11.289999961853027
2016-02-02,10.300000190734863
2016-02-03,11.029999732971191
2016-02-04,11.8100004196167
2016-02-05,11.460000038146973
2016-02-08,12.3100004196167
2016-02-09,12.6899995803833
2016-02-10,13.119999885559082
2016-02-11,12.0600004196167
2016-02-12,12.109999656677246
2016-02-16,12.229999542236328
2016-02-17,12.5600004196167
2016-02-18,12.220000267028809
2016-02-19,11.779999732971191
2016-02-22,12.010000228881836
2016-02-23,11.819999694824219
2016-02-24,11.460000038146973
2016-02-25,10.800000190734863
2016-02-26,11.170000076293945
2016-02-29,11.6899995803833
2016-03-01,12.350000381469727
2016-03-02,14.579999923706055
2016-03-03,16.030000686645508
2016-03-04,16.549999237060547
2016-03-07,17.399999618530273
2016-03-08,16.059999465942383
2016-03-09,14.34000015258789
2016-03-10,13.90999984741211
2016-03-11,13.75
2016-03-14,12.819999694824219
2016-03-15,12.3100004196167
2016-03-16,11.989999771118164
2016-03-17,12.75
2016-03-18,12.449999809265137
2016-03-21,12.619999885559082
2016-03-22,13.220000267028809
2016-03-23,13.170000076293945
2016-03-24,13.130000114440918
2016-03-28,12.850000381469727
2016-03-29,12.9399995803833
2016-03-30,13.359999656677246
2016-03-31,14.479999542236328
2016-04-01,14.130000114440918
2016-04-04,13.8100004196167
2016-04-05,13.640000343322754
2016-04-06,14.15999984741211
2016-04-07,14.789999961853027
2016-04-08,15.65999984741211
2016-04-11,15.229999542236328
2016-04-12,15.170000076293945
2016-04-13,15.3100004196167
2016-04-14,15.930000305175781
2016-04-15,15.470000267028809
2016-04-18,14.6899995803833
2016-04-19,13.649999618530273
2016-04-20,13.710000038146973
2016-04-21,13.600000381469727
2016-04-22,13.739999771118164
2016-04-25,14.140000343322754
2016-04-26,14.1899995803833
2016-04-27,13.75
2016-04-28,13.170000076293945
2016-04-29,12.899999618530273
2016-05-02,12.8100004196167
2016-05-03,12.0
2016-05-04,11.390000343322754
2016-05-05,11.34000015258789
2016-05-06,12.59000015258789
2016-05-09,12.920000076293945
2016-05-10,12.880000114440918
2016-05-11,12.890000343322754
2016-05-12,12.09000015258789
2016-05-13,12.270000457763672
2016-05-16,12.199999809265137
2016-05-17,11.9399995803833
2016-05-18,11.729999542236328
2016-05-19,11.600000381469727
2016-05-20,11.600000381469727
2016-05-23,11.520000457763672
2016-05-24,11.390000343322754
2016-05-25,11.5
2016-05-26,11.300000190734863
2016-05-27,11.300000190734863
2016-05-31,11.130000114440918
2016-06-01,10.9350004196167
2016-06-02,10.989999771118164
2016-06-03,10.829999923706055
2016-06-06,11.880000114440918
2016-06-07,11.75
2016-06-08,12.270000457763672
2016-06-09,13.350000381469727
2016-06-10,13.40999984741211
2016-06-13,10.970000267028809
2016-06-14,10.890000343322754
2016-06-15,10.760000228881836
2016-06-16,11.3100004196167
2016-06-17,10.890000343322754
2016-06-20,11.670000076293945
2016-06-21,11.329999923706055
2016-06-22,10.869999885559082
2016-06-23,10.960000038146973
2016-06-24,10.609999656677246
2016-06-27,10.279999732971191
2016-06-28,11.0
2016-06-29,11.399999618530273
2016-06-30,11.670000076293945
2016-07-01,12.199999809265137
2016-07-05,11.010000228881836
2016-07-06,10.949999809265137
2016-07-07,10.880000114440918
2016-07-08,11.65999984741211
2016-07-11,11.720000267028809
2016-07-12,12.199999809265137
2016-07-13,11.960000038146973
2016-07-14,11.779999732971191
2016-07-15,11.569999694824219
2016-07-18,11.869999885559082
2016-07-19,11.569999694824219
2016-07-20,11.890000343322754
2016-07-21,11.949999809265137
2016-07-22,12.0
2016-07-25,11.579999923706055
2016-07-26,11.609999656677246
2016-07-27,11.4399995803833
2016-07-28,8.09000015258789
2016-07-29,7.519999980926514
2016-08-01,7.920000076293945
2016-08-02,7.829999923706055
2016-08-03,7.710000038146973
2016-08-04,7.699999809265137
2016-08-05,7.760000228881836
2016-08-08,7.579999923706055
2016-08-09,7.789999961853027
2016-08-10,7.639999866485596
2016-08-11,7.539999961853027
2016-08-12,7.900000095367432
2016-08-15,7.96999979019165
2016-08-16,7.78000020980835
2016-08-17,7.760000228881836
2016-08-18,8.020000457763672
2016-08-19,7.980000019073486
2016-08-22,7.980000019073486
2016-08-23,7.909999847412109
2016-08-24,7.760000228881836
2016-08-25,7.840000152587891
2016-08-26,7.820000171661377
2016-08-29,7.699999809265137
2016-08-30,7.75
2016-08-31,7.679999828338623
2016-09-01,7.75
2016-09-02,8.050000190734863
2016-09-06,8.039999961853027
2016-09-07,7.960000038146973
2016-09-08,8.510000228881836
2016-09-09,8.09000015258789
2016-09-12,8.619999885559082
2016-09-13,8.199999809265137
2016-09-14,8.074999809265137
2016-09-15,8.329999923706055
2016-09-16,8.760000228881836
2016-09-19,8.869999885559082
2016-09-20,8.760000228881836
2016-09-21,8.8100004196167
2016-09-22,9.220000267028809
2016-09-23,9.130000114440918
2016-09-26,8.75
2016-09-27,8.920000076293945
2016-09-28,9.010000228881836
2016-09-29,8.529999732971191
2016-09-30,8.539999961853027
2016-10-03,8.609999656677246
2016-10-04,8.3100004196167
2016-10-05,8.760000228881836
2016-10-06,8.65999984741211
2016-10-07,8.399999618530273
2016-10-10,8.5
2016-10-11,8.25
2016-10-12,8.020000457763672
2016-10-13,7.639999866485596
2016-10-14,7.329999923706055
2016-10-17,7.320000171661377
2016-10-18,7.079999923706055
2016-10-19,6.920000076293945
2016-10-20,6.929999828338623
2016-10-21,6.840000152587891
2016-10-24,6.929999828338623
2016-10-25,6.619999885559082
2016-10-26,6.389999866485596
2016-10-27,6.190000057220459
2016-10-28,6.119999885559082
2016-10-31,6.050000190734863
2016-11-01,5.949999809265137
2016-11-02,7.25
2016-11-03,6.75
2016-11-04,6.650000095367432
2016-11-07,7.25
2016-11-08,7.150000095367432
2016-11-09,8.449999809265137
2016-11-10,8.649999618530273
2016-11-11,8.949999809265137
2016-11-14,9.0
2016-11-15,9.050000190734863
2016-11-16,9.25
2016-11-17,9.350000381469727
2016-11-18,9.949999809265137
2016-11-21,9.75
2016-11-22,9.300000190734863
2016-11-23,9.050000190734863
2016-11-25,8.800000190734863
2016-11-28,8.350000381469727
2016-11-29,7.849999904632568
2016-11-30,7.75
2016-12-01,7.449999809265137
2016-12-02,8.0
2016-12-05,8.300000190734863
2016-12-06,8.350000381469727
2016-12-07,8.350000381469727
2016-12-08,8.75
2016-12-09,9.050000190734863
2016-12-12,8.949999809265137
2016-12-13,9.0
2016-12-14,9.149999618530273
2016-12-15,9.050000190734863
2016-12-16,8.550000190734863
2016-12-19,8.800000190734863
2016-12-20,8.699999809265137
2016-12-21,8.25
2016-12-22,8.149999618530273
2016-12-23,8.0
2016-12-27,8.100000381469727
2016-12-28,7.900000095367432
2016-12-29,7.650000095367432
2016-12-30,7.849999904632568
2017-01-03,7.849999904632568
2017-01-04,8.149999618530273
2017-01-05,8.0
2017-01-06,8.0
2017-01-09,8.0
2017-01-10,8.149999618530273
2017-01-11,7.400000095367432
2017-01-12,7.099999904632568
2017-01-13,7.099999904632568
2017-01-17,6.599999904632568
2017-01-18,6.449999809265137
2017-01-19,6.699999809265137
2017-01-20,6.699999809265137
2017-01-23,6.400000095367432
2017-01-24,6.349999904632568
2017-01-25,6.449999809265137
2017-01-26,6.25
2017-01-27,6.25
2017-01-30,6.099999904632568
2017-01-31,6.349999904632568
2017-02-01,6.800000190734863
2017-02-02,6.849999904632568
2017-02-03,7.050000190734863
2017-02-06,7.050000190734863
2017-02-07,6.800000190734863
2017-02-08,6.699999809265137
2017-02-09,7.099999904632568
2017-02-10,7.099999904632568
2017-02-13,7.349999904632568
2017-02-14,7.449999809265137
2017-02-15,7.449999809265137
2017-02-16,7.599999904632568
2017-02-17,7.699999809265137
2017-02-21,7.300000190734863
2017-02-22,7.150000095367432
2017-02-23,7.099999904632568
2017-02-24,6.900000095367432
2017-02-27,7.5
2017-02-28,7.599999904632568
2017-03-01,8.0
2017-03-02,8.100000381469727
2017-03-03,7.699999809265137
2017-03-06,7.550000190734863
2017-03-07,7.300000190734863
2017-03-08,7.0
2017-03-09,6.900000095367432
2017-03-10,7.0
2017-03-13,7.0
2017-03-14,7.0
2017-03-15,7.25
2017-03-16,7.150000095367432
2017-03-17,7.550000190734863
2017-03-20,7.400000095367432
2017-03-21,7.0
2017-03-22,6.900000095367432
2017-03-23,6.900000095367432
2017-03-24,7.050000190734863
2017-03-27,7.599999904632568
2017-03-28,8.0
2017-03-29,8.300000190734863
2017-03-30,8.050000190734863
2017-03-31,8.100000381469727
2017-04-03,11.100000381469727
2017-04-04,10.050000190734863
2017-04-05,10.25
2017-04-06,10.949999809265137
2017-04-07,11.350000381469727
2017-04-10,11.199999809265137
2017-04-11,11.0
2017-04-12,10.550000190734863
2017-04-13,10.449999809265137
2017-04-17,10.75
2017-04-18,10.800000190734863
2017-04-19,11.100000381469727
2017-04-20,11.550000190734863
2017-04-21,11.449999809265137
2017-04-24,10.699999809265137
2017-04-25,10.800000190734863
2017-04-26,10.949999809265137
2017-04-27,11.350000381469727
2017-04-28,11.300000190734863
2017-05-01,11.75
2017-05-02,11.850000381469727
2017-05-03,11.300000190734863
2017-05-04,11.300000190734863
2017-05-05,11.800000190734863
2017-05-08,12.5
2017-05-09,12.149999618530273
2017-05-10,12.300000190734863
2017-05-11,11.850000381469727
2017-05-12,11.800000190734863
2017-05-15,12.100000381469727
2017-05-16,12.0
2017-05-17,11.300000190734863
2017-05-18,11.300000190734863
2017-05-19,11.550000190734863
2017-05-22,11.800000190734863
2017-05-23,11.600000381469727
2017-05-24,13.050000190734863
2017-05-25,13.050000190734863
2017-05-26,12.75
2017-05-30,12.5
2017-05-31,12.550000190734863
2017-06-01,13.149999618530273
2017-06-02,13.649999618530273
2017-06-05,13.800000190734863
2017-06-06,13.5
2017-06-07,13.699999809265137
2017-06-08,14.199999809265137
2017-06-09,15.300000190734863
2017-06-12,14.75
2017-06-13,15.100000381469727
2017-06-14,14.949999809265137
2017-06-15,14.899999618530273
2017-06-16,14.800000190734863
2017-06-19,15.800000190734863
2017-06-20,15.949999809265137
2017-06-21,17.5
2017-06-22,17.350000381469727
2017-06-23,17.100000381469727
2017-06-26,17.450000762939453
2017-06-27,16.850000381469727
2017-06-28,17.299999237060547
2017-06-29,17.149999618530273
2017-06-30,17.299999237060547
2017-07-03,17.700000762939453
2017-07-05,18.149999618530273
2017-07-06,17.899999618530273
2017-07-07,18.049999237060547
2017-07-10,18.100000381469727
2017-07-11,20.0
2017-07-12,19.899999618530273
2017-07-13,19.799999237060547
2017-07-14,19.149999618530273
2017-07-17,18.149999618530273
2017-07-18,18.75
2017-07-19,18.350000381469727
2017-07-20,18.899999618530273
2017-07-21,18.899999618530273
2017-07-24,19.0
2017-07-25,18.700000762939453
2017-07-26,19.25
2017-07-27,20.399999618530273
2017-07-28,20.075000762939453
2017-07-31,20.600000381469727
2017-08-01,19.700000762939453
2017-08-02,18.850000381469727
2017-08-03,18.700000762939453
2017-08-04,18.5
2017-08-07,18.149999618530273
2017-08-08,19.100000381469727
2017-08-09,20.049999237060547
2017-08-10,18.049999237060547
2017-08-11,18.299999237060547
2017-08-14,19.049999237060547
2017-08-15,19.25
2017-08-16,20.0
2017-08-17,19.25
2017-08-18,18.850000381469727
2017-08-21,18.899999618530273
2017-08-22,18.950000762939453
2017-08-23,19.25
2017-08-24,19.899999618530273
2017-08-25,19.649999618530273
2017-08-28,20.149999618530273
2017-08-29,20.100000381469727
2017-08-30,20.25
2017-08-31,20.5
2017-09-01,20.149999618530273
2017-09-05,19.25
2017-09-06,19.399999618530273
2017-09-07,20.100000381469727
2017-09-08,20.5
2017-09-11,20.399999618530273
2017-09-12,20.450000762939453
2017-09-13,21.75
2017-09-14,21.600000381469727
2017-09-15,20.649999618530273
2017-09-18,21.350000381469727
2017-09-19,21.149999618530273
2017-09-20,21.049999237060547
2017-09-21,21.600000381469727
2017-09-22,21.5
2017-09-25,20.950000762939453
2017-09-26,21.200000762939453
2017-09-27,21.049999237060547
2017-09-28,20.950000762939453
2017-09-29,19.850000381469727
2017-10-02,19.149999618530273
2017-10-03,19.649999618530273
2017-10-04,20.0
2017-10-05,19.149999618530273
2017-10-06,18.049999237060547
2017-10-09,18.450000762939453
2017-10-10,18.299999237060547
2017-10-11,18.299999237060547
2017-10-12,17.799999237060547
2017-10-13,16.299999237060547
2017-10-16,17.649999618530273
2017-10-17,18.0
2017-10-18,18.350000381469727
2017-10-19,18.149999618530273
2017-10-20,18.100000381469727
2017-10-23,18.100000381469727
2017-10-24,17.799999237060547
2017-10-25,18.100000381469727
2017-10-26,18.399999618530273
2017-10-27,19.450000762939453
2017-10-30,20.350000381469727
2017-10-31,21.600000381469727
2017-11-01,21.5
2017-11-02,21.899999618530273
2017-11-03,21.799999237060547
2017-11-06,21.5
2017-11-07,20.399999618530273
2017-11-08,19.149999618530273
2017-11-09,18.350000381469727
2017-11-10,17.299999237060547
2017-11-13,17.049999237060547
2017-11-14,17.600000381469727
2017-11-15,18.200000762939453
2017-11-16,18.600000381469727
2017-11-17,18.899999618530273
2017-11-20,18.149999618530273
2017-11-21,19.0
2017-11-22,18.799999237060547
2017-11-24,18.950000762939453
2017-11-27,18.549999237060547
2017-11-28,18.600000381469727
2017-11-29,19.100000381469727
2017-11-30,19.25
2017-12-01,19.600000381469727
2017-12-04,18.25
2017-12-05,20.0
2017-12-06,20.0
2017-12-07,20.399999618530273
2017-12-08,20.25
2017-12-11,20.200000762939453
2017-12-12,20.5
2017-12-13,20.049999237060547
2017-12-14,19.950000762939453
2017-12-15,19.899999618530273
2017-12-18,20.25
2017-12-19,20.25
2017-12-20,20.299999237060547
2017-12-21,20.200000762939453
2017-12-22,20.25
2017-12-26,20.100000381469727
2017-12-27,20.149999618530273
2017-12-28,20.5
2017-12-29,20.200000762939453
2018-01-02,20.299999237060547
2018-01-03,21.0
2018-01-04,20.350000381469727
2018-01-05,20.799999237060547
2018-01-08,20.5
2018-01-09,21.0
2018-01-10,21.5
2018-01-11,22.149999618530273
2018-01-12,21.700000762939453
2018-01-16,21.200000762939453
2018-01-17,20.75
2018-01-18,20.700000762939453
2018-01-19,21.100000381469727
2018-01-22,21.75
2018-01-23,21.899999618530273
2018-01-24,21.850000381469727
2018-01-25,22.399999618530273
2018-01-26,23.649999618530273
2018-01-29,23.600000381469727
2018-01-30,22.75
2018-01-31,22.450000762939453
2018-02-01,22.149999618530273
2018-02-02,21.299999237060547
2018-02-05,21.299999237060547
2018-02-06,21.350000381469727
2018-02-07,21.700000762939453
2018-02-08,20.649999618530273
2018-02-09,20.950000762939453
2018-02-12,20.5
2018-02-13,20.549999237060547
2018-02-14,21.049999237060547
2018-02-15,21.149999618530273
2018-02-16,21.5
2018-02-20,21.049999237060547
2018-02-21,21.549999237060547
2018-02-22,20.600000381469727
2018-02-23,19.299999237060547
2018-02-26,20.700000762939453
2018-02-27,21.149999618530273
2018-02-28,20.549999237060547
2018-03-01,20.25
2018-03-02,21.600000381469727
2018-03-05,21.75
2018-03-06,21.850000381469727
2018-03-07,22.549999237060547
2018-03-08,21.950000762939453
2018-03-09,22.399999618530273
2018-03-12,22.649999618530273
2018-03-13,22.399999618530273
2018-03-14,22.200000762939453
2018-03-15,22.299999237060547
2018-03-16,21.700000762939453
2018-03-19,21.5
2018-03-20,22.450000762939453
2018-03-21,22.649999618530273
2018-03-22,21.700000762939453
2018-03-23,21.950000762939453
2018-03-26,21.75
2018-03-27,20.850000381469727
2018-03-28,21.299999237060547
2018-03-29,21.799999237060547
2018-04-02,20.350000381469727
2018-04-03,20.100000381469727
2018-04-04,20.350000381469727
2018-04-05,20.5
2018-04-06,19.850000381469727
2018-04-09,20.25
2018-04-10,20.850000381469727
2018-04-11,21.149999618530273
2018-04-12,21.899999618530273
2018-04-13,21.549999237060547
2018-04-16,21.549999237060547
2018-04-17,23.25
2018-04-18,23.799999237060547
2018-04-19,25.0
2018-04-20,24.649999618530273
2018-04-23,25.049999237060547
2018-04-24,24.450000762939453
2018-04-25,24.149999618530273
2018-04-26,26.5
2018-04-27,26.850000381469727
2018-04-30,27.299999237060547
2018-05-01,27.600000381469727
2018-05-02,27.75
2018-05-03,28.0
2018-05-04,28.0
2018-05-07,28.100000381469727
2018-05-08,28.25
2018-05-09,29.0
2018-05-10,29.549999237060547
2018-05-11,30.0
2018-05-14,30.0
2018-05-15,29.100000381469727
2018-05-16,29.0
2018-05-17,28.399999618530273
2018-05-18,29.299999237060547
2018-05-21,29.549999237060547
2018-05-22,29.700000762939453
2018-05-23,29.799999237060547
2018-05-24,30.549999237060547
2018-05-25,30.350000381469727
2018-05-29,30.799999237060547
2018-05-30,31.524999618530273
2018-05-31,31.450000762939453
2018-06-01,31.950000762939453
2018-06-04,29.549999237060547
2018-06-05,31.049999237060547
2018-06-06,31.649999618530273
2018-06-07,31.350000381469727
2018-06-08,30.75
2018-06-11,30.25
2018-06-12,31.450000762939453
2018-06-13,31.950000762939453
2018-06-14,31.649999618530273
2018-06-15,30.899999618530273
2018-06-18,32.0
2018-06-19,32.0
2018-06-20,31.100000381469727
2018-06-21,30.799999237060547
2018-06-22,31.0
2018-06-25,30.100000381469727
2018-06-26,31.899999618530273
2018-06-27,31.25
2018-06-28,31.100000381469727
2018-06-29,31.299999237060547
2018-07-02,32.0
2018-07-03,32.349998474121094
2018-07-05,33.0
2018-07-06,33.0
2018-07-09,33.25
2018-07-10,33.099998474121094
2018-07-11,33.349998474121094
2018-07-12,33.349998474121094
2018-07-13,33.099998474121094
2018-07-16,35.54999923706055
2018-07-17,35.599998474121094
2018-07-18,36.5
2018-07-19,37.29999923706055
2018-07-20,37.54999923706055
2018-07-23,38.29999923706055
2018-07-24,36.29999923706055
2018-07-25,37.45000076293945
2018-07-26,36.82500076293945
2018-07-27,34.95000076293945
2018-07-30,33.400001525878906
2018-07-31,34.0
2018-08-01,34.849998474121094
2018-08-02,35.349998474121094
2018-08-03,34.75
2018-08-06,34.79999923706055
2018-08-07,34.5
2018-08-08,34.599998474121094
2018-08-09,34.95000076293945
2018-08-10,35.95000076293945
2018-08-13,36.900001525878906
2018-08-14,36.849998474121094
2018-08-15,36.54999923706055
2018-08-16,36.5
2018-08-17,35.45000076293945
2018-08-20,35.400001525878906
2018-08-21,36.54999923706055
2018-08-22,37.79999923706055
2018-08-23,39.400001525878906
2018-08-24,40.0
2018-08-27,40.0
2018-08-28,40.20000076293945
2018-08-29,42.400001525878906
2018-08-30,43.29999923706055
2018-08-31,45.04999923706055
2018-09-04,44.95000076293945
2018-09-05,43.099998474121094
2018-09-06,45.400001525878906
2018-09-07,47.20000076293945
2018-09-10,45.25
2018-09-11,45.099998474121094
2018-09-12,47.099998474121094
2018-09-13,48.900001525878906
2018-09-14,48.29999923706055
2018-09-17,46.349998474121094
2018-09-18,49.04999923706055
2018-09-19,52.0
2018-09-20,49.20000076293945
2018-09-21,48.650001525878906
2018-09-24,48.79999923706055
2018-09-25,50.70000076293945
2018-09-26,51.0
2018-09-27,51.849998474121094
2018-09-28,52.400001525878906
2018-10-01,52.619998931884766
2018-10-02,51.81999969482422
2018-10-03,52.630001068115234
2018-10-04,51.0099983215332
2018-10-05,50.84000015258789
2018-10-08,48.20000076293945
2018-10-09,47.779998779296875
2018-10-10,44.939998626708984
2018-10-11,43.869998931884766
2018-10-12,45.16999816894531
2018-10-15,44.11000061035156
2018-10-16,46.20000076293945
2018-10-17,45.41999816894531
2018-10-18,45.040000915527344
2018-10-19,42.70000076293945
2018-10-22,43.61000061035156
2018-10-23,43.31999969482422
2018-10-24,41.52000045776367
2018-10-25,33.63999938964844
2018-10-26,31.739999771118164
2018-10-29,31.020000457763672
2018-10-30,32.02000045776367
2018-10-31,33.13999938964844
2018-11-01,34.72999954223633
2018-11-02,32.29999923706055
2018-11-05,31.399999618530273
2018-11-06,31.440000534057617
2018-11-07,34.060001373291016
2018-11-08,34.36000061035156
2018-11-09,33.15999984741211
2018-11-12,30.549999237060547
2018-11-13,31.389999389648438
2018-11-14,30.479999542236328
2018-11-15,30.850000381469727
2018-11-16,31.530000686645508
2018-11-19,28.75
2018-11-20,28.719999313354492
2018-11-21,29.030000686645508
2018-11-23,29.219999313354492
2018-11-26,30.530000686645508
2018-11-27,30.600000381469727
2018-11-28,32.81999969482422
2018-11-29,33.869998931884766
2018-11-30,34.31999969482422
2018-12-03,35.90999984741211
2018-12-04,34.540000915527344
2018-12-06,34.400001525878906
2018-12-07,33.630001068115234
2018-12-10,34.869998931884766
2018-12-11,35.439998626708984
2018-12-12,36.13999938964844
2018-12-13,35.29999923706055
2018-12-14,35.65999984741211
2018-12-17,34.66999816894531
2018-12-18,32.849998474121094
2018-12-19,32.2400016784668
2018-12-20,31.110000610351562
2018-12-21,29.719999313354492
2018-12-24,29.860000610351562
2018-12-26,32.75
2018-12-27,31.81999969482422
2018-12-28,32.84000015258789
2018-12-31,33.47999954223633
2019-01-02,32.720001220703125
2019-01-03,31.959999084472656
2019-01-04,33.619998931884766
2019-01-07,35.18000030517578
2019-01-08,36.7400016784668
2019-01-09,40.470001220703125
2019-01-10,42.0
2019-01-11,43.25
2019-01-14,42.79999923706055
2019-01-15,44.5
2019-01-16,45.2599983215332
2019-01-17,45.27000045776367
2019-01-18,46.45000076293945
2019-01-22,46.619998931884766
2019-01-23,47.599998474121094
2019-01-24,48.33000183105469
2019-01-25,49.790000915527344
2019-01-28,48.20000076293945
2019-01-29,48.16999816894531
2019-01-30,47.13999938964844
2019-01-31,49.0
2019-02-01,49.72999954223633
2019-02-04,49.45000076293945
2019-02-05,49.560001373291016
2019-02-06,49.90999984741211
2019-02-07,49.52000045776367
2019-02-08,49.540000915527344
2019-02-11,50.459999084472656
2019-02-12,51.27000045776367
2019-02-13,52.20000076293945
2019-02-14,52.54999923706055
2019-02-15,53.189998626708984
2019-02-19,53.04999923706055
2019-02-20,53.209999084472656
2019-02-21,53.380001068115234
2019-02-22,53.279998779296875
2019-02-25,53.52000045776367
2019-02-26,52.900001525878906
2019-02-27,53.97999954223633
2019-02-28,53.709999084472656
2019-03-01,56.119998931884766
2019-03-04,52.849998474121094
2019-03-05,52.63999938964844
2019-03-06,48.15999984741211
2019-03-07,47.75
2019-03-08,48.06999969482422
2019-03-11,49.4900016784668
2019-03-12,51.060001373291016
2019-03-13,51.40999984741211
2019-03-14,51.43000030517578
2019-03-15,51.470001220703125
2019-03-18,51.13999938964844
2019-03-19,50.9900016784668
2019-03-20,49.86000061035156
2019-03-21,50.0
2019-03-22,47.040000915527344
2019-03-25,47.63999938964844
2019-03-26,47.15999984741211
2019-03-27,46.650001525878906
2019-03-28,47.15999984741211
2019-03-29,48.16999816894531
2019-04-01,47.61000061035156
2019-04-02,48.08000183105469
2019-04-03,48.06999969482422
2019-04-04,45.880001068115234
2019-04-05,46.34000015258789
2019-04-08,45.79999923706055
2019-04-09,46.0099983215332
2019-04-10,46.560001373291016
2019-04-11,45.790000915527344
2019-04-12,45.65999984741211
2019-04-15,45.54999923706055
2019-04-16,44.56999969482422
2019-04-17,43.08000183105469
2019-04-18,42.220001220703125
2019-04-22,43.13999938964844
2019-04-23,44.970001220703125
2019-04-24,45.11000061035156
2019-04-25,45.04999923706055
2019-04-26,44.88999938964844
2019-04-29,44.970001220703125
2019-04-30,44.06999969482422
2019-05-01,43.279998779296875
2019-05-02,44.599998474121094
2019-05-03,48.88999938964844
2019-05-06,48.91999816894531
2019-05-07,47.619998931884766
2019-05-08,47.560001373291016
2019-05-09,49.220001220703125
2019-05-10,49.29999923706055
2019-05-13,48.400001525878906
2019-05-14,49.439998626708984
2019-05-15,49.2599983215332
2019-05-16,50.29999923706055
2019-05-17,50.380001068115234
2019-05-20,48.869998931884766
2019-05-21,50.720001220703125
2019-05-22,51.36000061035156
2019-05-23,49.310001373291016
2019-05-24,52.90999984741211
2019-05-28,53.54999923706055
2019-05-29,52.45000076293945
2019-05-30,53.7599983215332
2019-05-31,53.119998931884766
2019-06-03,52.54999923706055
2019-06-04,54.63999938964844
2019-06-05,54.86000061035156
2019-06-06,54.7400016784668
2019-06-07,55.66999816894531
2019-06-10,54.88999938964844
2019-06-11,54.33000183105469
2019-06-12,55.779998779296875
2019-06-13,57.060001373291016
2019-06-14,55.08000183105469
2019-06-17,58.040000915527344
2019-06-18,59.79999923706055
2019-06-19,61.5099983215332
2019-06-20,60.33000183105469
2019-06-21,59.959999084472656
2019-06-24,58.029998779296875
2019-06-25,57.43000030517578
2019-06-26,56.79999923706055
2019-06-27,60.849998474121094
2019-06-28,63.22999954223633
2019-07-01,61.86000061035156
2019-07-02,63.880001068115234
2019-07-03,64.44999694824219
2019-07-05,64.27999877929688
2019-07-08,64.23999786376953
2019-07-09,64.37000274658203
2019-07-10,65.31999969482422
2019-07-11,69.13999938964844
2019-07-12,68.87999725341797
2019-07-15,68.69000244140625
2019-07-16,68.7300033569336
2019-07-17,68.26000213623047
2019-07-18,71.0199966430664
2019-07-19,69.38999938964844
2019-07-22,70.4800033569336
2019-07-23,69.5
2019-07-24,70.98999786376953
2019-07-25,77.08000183105469
2019-07-26,78.91000366210938
2019-07-29,82.0
2019-07-30,83.30000305175781
2019-07-31,83.22000122070312
2019-08-01,85.83999633789062
2019-08-02,86.08999633789062
2019-08-05,82.01000213623047
2019-08-06,81.19000244140625
2019-08-07,83.55999755859375
2019-08-08,87.48999786376953
2019-08-09,86.4800033569336
2019-08-12,86.69999694824219
2019-08-13,88.7699966430664
2019-08-14,86.37000274658203
2019-08-15,90.48999786376953
2019-08-16,93.72000122070312
2019-08-19,94.97000122070312
2019-08-20,94.31999969482422
2019-08-21,97.80000305175781
2019-08-22,96.5999984741211
2019-08-23,92.48999786376953
2019-08-26,94.06999969482422
2019-08-27,91.55999755859375
2019-08-28,89.8499984741211
2019-08-29,91.66000366210938
2019-08-30,90.86000061035156
2019-09-03,87.18000030517578
2019-09-04,84.41000366210938
2019-09-05,87.29000091552734
2019-09-06,85.66000366210938
2019-09-09,78.61000061035156
2019-09-10,75.1500015258789
2019-09-11,78.41000366210938
2019-09-12,80.25
2019-09-13,79.29000091552734
2019-09-16,79.02999877929688
2019-09-17,81.80999755859375
2019-09-18,79.41000366210938
2019-09-19,79.95999908447266
2019-09-20,81.37000274658203
2019-09-23,81.30000305175781
2019-09-24,77.18000030517578
2019-09-25,77.41000366210938
2019-09-26,75.18000030517578
2019-09-27,73.44000244140625
2019-09-30,74.77999877929688
2019-10-01,73.62000274658203
2019-10-02,73.23999786376953
2019-10-03,75.0999984741211
2019-10-04,76.75
2019-10-07,75.5199966430664
2019-10-08,71.8499984741211
2019-10-09,72.5199966430664
2019-10-10,75.48999786376953
2019-10-11,77.12999725341797
2019-10-14,76.20999908447266
2019-10-15,78.69000244140625
2019-10-16,76.13999938964844
2019-10-17,77.94000244140625
2019-10-18,74.93000030517578
2019-10-21,75.23999786376953
2019-10-22,71.80999755859375
2019-10-23,70.20999908447266
2019-10-24,71.62000274658203
2019-10-25,68.30000305175781
2019-10-28,71.75
2019-10-29,72.16999816894531
2019-10-30,74.2699966430664
2019-10-31,71.63999938964844
2019-11-01,75.36000061035156
2019-11-04,78.83000183105469
2019-11-05,77.48999786376953
2019-11-06,77.19000244140625
2019-11-07,75.26000213623047
2019-11-08,79.52999877929688
2019-11-11,79.0
2019-11-12,80.80999755859375
2019-11-13,81.18000030517578
2019-11-14,82.41999816894531
2019-11-15,83.9800033569336
2019-11-18,85.75
2019-11-19,88.44000244140625
2019-11-20,90.43000030517578
2019-11-21,92.37999725341797
2019-11-22,93.80000305175781
2019-11-25,92.73999786376953
2019-11-26,91.99500274658203
2019-11-27,92.19000244140625
2019-11-29,92.18000030517578
2019-12-02,88.2300033569336
2019-12-03,89.02999877929688
2019-12-04,89.06999969482422
2019-12-05,85.12000274658203
2019-12-06,83.2699966430664
2019-12-09,81.30999755859375
2019-12-10,79.27999877929688
2019-12-11,78.9000015258789
2019-12-12,77.83999633789062
2019-12-13,80.08999633789062
2019-12-16,81.9800033569336
2019-12-17,82.86000061035156
2019-12-18,82.0
2019-12-19,84.94000244140625
2019-12-20,87.01000213623047
2019-12-23,88.97000122070312
2019-12-24,88.0999984741211
2019-12-26,87.55000305175781
2019-12-27,87.55999755859375
2019-12-30,85.26000213623047
2019-12-31,84.2699966430664
2020-01-02,76.86000061035156
2020-01-03,74.97000122070312
2020-01-06,76.11000061035156
2020-01-07,80.05999755859375
2020-01-08,79.68000030517578
2020-01-09,81.01000213623047
2020-01-10,84.33999633789062
2020-01-13,81.19999694824219
2020-01-14,82.41000366210938
2020-01-15,84.38999938964844
2020-01-16,94.37999725341797
2020-01-17,92.58000183105469
2020-01-21,95.6500015258789
2020-01-22,94.79000091552734
2020-01-23,91.69999694824219
2020-01-24,87.29000091552734
2020-01-27,87.0
2020-01-28,87.08000183105469
2020-01-29,86.69000244140625
2020-01-30,85.56999969482422
2020-01-31,81.45999908447266
2020-02-03,83.88999938964844
2020-02-04,86.05999755859375
2020-02-05,86.56999969482422
2020-02-06,87.47000122070312
2020-02-07,85.80999755859375
2020-02-10,87.73999786376953
2020-02-11,90.6500015258789
2020-02-12,92.51000213623047
2020-02-13,92.91999816894531
2020-02-14,93.16000366210938
2020-02-18,95.01000213623047
2020-02-19,95.75
2020-02-20,92.94000244140625
2020-02-21,88.26000213623047
2020-02-24,83.80000305175781
2020-02-25,80.02999877929688
2020-02-26,79.44999694824219
2020-02-27,77.27999877929688
2020-02-28,72.75
2020-03-02,74.94000244140625
2020-03-03,69.37000274658203
2020-03-04,73.62000274658203
2020-03-05,72.5999984741211
2020-03-06,69.7300033569336
2020-03-09,70.33000183105469
2020-03-10,73.3499984741211
2020-03-11,67.37999725341797
2020-03-12,67.37999725341797
2020-03-13,67.9800033569336
2020-03-16,59.58000183105469
2020-03-17,62.900001525878906
2020-03-18,58.34000015258789
2020-03-19,63.880001068115234
2020-03-20,59.61000061035156
2020-03-23,57.04999923706055
2020-03-24,60.91999816894531
2020-03-25,62.33000183105469
2020-03-26,68.33000183105469
2020-03-27,65.5
2020-03-30,70.04000091552734
2020-03-31,67.33999633789062
2020-04-01,64.5199966430664
2020-04-02,66.27999877929688
2020-04-03,63.34000015258789
2020-04-06,69.0999984741211
2020-04-07,64.54000091552734
2020-04-08,69.5
2020-04-09,70.0
2020-04-13,68.9000015258789
2020-04-14,69.9800033569336
2020-04-15,68.06999969482422
2020-04-16,69.2699966430664
2020-04-17,72.44000244140625
2020-04-20,74.41000366210938
2020-04-21,70.72000122070312
2020-04-22,72.31999969482422
2020-04-23,73.05999755859375
2020-04-24,73.18000030517578
2020-04-27,73.9000015258789
2020-04-28,72.83000183105469
2020-04-29,73.54000091552734
2020-04-30,65.80000305175781
2020-05-01,60.47999954223633
2020-05-04,61.400001525878906
2020-05-05,64.1500015258789
2020-05-06,64.7699966430664
2020-05-07,63.84000015258789
2020-05-08,62.25
2020-05-11,64.68000030517578
2020-05-12,62.8849983215332
2020-05-13,60.619998931884766
2020-05-14,62.06999969482422
2020-05-15,64.66000366210938
2020-05-18,65.23999786376953
2020-05-19,62.86000061035156
2020-05-20,63.65999984741211
2020-05-21,63.189998626708984
2020-05-22,65.9800033569336
2020-05-26,64.4000015258789
2020-05-27,66.7300033569336
2020-05-28,67.08000183105469
2020-05-29,67.43000030517578
2020-06-01,66.30999755859375
2020-06-02,65.52999877929688
2020-06-03,64.5
2020-06-04,61.939998626708984
2020-06-05,68.1500015258789
2020-06-08,70.11499786376953
2020-06-09,68.33999633789062
2020-06-10,67.88999938964844
2020-06-11,65.02999877929688
2020-06-12,63.7599983215332
2020-06-15,65.31999969482422
2020-06-16,65.36000061035156
2020-06-17,62.91999816894531
2020-06-18,62.5099983215332
2020-06-19,63.369998931884766
2020-06-22,62.97999954223633
2020-06-23,62.7599983215332
2020-06-24,59.349998474121094
2020-06-25,57.20000076293945
2020-06-26,58.959999084472656
2020-06-29,57.70000076293945
2020-06-30,59.29999923706055
2020-07-01,59.61000061035156
2020-07-02,60.650001525878906
2020-07-06,62.86000061035156
2020-07-07,59.58000183105469
2020-07-08,60.970001220703125
2020-07-09,60.06999969482422
2020-07-10,60.380001068115234
2020-07-13,58.04999923706055
2020-07-14,58.13999938964844
2020-07-15,63.63999938964844
2020-07-16,61.58000183105469
2020-07-17,63.13999938964844
2020-07-20,64.0199966430664
2020-07-21,63.459999084472656
2020-07-22,66.83999633789062
2020-07-23,67.79000091552734
2020-07-24,67.0
2020-07-27,67.01000213623047
2020-07-28,67.5999984741211
2020-07-29,68.0
2020-07-30,76.16999816894531
2020-07-31,75.79000091552734
2020-08-03,77.30999755859375
2020-08-04,78.16000366210938
2020-08-05,77.97000122070312
2020-08-06,78.97000122070312
2020-08-07,79.04000091552734
2020-08-10,78.30999755859375
2020-08-11,74.54000091552734
2020-08-12,75.0
2020-08-13,76.12999725341797
2020-08-14,75.69000244140625
2020-08-17,76.5999984741211
2020-08-18,77.88999938964844
2020-08-19,77.98999786376953
2020-08-20,78.58999633789062
2020-08-21,78.5999984741211
2020-08-24,79.11000061035156
2020-08-25,80.0199966430664
2020-08-26,79.97000122070312
2020-08-27,81.5
2020-08-28,82.0
2020-08-31,82.75
2020-09-01,84.68000030517578
2020-09-02,84.79000091552734
2020-09-03,82.0999984741211
2020-09-04,80.0
2020-09-08,82.08999633789062
2020-09-09,85.44999694824219
2020-09-10,87.4000015258789
2020-09-11,89.26000213623047
2020-09-14,97.69999694824219
2020-09-15,104.45999908447266
2020-09-16,107.25
2020-09-17,108.9800033569336
2020-09-18,110.73999786376953
2020-09-21,105.11000061035156
2020-09-22,104.1500015258789
2020-09-23,105.91000366210938
2020-09-24,103.63999938964844
2020-09-25,106.9000015258789
2020-09-28,108.31999969482422
2020-09-29,109.0
2020-09-30,111.30999755859375
2020-10-01,112.36000061035156
2020-10-02,113.02999877929688
2020-10-05,117.69999694824219
2020-10-06,119.3499984741211
2020-10-07,127.0199966430664
2020-10-08,129.27999877929688
2020-10-09,138.72000122070312
2020-10-12,134.57000732421875
2020-10-13,134.9600067138672
2020-10-14,136.82000732421875
2020-10-15,133.86000061035156
2020-10-16,136.9600067138672
2020-10-19,132.33999633789062
2020-10-20,131.94000244140625
2020-10-21,127.05500030517578
2020-10-22,125.04000091552734
2020-10-23,123.7699966430664
2020-10-26,121.5
2020-10-27,119.5
2020-10-28,115.38999938964844
2020-10-29,123.2699966430664
2020-10-30,122.0999984741211
2020-11-02,112.16000366210938
2020-11-03,113.83000183105469
2020-11-04,121.94999694824219
2020-11-05,122.19000244140625
2020-11-06,126.23999786376953
2020-11-09,125.7300033569336
2020-11-10,118.73999786376953
2020-11-11,122.51000213623047
2020-11-12,123.51000213623047
2020-11-13,124.4800033569336
2020-11-16,120.06999969482422
2020-11-17,121.94000244140625
2020-11-18,121.70999908447266
2020-11-19,125.26000213623047
2020-11-20,132.36000061035156
2020-11-23,134.41000366210938
2020-11-24,119.41000366210938
2020-11-25,116.68000030517578
2020-11-27,126.83999633789062
2020-11-30,125.6500015258789
2020-12-01,126.97000122070312
2020-12-02,130.22000122070312
2020-12-03,135.05999755859375
2020-12-04,147.5
2020-12-07,152.3300018310547
2020-12-08,157.47999572753906
2020-12-09,161.02000427246094
2020-12-10,168.17999267578125
2020-12-11,171.7100067138672
2020-12-14,168.99000549316406
2020-12-15,157.10000610351562
2020-12-16,157.1300048828125
2020-12-17,162.80999755859375
2020-12-18,160.19000244140625
2020-12-21,169.4600067138672
2020-12-22,171.0
2020-12-23,170.72000122070312
2020-12-24,171.97000122070312
2020-12-28,169.7899932861328
2020-12-29,168.9600067138672
2020-12-30,174.13999938964844
2020-12-31,173.0399932861328
2021-01-04,161.32000732421875
2021-01-05,162.60000610351562
2021-01-06,157.52999877929688
2021-01-07,163.58999633789062
2021-01-08,170.3800048828125
2021-01-11,170.08999633789062
2021-01-12,175.80999755859375
2021-01-13,176.94000244140625
2021-01-14,178.94000244140625
2021-01-15,167.5500030517578
2021-01-19,168.27999877929688
2021-01-20,172.3800048828125
2021-01-21,171.83999633789062
2021-01-22,169.10000610351562
2021-01-25,167.19000244140625
2021-01-26,164.5500030517578
2021-01-27,156.57000732421875
2021-01-28,161.3000030517578
2021-01-29,160.9600067138672
2021-02-01,162.16000366210938
2021-02-02,173.92999267578125
2021-02-03,174.02999877929688
2021-02-04,175.02999877929688
2021-02-05,175.85000610351562
2021-02-08,183.9600067138672
2021-02-09,187.02999877929688
2021-02-10,182.80999755859375
2021-02-11,183.0800018310547
2021-02-12,189.64999389648438
2021-02-16,185.30999755859375
2021-02-17,180.88999938964844
2021-02-18,175.72000122070312
2021-02-19,190.1699981689453
2021-02-22,181.0399932861328
2021-02-23,172.9499969482422
2021-02-24,173.1300048828125
2021-02-25,148.89999389648438
2021-02-26,149.10000610351562
2021-03-01,152.42999267578125
2021-03-02,153.08999633789062
2021-03-03,145.6199951171875
2021-03-04,133.25
2021-03-05,129.27999877929688
2021-03-08,127.01000213623047
2021-03-09,130.97000122070312
2021-03-10,129.1300048828125
2021-03-11,138.16000366210938
2021-03-12,138.2899932861328
2021-03-15,141.07000732421875
2021-03-16,143.0399932861328
2021-03-17,145.08999633789062
2021-03-18,137.75999450683594
2021-03-19,141.69000244140625
2021-03-22,140.3000030517578
2021-03-23,139.1300048828125
2021-03-24,128.8800048828125
2021-03-25,127.33999633789062
2021-03-26,124.55999755859375
2021-03-29,124.11000061035156
2021-03-30,125.25
2021-03-31,132.17999267578125
2021-04-01,133.35000610351562
2021-04-05,130.39999389648438
2021-04-06,134.88999938964844
2021-04-07,131.6999969482422
2021-04-08,132.52000427246094
2021-04-09,132.08999633789062
2021-04-12,131.8800048828125
2021-04-13,197.3300018310547
2021-04-14,186.0
2021-04-15,198.8300018310547
2021-04-16,192.5
2021-04-19,190.89999389648438
2021-04-20,194.83999633789062
2021-04-21,200.58999633789062
2021-04-22,199.1999969482422
2021-04-23,207.6300048828125
2021-04-26,217.64999389648438
2021-04-27,212.5
2021-04-28,205.5
2021-04-29,205.30999755859375
2021-04-30,204.10000610351562
2021-05-03,202.55999755859375
2021-05-04,197.3000030517578
2021-05-05,201.75
2021-05-06,193.64999389648438
2021-05-07,192.4499969482422
2021-05-10,182.00999450683594
2021-05-11,186.66000366210938
2021-05-12,179.8300018310547
2021-05-13,173.0399932861328
2021-05-14,179.27000427246094
2021-05-17,175.0
2021-05-18,180.2899932861328
2021-05-19,176.47999572753906
2021-05-20,182.3000030517578
2021-05-21,180.86000061035156
2021-05-24,185.24000549316406
2021-05-25,187.92999267578125
2021-05-26,189.27999877929688
2021-05-27,201.35000610351562
2021-05-28,204.0
2021-06-01,202.61000061035156
2021-06-02,204.25
2021-06-03,205.08999633789062
2021-06-04,205.7100067138672
2021-06-07,209.47999572753906
2021-06-08,210.00999450683594
2021-06-09,211.88999938964844
2021-06-10,217.47999572753906
2021-06-11,216.27999877929688
2021-06-14,219.9199981689453
2021-06-15,216.7899932861328
2021-06-16,220.60000610351562
2021-06-17,222.30999755859375
2021-06-18,218.0399932861328
2021-06-21,220.52000427246094
2021-06-22,224.42999267578125
2021-06-23,225.5800018310547
2021-06-24,223.69000244140625
2021-06-25,221.25
2021-06-28,222.80999755859375
2021-06-29,223.8699951171875
2021-06-30,221.82000732421875
2021-07-01,189.72000122070312
2021-07-02,184.14999389648438
2021-07-06,185.9600067138672
2021-07-07,186.52999877929688
2021-07-08,191.7100067138672
2021-07-09,194.5500030517578
2021-07-12,191.52999877929688
2021-07-13,188.47999572753906
2021-07-14,184.67999267578125
2021-07-15,182.49000549316406
2021-07-16,182.57000732421875
2021-07-19,183.2899932861328
2021-07-20,189.5
2021-07-21,190.0
2021-07-22,189.92999267578125
2021-07-23,189.3699951171875
2021-07-26,183.88999938964844
2021-07-27,180.36000061035156
2021-07-28,181.9199981689453
2021-07-29,164.0
2021-07-30,154.00999450683594
2021-08-02,150.67999267578125
2021-08-03,149.1300048828125
2021-08-04,153.10000610351562
2021-08-05,157.07000732421875
2021-08-06,149.99000549316406
2021-08-09,148.33999633789062
2021-08-10,142.3000030517578
2021-08-11,142.97000122070312
2021-08-12,142.0
2021-08-13,139.27999877929688
2021-08-16,135.9600067138672
2021-08-17,135.32000732421875
2021-08-18,131.5800018310547
2021-08-19,128.86000061035156
2021-08-20,132.42999267578125
2021-08-23,135.11000061035156
2021-08-24,136.39999389648438
2021-08-25,135.89999389648438
2021-08-26,133.19000244140625
2021-08-27,134.74000549316406
2021-08-30,134.47999572753906
2021-08-31,134.2100067138672
2021-09-01,137.5800018310547
2021-09-02,140.35000610351562
2021-09-03,138.5500030517578
2021-09-07,138.60000610351562
2021-09-08,135.99000549316406
2021-09-09,138.6699981689453
2021-09-10,131.82000732421875
2021-09-13,129.52999877929688
2021-09-14,126.06999969482422
2021-09-15,126.83000183105469
2021-09-16,127.08999633789062
2021-09-17,131.02999877929688
2021-09-20,127.19999694824219
2021-09-21,128.36000061035156
2021-09-22,131.1199951171875
2021-09-23,131.0
2021-09-24,127.30000305175781
2021-09-27,125.69000244140625
2021-09-28,119.66999816894531
2021-09-29,116.16999816894531
2021-09-30,116.16999816894531
2021-10-01,116.11000061035156
2021-10-04,109.43000030517578
2021-10-05,110.16999816894531
2021-10-06,110.62000274658203
2021-10-07,113.4000015258789
2021-10-08,111.5
2021-10-11,111.48999786376953
2021-10-12,110.87999725341797
2021-10-13,111.58000183105469
2021-10-14,114.37999725341797
2021-10-15,112.22000122070312
2021-10-18,110.36000061035156
2021-10-19,117.36000061035156
2021-10-20,117.94999694824219
2021-10-21,121.98999786376953
2021-10-22,120.73999786376953
2021-10-25,119.29000091552734
2021-10-26,113.51000213623047
2021-10-27,110.77999877929688
2021-10-28,101.73999786376953
2021-10-29,102.56999969482422
2021-11-01,107.95999908447266
2021-11-02,107.7300033569336
2021-11-03,110.37000274658203
2021-11-04,106.9000015258789
2021-11-05,106.41999816894531
2021-11-08,107.41999816894531
2021-11-09,106.11000061035156
2021-11-10,102.93000030517578
2021-11-11,111.7300033569336
2021-11-12,115.05999755859375
2021-11-15,112.41999816894531
2021-11-16,109.48999786376953
2021-11-17,113.31999969482422
2021-11-18,108.72000122070312
2021-11-19,103.51000213623047
2021-11-22,97.01000213623047
2021-11-23,93.33999633789062
2021-11-24,99.7300033569336
2021-11-26,97.01000213623047
2021-11-29,93.3499984741211
2021-11-30,93.63999938964844
2021-12-01,91.06999969482422
2021-12-02,91.37000274658203
2021-12-03,82.05999755859375
2021-12-06,83.30000305175781
2021-12-07,89.94000244140625
2021-12-08,92.73999786376953
2021-12-09,87.7699966430664
2021-12-10,84.25
2021-12-13,86.58999633789062
2021-12-14,83.19999694824219
2021-12-15,84.11000061035156
2021-12-16,82.30000305175781
2021-12-17,84.02999877929688
2021-12-20,79.6500015258789
2021-12-21,85.05999755859375
2021-12-22,84.0
2021-12-23,84.0
2021-12-27,82.70999908447266
2021-12-28,80.45999908447266
2021-12-29,78.3499984741211
2021-12-30,79.83000183105469
2021-12-31,75.08000183105469
2022-01-03,80.0999984741211
2022-01-04,75.66000366210938
2022-01-05,72.25
2022-01-06,69.37000274658203
2022-01-07,66.25
2022-01-10,65.62999725341797
2022-01-11,68.37000274658203
2022-01-12,72.63999938964844
2022-01-13,69.72000122070312
2022-01-14,69.12000274658203
2022-01-18,64.41000366210938
2022-01-19,64.18000030517578
2022-01-20,70.0999984741211
2022-01-21,67.18000030517578
2022-01-24,68.94000244140625
2022-01-25,64.41000366210938
2022-01-26,62.9900016784668
2022-01-27,60.150001525878906
2022-01-28,62.939998626708984
2022-01-31,68.6500015258789
2022-02-01,71.79000091552734
2022-02-02,73.75
2022-02-03,69.31999969482422
2022-02-04,71.23999786376953
2022-02-07,72.69999694824219
2022-02-08,75.30000305175781
2022-02-09,81.31999969482422
2022-02-10,78.11000061035156
2022-02-11,78.45999908447266
2022-02-14,78.87999725341797
2022-02-15,84.4000015258789
2022-02-16,82.91000366210938
2022-02-17,78.62999725341797
2022-02-18,76.0
2022-02-22,77.79000091552734
2022-02-23,72.95999908447266
2022-02-24,77.88999938964844
2022-02-25,80.33000183105469
2022-02-28,81.86000061035156
2022-03-01,80.58999633789062
2022-03-02,76.73999786376953
2022-03-03,74.06999969482422
2022-03-04,69.45999908447266
2022-03-07,69.5
2022-03-08,69.69999694824219
2022-03-09,71.58000183105469
2022-03-10,69.9000015258789
2022-03-11,66.08000183105469
2022-03-14,62.0
2022-03-15,64.91000366210938
2022-03-16,71.5999984741211
2022-03-17,76.77999877929688
2022-03-18,80.02999877929688
2022-03-21,78.52999877929688
2022-03-22,84.1500015258789
2022-03-23,81.58000183105469
2022-03-24,82.1500015258789
2022-03-25,80.12000274658203
2022-03-28,79.5
2022-03-29,84.5199966430664
2022-03-30,84.06999969482422
2022-03-31,82.8499984741211
2022-04-01,87.66000366210938
2022-04-04,89.9000015258789
2022-04-05,87.0999984741211
2022-04-06,85.30000305175781
2022-04-07,86.02999877929688
2022-04-08,86.05000305175781
2022-04-11,82.23999786376953
2022-04-12,82.5999984741211
2022-04-13,86.79000091552734
2022-04-14,84.23999786376953
2022-04-18,78.4800033569336
2022-04-19,82.44000244140625
2022-04-20,85.02999877929688
2022-04-21,83.6500015258789
2022-04-22,79.20999908447266
2022-04-25,83.33000183105469
2022-04-26,77.95999908447266
2022-04-27,76.94999694824219
2022-04-28,77.18000030517578
2022-04-29,76.58000183105469
2022-05-02,81.37000274658203
2022-05-03,83.7699966430664
2022-05-04,82.0
2022-05-05,80.19999694824219
2022-05-06,73.16999816894531
2022-05-09,62.84000015258789
2022-05-10,61.43000030517578
2022-05-11,57.939998626708984
2022-05-12,60.7400016784668
2022-05-13,65.23999786376953
2022-05-16,66.69999694824219
2022-05-17,71.69000244140625
2022-05-18,69.7300033569336
2022-05-19,74.05000305175781
2022-05-20,74.69999694824219
2022-05-23,77.08000183105469
2022-05-24,73.58999633789062
2022-05-25,75.58999633789062
2022-05-26,80.19000244140625
2022-05-27,83.9800033569336
2022-05-31,80.37999725341797
2022-06-01,80.05000305175781
2022-06-02,85.0
2022-06-03,79.79000091552734
2022-06-06,78.87999725341797
2022-06-07,78.5199966430664
2022-06-08,77.25
2022-06-09,71.5
2022-06-10,69.44999694824219
2022-06-13,62.56999969482422
2022-06-14,59.869998931884766
2022-06-15,60.84000015258789
2022-06-16,56.599998474121094
2022-06-17,57.9900016784668
2022-06-21,58.7599983215332
2022-06-22,63.43000030517578
2022-06-23,70.5999984741211
2022-06-24,75.5999984741211
2022-06-27,74.69000244140625
2022-06-28,72.02999877929688
2022-06-29,72.4000015258789
2022-06-30,69.5
2022-07-01,73.30000305175781
2022-07-05,74.5199966430664
2022-07-06,73.8499984741211
2022-07-07,75.26000213623047
2022-07-08,74.41999816894531
2022-07-11,72.81999969482422
2022-07-12,72.23999786376953
2022-07-13,72.9800033569336
2022-07-14,72.8499984741211
2022-07-15,72.45999908447266
2022-07-18,71.87000274658203
2022-07-19,73.66999816894531
2022-07-20,75.58000183105469
2022-07-21,75.23999786376953
2022-07-22,71.80000305175781
2022-07-25,71.37000274658203
2022-07-26,70.95999908447266
2022-07-27,73.95999908447266
2022-07-28,70.23999786376953
2022-07-29,67.98999786376953
2022-08-01,69.01000213623047
2022-08-02,70.19999694824219
2022-08-03,72.70999908447266
2022-08-04,74.87999725341797
2022-08-05,75.62000274658203
2022-08-08,77.63999938964844
2022-08-09,76.77999877929688
2022-08-10,79.88999938964844
2022-08-11,82.54000091552734
2022-08-12,85.91999816894531
2022-08-15,84.31999969482422
2022-08-16,83.05000305175781
2022-08-17,82.25
2022-08-18,80.01000213623047
2022-08-19,79.23999786376953
2022-08-22,78.06999969482422
2022-08-23,78.56999969482422
2022-08-24,84.4000015258789
2022-08-25,85.16000366210938
2022-08-26,82.7699966430664
2022-08-29,81.70999908447266
2022-08-30,81.04000091552734
2022-08-31,82.12999725341797
2022-09-01,78.73999786376953
2022-09-02,78.6500015258789
2022-09-06,79.23999786376953
2022-09-07,82.87999725341797
2022-09-08,86.81999969482422
2022-09-09,88.88999938964844
2022-09-12,89.56999969482422
2022-09-13,87.33000183105469
2022-09-14,88.05999755859375
2022-09-15,88.94999694824219
2022-09-16,86.95999908447266
2022-09-19,82.30999755859375
2022-09-20,82.44000244140625
2022-09-21,78.02999877929688
2022-09-22,74.97000122070312
2022-09-23,73.22000122070312
2022-09-26,73.62999725341797
2022-09-27,74.62000274658203
2022-09-28,78.6500015258789
2022-09-29,77.05000305175781
2022-09-30,75.9800033569336
2022-10-03,77.87999725341797
2022-10-04,85.05000305175781
2022-10-05,84.95999908447266
2022-10-06,85.37000274658203
2022-10-07,81.3499984741211
2022-10-10,77.98999786376953
2022-10-11,78.66000366210938
2022-10-12,79.04000091552734
2022-10-13,77.68000030517578
2022-10-14,73.12999725341797
2022-10-17,73.79000091552734
2022-10-18,76.77999877929688
2022-10-19,71.11000061035156
2022-10-20,70.54000091552734
2022-10-21,72.61000061035156
2022-10-24,63.97999954223633
2022-10-25,66.91000366210938
2022-10-26,67.70999908447266
2022-10-27,67.87000274658203
2022-10-28,70.05999755859375
2022-10-31,70.66000366210938
2022-11-01,73.19999694824219
2022-11-02,71.3499984741211
2022-11-03,71.12999725341797
2022-11-04,70.56999969482422
2022-11-07,72.29000091552734
2022-11-08,70.1500015258789
2022-11-09,69.22000122070312
2022-11-10,75.5999984741211
2022-11-11,82.25
2022-11-14,82.54000091552734
2022-11-15,84.0
2022-11-16,81.98999786376953
2022-11-17,77.38999938964844
2022-11-18,77.48999786376953
2022-11-21,75.30000305175781
2022-11-22,75.45999908447266
2022-11-23,75.52999877929688
2022-11-25,75.0
2022-11-28,70.05999755859375
2022-11-29,74.68000030517578
2022-11-30,76.83999633789062
2022-12-01,81.54000091552734
2022-12-02,80.04000091552734
2022-12-05,78.0
2022-12-06,73.4800033569336
2022-12-07,75.3499984741211
2022-12-08,78.70999908447266
2022-12-09,75.30000305175781
2022-12-12,77.55999755859375
2022-12-13,75.83000183105469
2022-12-14,76.16000366210938
2022-12-15,74.58999633789062
2022-12-16,74.77999877929688
2022-12-19,73.7699966430664
2022-12-20,75.44000244140625
2022-12-21,78.66000366210938
2022-12-22,79.77999877929688
2022-12-23,73.0
2022-12-27,68.86000061035156
2022-12-28,69.4800033569336
2022-12-29,71.4800033569336
2022-12-30,73.3499984741211
2023-01-03,67.94000244140625
2023-01-04,70.52999877929688
2023-01-05,118.80999755859375
2023-01-06,109.04000091552734
2023-01-09,91.25
2023-01-10,93.02999877929688
2023-01-11,96.69999694824219
2023-01-12,95.69999694824219
2023-01-13,93.98999786376953
2023-01-17,92.26000213623047
2023-01-18,92.83000183105469
2023-01-19,88.02999877929688
2023-01-20,88.48999786376953
2023-01-23,88.01000213623047
2023-01-24,87.66000366210938
2023-01-25,90.16000366210938
2023-01-26,90.05000305175781
2023-01-27,90.9000015258789
2023-01-30,90.73999786376953
2023-01-31,91.18000030517578
2023-02-01,91.12000274658203
2023-02-02,95.08999633789062
2023-02-03,94.22000122070312
2023-02-06,91.88999938964844
2023-02-07,92.43000030517578
2023-02-08,90.12999725341797
2023-02-09,87.5
2023-02-10,85.79000091552734
2023-02-13,86.37999725341797
2023-02-14,86.41000366210938
2023-02-15,87.97000122070312
2023-02-16,86.63999938964844
2023-02-17,84.73999786376953
2023-02-21,80.77999877929688
2023-02-22,82.01000213623047
2023-02-23,78.29000091552734
2023-02-24,76.9800033569336
2023-02-27,77.30000305175781
2023-02-28,76.97000122070312
2023-03-01,76.27999877929688
2023-03-02,75.09500122070312
2023-03-03,78.16000366210938
2023-03-06,75.62999725341797
2023-03-07,74.87999725341797
2023-03-08,74.25
2023-03-09,70.69999694824219
2023-03-10,66.20999908447266
2023-03-13,68.0199966430664
2023-03-14,67.27999877929688
2023-03-15,65.55999755859375
2023-03-16,64.43000030517578
2023-03-17,57.06999969482422
2023-03-20,58.45000076293945
2023-03-21,58.7400016784668
2023-03-22,56.439998626708984
2023-03-23,56.814998626708984
2023-03-24,57.16999816894531
2023-03-27,58.290000915527344
2023-03-28,57.77000045776367
2023-03-29,59.029998779296875
2023-03-30,58.2400016784668
2023-03-31,60.13999938964844
2023-04-03,60.18000030517578
2023-04-04,61.18000030517578
2023-04-05,62.09000015258789
2023-04-06,63.0099983215332
2023-04-10,63.79999923706055
2023-04-11,65.4800033569336
2023-04-12,64.16999816894531
2023-04-13,64.9000015258789
2023-04-14,62.720001220703125
2023-04-17,64.29000091552734
2023-04-18,63.65999984741211
2023-04-19,63.81999969482422
2023-04-20,61.83000183105469
2023-04-21,62.779998779296875
2023-04-24,63.150001525878906
2023-04-25,60.959999084472656
2023-04-26,64.05999755859375
2023-04-27,65.58999633789062
2023-04-28,65.9000015258789
2023-05-01,66.91999816894531
2023-05-02,65.30999755859375
2023-05-03,65.94000244140625
2023-05-04,66.73999786376953
2023-05-05,68.2300033569336
2023-05-08,69.37999725341797
2023-05-09,70.0199966430664
2023-05-10,71.48999786376953
2023-05-11,73.18000030517578
2023-05-12,75.01000213623047
2023-05-15,77.81999969482422
2023-05-16,80.63999938964844
2023-05-17,78.44999694824219
2023-05-18,79.51000213623047
2023-05-19,79.44999694824219
2023-05-22,80.83999633789062
2023-05-23,80.37999725341797
2023-05-24,79.83999633789062
2023-05-25,77.45999908447266
2023-05-26,73.55999755859375
2023-05-30,71.04000091552734
2023-05-31,71.80999755859375
2023-06-01,74.9000015258789
2023-06-02,79.5199966430664
2023-06-05,82.51000213623047
2023-06-06,47.0
2023-06-07,48.65999984741211
2023-06-08,45.5
2023-06-09,42.7599983215332
2023-06-12,44.22999954223633
2023-06-13,45.45000076293945
2023-06-14,45.0
2023-06-15,43.900001525878906
2023-06-16,44.209999084472656
2023-06-20,44.099998474121094
2023-06-21,43.869998931884766
2023-06-22,44.36000061035156
2023-06-23,41.77000045776367
2023-06-26,41.5
2023-06-27,40.91999816894531
2023-06-28,41.349998474121094
2023-06-29,40.290000915527344
2023-06-30,41.5
2023-07-03,42.349998474121094
2023-07-05,41.68000030517578
2023-07-06,40.470001220703125
2023-07-07,41.08000183105469
2023-07-10,41.93000030517578
2023-07-11,40.540000915527344
2023-07-12,40.18000030517578
2023-07-13,40.060001373291016
2023-07-14,39.939998626708984
2023-07-17,40.56999969482422
2023-07-18,39.619998931884766
2023-07-19,39.09000015258789
2023-07-20,38.599998474121094
2023-07-21,38.91999816894531
2023-07-24,38.33000183105469
2023-07-25,38.970001220703125
2023-07-26,40.34000015258789
2023-07-27,33.93000030517578
2023-07-28,33.31999969482422
2023-07-31,32.63999938964844
2023-08-01,32.650001525878906
2023-08-02,30.09000015258789
2023-08-03,29.100000381469727
2023-08-04,28.549999237060547
2023-08-07,26.920000076293945
2023-08-08,27.639999389648438
2023-08-09,29.610000610351562
2023-08-10,30.700000762939453
2023-08-11,31.239999771118164
2023-08-14,30.959999084472656
2023-08-15,31.299999237060547
2023-08-16,31.25
2023-08-17,31.5
2023-08-18,31.049999237060547
2023-08-21,31.149999618530273
2023-08-22,29.760000228881836
2023-08-23,29.940000534057617
2023-08-24,30.0
2023-08-25,29.770000457763672
2023-08-28,18.604999542236328
2023-08-29,20.25
2023-08-30,21.93000030517578
2023-08-31,22.059999465942383
2023-09-01,22.290000915527344
2023-09-05,21.420000076293945
2023-09-06,20.690000534057617
2023-09-07,20.0
2023-09-08,20.030000686645508
2023-09-11,20.489999771118164
2023-09-12,19.950000762939453
2023-09-13,19.940000534057617
2023-09-14,19.6200008392334
2023-09-15,19.299999237060547
2023-09-18,18.81999969482422
2023-09-19,18.18000030517578
2023-09-20,17.780000686645508
2023-09-21,17.59000015258789
2023-09-22,17.350000381469727
2023-09-25,17.34000015258789
2023-09-26,17.25
2023-09-27,17.0
2023-09-28,16.6299991607666
2023-09-29,16.149999618530273
2023-10-02,15.59000015258789
2023-10-03,15.300000190734863
2023-10-04,14.779999732971191
2023-10-05,14.399999618530273
2023-10-06,14.0
2023-10-09,14.5600004196167
2023-10-10,15.40999984741211
2023-10-11,14.460000038146973
2023-10-12,13.65999984741211
2023-10-13,14.210000038146973
2023-10-16,15.239999771118164
2023-10-17,15.630000114440918
2023-10-18,15.25
2023-10-19,14.819999694824219
2023-10-20,14.5600004196167
2023-10-23,14.069999694824219
2023-10-24,14.149999618530273
2023-10-25,14.079999923706055
2023-10-26,13.020000457763672
2023-10-27,12.640000343322754
2023-10-30,13.0600004196167
2023-10-31,13.300000190734863
2023-11-01,13.100000381469727
2023-11-02,13.539999961853027
2023-11-03,13.779999732971191
2023-11-06,12.880000114440918
2023-11-07,12.869999885559082
2023-11-08,12.0600004196167
2023-11-09,11.479999542236328
2023-11-10,11.130000114440918
2023-11-13,11.380000114440918
2023-11-14,12.800000190734863
2023-11-15,12.680000305175781
2023-11-16,11.829999923706055
2023-11-17,12.369999885559082
2023-11-20,12.1899995803833
2023-11-21,12.229999542236328
2023-11-22,11.920000076293945
2023-11-24,12.470000267028809
2023-11-27,11.90999984741211
2023-11-28,12.199999809265137
2023-11-29,12.350000381469727
2023-11-30,12.270000457763672
2023-12-01,12.5
2023-12-04,12.989999771118164
2023-12-05,12.770000457763672
2023-12-06,12.869999885559082
2023-12-07,12.880000114440918
2023-12-08,12.5
2023-12-11,12.3100004196167
2023-12-12,12.329999923706055
2023-12-13,13.220000267028809
2023-12-14,13.569999694824219
2023-12-15,13.5600004196167
2023-12-18,13.399999618530273
2023-12-19,13.630000114440918
2023-12-20,12.920000076293945
2023-12-21,13.350000381469727
2023-12-22,13.300000190734863
2023-12-26,13.529999732971191
2023-12-27,15.180000305175781
2023-12-28,15.779999732971191
2023-12-29,14.930000305175781
2024-01-02,14.399999618530273
2024-01-03,13.369999885559082
2024-01-04,13.5
2024-01-05,13.3100004196167
2024-01-08,14.854999542236328
2024-01-09,14.729999542236328
2024-01-10,14.015000343322754
2024-01-11,13.539999961853027
2024-01-12,13.390000343322754
2024-01-16,12.59000015258789
2024-01-17,12.420000076293945
2024-01-18,14.5
2024-01-19,13.979999542236328
2024-01-22,14.555000305175781
2024-01-23,14.15999984741211
2024-01-24,14.005000114440918
2024-01-25,13.6899995803833
2024-01-26,14.210000038146973
2024-01-29,15.489999771118164
2024-01-30,14.020000457763672
2024-01-31,13.920000076293945
2024-02-01,14.65999984741211
2024-02-02,14.100000381469727
2024-02-05,13.729999542236328
2024-02-06,14.869999885559082
2024-02-07,14.960000038146973
2024-02-08,14.850000381469727
2024-02-09,15.3100004196167
2024-02-12,16.100000381469727
2024-02-13,14.920000076293945
2024-02-14,15.619999885559082
2024-02-15,15.930000305175781
2024-02-16,16.139999389648438
2024-02-20,15.819999694824219
2024-02-21,15.619999885559082
2024-02-22,15.239999771118164
2024-02-23,15.220000267028809
2024-02-26,14.899999618530273
2024-02-27,16.299999237060547
2024-02-28,16.020000457763672
2024-02-29,15.3100004196167
2024-03-01,16.25
2024-03-04,16.43000030517578
2024-03-05,16.299999237060547
2024-03-06,16.649999618530273
2024-03-07,17.290000915527344
2024-03-08,16.540000915527344
2024-03-11,15.989999771118164
2024-03-12,15.289999961853027
2024-03-13,14.819999694824219
2024-03-14,14.609999656677246
2024-03-15,13.979999542236328
2024-03-18,13.819999694824219
2024-03-19,13.539999961853027
2024-03-20,13.630000114440918
2024-03-21,13.949999809265137
2024-03-22,13.210000038146973
2024-03-25,13.199999809265137
2024-03-26,13.069999694824219
2024-03-27,14.640000343322754
2024-03-28,15.630000114440918
2024-04-01,15.489999771118164
2024-04-02,14.390000343322754
2024-04-03,14.420000076293945
2024-04-04,14.289999961853027
2024-04-05,13.739999771118164
2024-04-08,14.180000305175781
2024-04-09,14.880000114440918
2024-04-10,14.619999885559082
2024-04-11,14.119999885559082
2024-04-12,13.569999694824219
2024-04-15,12.720000267028809
2024-04-16,12.460000038146973
2024-04-17,12.050000190734863
2024-04-18,12.050000190734863
2024-04-19,12.09000015258789
2024-04-22,11.829999923706055
2024-04-23,12.055000305175781
2024-04-24,12.34000015258789
2024-04-25,12.229999542236328
2024-04-26,12.635000228881836
2024-04-29,12.800000190734863
2024-04-30,12.239999771118164
2024-05-01,12.739999771118164
2024-05-02,14.1899995803833
2024-05-03,14.779999732971191
2024-05-06,15.550000190734863
2024-05-07,15.529999732971191
2024-05-08,16.030000686645508
2024-05-09,16.1299991607666
2024-05-10,16.469999313354492
2024-05-13,17.979999542236328
2024-05-14,20.31999969482422
2024-05-15,21.049999237060547
2024-05-16,22.170000076293945
2024-05-17,21.989999771118164
2024-05-20,24.049999237060547
2024-05-21,22.75
2024-05-22,23.700000762939453
2024-05-23,22.309999465942383
2024-05-24,23.149999618530273
2024-05-28,22.31999969482422
2024-05-29,22.010000228881836
2024-05-30,22.270000457763672
2024-05-31,22.010000228881836
2024-06-03,23.889999389648438
2024-06-04,22.81999969482422
2024-06-05,23.1299991607666
2024-06-06,22.149999618530273
2024-06-07,21.5
2024-06-10,21.459999084472656
2024-06-11,21.40999984741211
2024-06-12,21.25
2024-06-13,21.520000457763672
2024-06-14,21.34000015258789
2024-06-17,19.399999618530273
2024-06-18,19.440000534057617
2024-06-20,19.174999237060547
2024-06-21,19.06999969482422
2024-06-24,18.719999313354492
2024-06-25,18.040000915527344
2024-06-26,18.15999984741211
2024-06-27,17.6299991607666
2024-06-28,17.1299991607666
2024-07-01,17.350000381469727
2024-07-02,16.799999237060547
2024-07-03,16.8700008392334
2024-07-05,16.780000686645508
2024-07-08,16.0
2024-07-09,16.809999465942383
2024-07-10,16.850000381469727
2024-07-11,17.719999313354492
2024-07-12,17.979999542236328
2024-07-15,17.989999771118164
2024-07-16,19.280000686645508
2024-07-17,19.110000610351562
2024-07-18,18.479999542236328
2024-07-19,18.399999618530273
2024-07-22,18.8799991607666
2024-07-23,18.770000457763672
2024-07-24,18.790000915527344
2024-07-25,18.649999618530273
2024-07-26,19.020000457763672
2024-07-29,20.799999237060547
2024-07-30,23.344999313354492
2024-07-31,22.770000457763672
2024-08-01,21.399999618530273
2024-08-02,20.709999084472656
2024-08-05,20.479999542236328
2024-08-06,19.459999084472656
2024-08-07,19.209999084472656
2024-08-08,19.290000915527344
2024-08-09,18.690000534057617
2024-08-12,18.3799991607666
2024-08-13,18.225000381469727
2024-08-14,17.5
2024-08-15,18.90999984741211
2024-08-16,17.899999618530273
2024-08-19,18.079999923706055
2024-08-20,17.5
2024-08-21,17.5
2024-08-22,16.989999771118164
2024-08-23,18.020000457763672
2024-08-26,18.149999618530273
2024-08-27,18.0
2024-08-28,19.729999542236328
2024-08-29,19.75
2024-08-30,19.440000534057617
2024-09-03,16.75
2024-09-04,16.700000762939453
2024-09-05,18.049999237060547
2024-09-06,16.8799991607666
2024-09-09,16.610000610351562
2024-09-10,16.899999618530273
2024-09-11,17.229999542236328
2024-09-12,17.329999923706055
2024-09-13,18.56999969482422
2024-09-16,17.959999084472656
2024-09-17,18.020000457763672
2024-09-18,17.610000610351562
2024-09-19,17.84000015258789
2024-09-20,17.450000762939453
2024-09-23,16.530000686645508
2024-09-24,16.43000030517578
2024-09-25,15.949999809265137
2024-09-26,15.649999618530273
2024-09-27,15.609999656677246
2024-09-30,15.630000114440918
2024-10-01,14.890000343322754
2024-10-02,15.5
2024-10-03,14.539999961853027
2024-10-04,14.720000267028809
2024-10-07,14.609999656677246
2024-10-08,14.65999984741211
2024-10-09,14.65999984741211
2024-10-10,14.869999885559082
2024-10-11,15.75
2024-10-14,16.059999465942383
2024-10-15,17.780000686645508
2024-10-16,17.8700008392334
2024-10-17,16.899999618530273
2024-10-18,17.209999084472656
2024-10-21,16.270000457763672
2024-10-22,16.149999618530273
2024-10-23,16.18000030517578
2024-10-24,16.3700008392334
2024-10-25,16.739999771118164
2024-10-28,16.6200008392334
2024-10-29,16.889999389648438
2024-10-30,16.989999771118164
2024-10-31,15.180000305175781
2024-11-01,16.18000030517578
2024-11-04,16.59000015258789
2024-11-05,16.6200008392334
2024-11-06,18.100000381469727
2024-11-07,17.649999618530273
2024-11-08,17.440000534057617
2024-11-11,18.190000534057617
2024-11-12,17.81999969482422
2024-11-13,17.889999389648438
2024-11-14,16.56999969482422
2024-11-15,16.110000610351562
2024-11-18,15.729999542236328
2024-11-19,16.479999542236328
2024-11-20,16.860000610351562
2024-11-21,17.09000015258789
2024-11-22,17.729999542236328
2024-11-25,18.780000686645508
2024-11-26,17.8799991607666
2024-11-27,19.690000534057617
2024-11-29,20.040000915527344
2024-12-02,29.850000381469727
2024-12-03,30.510000228881836
2024-12-04,29.229999542236328
2024-12-05,26.600000381469727
2024-12-06,27.959999084472656
2024-12-09,28.649999618530273
2024-12-10,29.719999313354492
2024-12-11,31.1299991607666
2024-12-12,30.059999465942383
2024-12-13,33.40999984741211
2024-12-16,31.75
2024-12-17,32.095001220703125
2024-12-18,31.540000915527344
2024-12-19,30.399999618530273
2024-12-20,30.799999237060547
2024-12-23,30.489999771118164
2024-12-24,30.969999313354492
2024-12-26,31.899999618530273
2024-12-27,30.700000762939453
2024-12-30,30.079999923706055
2024-12-31,29.799999237060547
2025-01-02,29.989999771118164
2025-01-03,30.190000534057617
2025-01-06,29.65999984741211
2025-01-07,29.010000228881836
2025-01-08,28.90999984741211
2025-01-10,27.450000762939453
2025-01-13,27.375
2025-01-14,26.229999542236328
2025-01-15,26.350000381469727
2025-01-16,26.020000457763672
2025-01-17,26.170000076293945
2025-01-21,26.959999084472656
2025-01-22,26.825000762939453
2025-01-23,27.020000457763672
2025-01-24,26.329999923706055
2025-01-27,25.3799991607666
2025-01-28,25.56999969482422
2025-01-29,25.520000457763672
2025-01-30,25.510000228881836
2025-01-31,24.520000457763672
2025-02-03,23.75
2025-02-04,23.670000076293945
2025-02-05,24.18000030517578
2025-02-06,22.93000030517578
2025-02-07,22.25
2025-02-10,21.649999618530273
2025-02-11,21.209999084472656
2025-02-12,21.3700008392334
2025-02-13,21.709999084472656
2025-02-14,22.479999542236328
2025-02-18,22.049999237060547
2025-02-19,21.809999465942383
2025-02-20,21.649999618530273
2025-02-21,22.09000015258789
2025-02-24,21.239999771118164
2025-02-25,21.0
2025-02-26,21.959999084472656
2025-02-27,19.229999542236328
2025-02-28,19.06999969482422
2025-03-03,18.40999984741211
2025-03-04,18.190000534057617
2025-03-05,19.149999618530273
2025-03-06,19.260000228881836
2025-03-07,20.18000030517578
2025-03-10,20.290000915527344
2025-03-11,21.31999969482422
2025-03-12,20.6200008392334
2025-03-13,20.059999465942383
2025-03-14,19.489999771118164
2025-03-17,19.59000015258789
2025-03-18,19.360000610351562
2025-03-19,19.31999969482422
2025-03-20,19.18000030517578
2025-03-21,19.329999923706055
2025-03-24,19.780000686645508
2025-03-25,18.770000457763672
2025-03-26,18.440000534057617
2025-03-27,18.969999313354492
2025-03-28,18.860000610351562
2025-03-31,17.81999969482422
2025-04-01,17.520000457763672
2025-04-02,17.940000534057617
2025-04-03,16.979999542236328
2025-04-04,16.489999771118164
2025-04-07,16.610000610351562
2025-04-08,15.369999885559082
2025-04-09,16.950000762939453
2025-04-10,16.079999923706055
2025-04-11,16.5
2025-04-14,16.549999237060547
2025-04-15,16.459999084472656
2025-04-16,15.829999923706055
2025-04-17,15.579999923706055
2025-04-21,15.579999923706055
2025-04-22,16.510000228881836
2025-04-23,17.770000457763672
2025-04-24,18.549999237060547
2025-04-25,18.5
2025-04-28,18.309999465942383
2025-04-29,18.290000915527344
2025-04-30,18.139999389648438
2025-05-01,17.950000762939453
2025-05-02,18.149999618530273
2025-05-05,17.760000228881836
2025-05-06,16.329999923706055
2025-05-07,16.649999618530273
2025-05-08,17.440000534057617
2025-05-09,17.3799991607666
2025-05-12,18.56999969482422
2025-05-13,18.139999389648438
2025-05-14,17.100000381469727
2025-05-15,17.59000015258789
2025-05-16,17.889999389648438
2025-05-19,17.959999084472656
2025-05-20,18.200000762939453
2025-05-21,17.75
2025-05-22,18.110000610351562
2025-05-23,18.540000915527344
2025-05-27,19.18000030517578
2025-05-28,19.3700008392334
2025-05-29,19.399999618530273
2025-05-30,19.110000610351562
2025-06-02,17.040000915527344
2025-06-03,17.040000915527344
2025-06-04,16.719999313354492
2025-06-05,16.450000762939453
2025-06-06,17.0
2025-06-09,16.899999618530273
2025-06-10,18.3799991607666
2025-06-11,17.360000610351562
2025-06-12,18.200000762939453
2025-06-13,17.549999237060547
2025-06-16,17.905000686645508
2025-06-17,17.43000030517578
2025-06-18,16.799999237060547
2025-06-20,16.690000534057617
2025-06-23,16.610000610351562
2025-06-24,17.0
2025-06-25,17.325000762939453
2025-06-26,17.100000381469727
2025-06-27,18.0
2025-06-30,17.799999237060547
2025-07-01,17.8799991607666
2025-07-02,17.8799991607666
2025-07-03,17.709999084472656
2025-07-07,16.889999389648438
2025-07-08,17.510000228881836
2025-07-09,18.190000534057617
2025-07-10,18.459999084472656
2025-07-11,17.600000381469727
2025-07-14,17.420000076293945
2025-07-15,16.790000915527344
2025-07-16,16.59000015258789
2025-07-17,16.209999084472656
2025-07-18,16.020000457763672
2025-07-21,16.100000381469727
2025-07-22,16.299999237060547
2025-07-23,16.510000228881836
2025-07-24,12.539999961853027
2025-07-25,12.039999961853027
2025-07-28,11.640000343322754
2025-07-29,11.375
2025-07-30,10.970000267028809
2025-07-31,11.569999694824219
2025-08-01,11.319999694824219
2025-08-04,11.760000228881836
2025-08-05,11.430000305175781
2025-08-06,11.390000343322754
2025-08-07,11.510000228881836
2025-08-08,11.130000114440918
2025-08-11,10.899999618530273
2025-08-12,11.34000015258789
2025-08-13,11.619999885559082
2025-08-14,11.59000015258789
2025-08-15,11.729999542236328
2025-08-18,12.09000015258789
2025-08-19,12.069999694824219
2025-08-20,11.779999732971191
2025-08-21,11.90999984741211
2025-08-22,12.430000305175781
2025-08-25,11.699999809265137
2025-08-26,11.829999923706055
2025-08-27,11.90999984741211
2025-08-28,12.024999618530273
2025-08-29,12.329999923706055
2025-09-02,12.1899995803833
2025-09-03,12.079999923706055
2025-09-04,11.979999542236328
2025-09-05,12.279999732971191
2025-09-08,12.600000381469727
2025-09-09,12.65999984741211
2025-09-10,12.210000038146973
2025-09-11,12.729999542236328
2025-09-12,12.149999618530273
2025-09-15,12.720000267028809
2025-09-16,12.680000305175781
2025-09-17,12.6899995803833
2025-09-18,13.0
2025-09-19,12.6899995803833
