Date,PAGS
2018-01-24,28.336618423461914
2018-01-25,28.433658599853516
2018-01-26,28.326913833618164
2018-01-29,27.15268898010254
2018-01-30,26.65776824951172
2018-01-31,27.113872528076172
2018-02-01,26.68688201904297
2018-02-02,26.793630599975586
2018-02-05,26.61895179748535
2018-02-06,26.61895179748535
2018-02-07,27.317663192749023
2018-02-08,27.15268898010254
2018-02-09,27.17209815979004
2018-02-12,27.540861129760742
2018-02-13,27.045944213867188
2018-02-14,27.007125854492188
2018-02-15,28.220165252685547
2018-02-16,29.462318420410156
2018-02-20,30.762697219848633
2018-02-21,31.403182983398438
2018-02-22,31.23820686340332
2018-02-23,31.412885665893555
2018-02-26,31.500225067138672
2018-02-27,31.471113204956055
2018-02-28,31.286731719970703
2018-03-01,31.170276641845703
2018-03-02,32.35420608520508
2018-03-05,32.56770324707031
2018-03-06,33.732215881347656
2018-03-07,34.062164306640625
2018-03-08,33.76133346557617
2018-03-09,34.207733154296875
2018-03-12,35.11993408203125
2018-03-13,34.87732696533203
2018-03-14,34.43092727661133
2018-03-15,34.14950180053711
2018-03-16,33.59635925292969
2018-03-19,32.42213439941406
2018-03-20,33.55754089355469
2018-03-21,34.93555450439453
2018-03-22,34.54737854003906
2018-03-23,34.7996940612793
2018-03-26,36.48824691772461
2018-03-27,36.352386474609375
2018-03-28,36.003028869628906
2018-03-29,37.186954498291016
2018-04-02,37.13843536376953
2018-04-03,37.94389343261719
2018-04-04,36.82789611816406
2018-04-05,36.43972396850586
2018-04-06,34.65412902832031
2018-04-09,34.130096435546875
2018-04-10,34.14950180053711
2018-04-11,34.081573486328125
2018-04-12,33.77103805541992
2018-04-13,33.44108963012695
2018-04-16,33.53813552856445
2018-04-17,36.18741226196289
2018-04-18,36.226234436035156
2018-04-19,36.10977554321289
2018-04-20,35.6536750793457
2018-04-23,34.66383743286133
2018-04-24,32.81031036376953
2018-04-25,31.56815528869629
2018-04-26,32.849124908447266
2018-04-27,31.684608459472656
2018-04-30,32.24745559692383
2018-05-01,33.3731575012207
2018-05-02,32.08248519897461
2018-05-03,30.77239990234375
2018-05-04,30.31629753112793
2018-05-07,31.150869369506836
2018-05-08,30.6268367767334
2018-05-09,31.0732364654541
2018-05-10,30.801513671875
2018-05-11,31.383773803710938
2018-05-14,31.616676330566406
2018-05-15,31.25761604309082
2018-05-16,31.587562561035156
2018-05-17,31.985441207885742
2018-05-18,31.170276641845703
2018-05-21,31.03441619873047
2018-05-22,31.422592163085938
2018-05-23,33.29552459716797
2018-05-24,34.013641357421875
2018-05-25,34.353294372558594
2018-05-29,30.879148483276367
2018-05-30,32.67444610595703
2018-05-31,32.286277770996094
2018-06-01,33.47990417480469
2018-06-04,33.120845794677734
2018-06-05,31.868988037109375
2018-06-06,32.27656936645508
2018-06-07,28.928579330444336
2018-06-08,29.937829971313477
2018-06-11,30.85003662109375
2018-06-12,30.374523162841797
2018-06-13,31.04412078857422
2018-06-14,32.48036193847656
2018-06-15,32.36391067504883
2018-06-18,31.150869369506836
2018-06-19,26.5898380279541
2018-06-20,27.64760971069336
2018-06-21,28.559816360473633
2018-06-22,29.54965591430664
2018-06-25,28.783016204833984
2018-06-26,28.530702590942383
2018-06-27,26.347230911254883
2018-06-28,26.997419357299805
2018-06-29,26.92949104309082
2018-07-02,26.327821731567383
2018-07-03,26.11432647705078
2018-07-05,26.978010177612305
2018-07-06,27.045944213867188
2018-07-09,27.15268898010254
2018-07-10,26.61895179748535
2018-07-11,26.11432647705078
2018-07-12,25.570884704589844
2018-07-13,26.492795944213867
2018-07-16,26.2016658782959
2018-07-17,25.522363662719727
2018-07-18,25.988170623779297
2018-07-19,24.746017456054688
2018-07-20,26.056100845336914
2018-07-23,26.92949104309082
2018-07-24,27.026533126831055
2018-07-25,28.220165252685547
2018-07-26,28.637451171875
2018-07-27,27.958147048950195
2018-07-30,27.764062881469727
2018-07-31,26.124032974243164
2018-08-01,25.65822410583496
2018-08-02,25.570884704589844
2018-08-03,26.745107650756836
2018-08-06,26.793630599975586
2018-08-07,26.1628475189209
2018-08-08,26.395753860473633
2018-08-09,27.744651794433594
2018-08-10,27.550565719604492
2018-08-13,27.16239356994629
2018-08-14,27.472930908203125
2018-08-15,25.638816833496094
2018-08-16,25.99787712097168
2018-08-17,25.96876335144043
2018-08-20,25.124486923217773
2018-08-21,24.348140716552734
2018-08-22,24.50341033935547
2018-08-23,24.328731536865234
2018-08-24,25.085670471191406
2018-08-27,25.638816833496094
2018-08-28,25.522363662719727
2018-08-29,25.988170623779297
2018-08-30,25.02744483947754
2018-08-31,28.035781860351562
2018-09-04,27.482635498046875
2018-09-05,25.95905876159668
2018-09-06,25.066261291503906
2018-09-07,25.784379959106445
2018-09-10,25.677631378173828
2018-09-11,25.609703063964844
2018-09-12,25.784379959106445
2018-09-13,26.4345703125
2018-09-14,26.2404842376709
2018-09-17,25.99787712097168
2018-09-18,26.521909713745117
2018-09-19,27.579679489135742
2018-09-20,28.191051483154297
2018-09-21,27.83199119567871
2018-09-24,27.366186141967773
2018-09-25,27.45352554321289
2018-09-26,26.415159225463867
2018-09-27,26.774221420288086
2018-09-28,26.851856231689453
2018-10-01,27.29825210571289
2018-10-02,27.44382095336914
2018-10-03,28.783016204833984
2018-10-04,26.92949104309082
2018-10-05,26.15314483642578
2018-10-08,27.094465255737305
2018-10-09,28.13282585144043
2018-10-10,25.046852111816406
2018-10-11,25.677631378173828
2018-10-12,26.21137237548828
2018-10-15,26.871265411376953
2018-10-16,29.520544052124023
2018-10-17,30.34541130065918
2018-10-18,29.42350196838379
2018-10-19,29.015918731689453
2018-10-22,30.801513671875
2018-10-23,29.986351013183594
2018-10-24,28.87035369873047
2018-10-25,28.39484214782715
2018-10-26,26.48309326171875
2018-10-29,24.668384552001953
2018-10-30,25.192415237426758
2018-10-31,26.19196128845215
2018-11-01,27.19150733947754
2018-11-02,26.366640090942383
2018-11-05,26.318119049072266
2018-11-06,27.055646896362305
2018-11-07,27.16239356994629
2018-11-08,24.68779182434082
2018-11-09,23.785289764404297
2018-11-12,21.650339126586914
2018-11-13,21.8153133392334
2018-11-14,22.49461555480957
2018-11-15,23.872629165649414
2018-11-16,22.873085021972656
2018-11-19,20.52463722229004
2018-11-20,20.679906845092773
2018-11-21,21.26216697692871
2018-11-23,20.893404006958008
2018-11-26,21.7182674407959
2018-11-27,23.387413024902344
2018-11-28,25.231233596801758
2018-11-29,25.454431533813477
2018-11-30,23.290369033813477
2018-12-03,21.989992141723633
2018-12-04,21.00985336303711
2018-12-06,20.58286476135254
2018-12-07,20.728429794311523
2018-12-10,20.718725204467773
2018-12-11,20.81576919555664
2018-12-12,21.174827575683594
2018-12-13,20.184988021850586
2018-12-14,20.214099884033203
2018-12-17,19.020469665527344
2018-12-18,19.379528045654297
2018-12-19,18.777862548828125
2018-12-20,17.943288803100586
2018-12-21,16.972858428955078
2018-12-24,17.12812614440918
2018-12-26,17.78801918029785
2018-12-27,17.438663482666016
2018-12-28,17.739498138427734
2018-12-31,18.176193237304688
2019-01-02,18.913721084594727
2019-01-03,18.282939910888672
2019-01-04,19.922971725463867
2019-01-07,20.58286476135254
2019-01-08,21.00985336303711
2019-01-09,21.368915557861328
2019-01-10,21.388324737548828
2019-01-11,21.24275779724121
2019-01-14,20.57316017150879
2019-01-15,20.29173469543457
2019-01-16,20.62168312072754
2019-01-17,20.611976623535156
2019-01-18,21.72797393798828
2019-01-22,21.689157485961914
2019-01-23,21.689157485961914
2019-01-24,22.174373626708984
2019-01-25,22.25200843811035
2019-01-28,21.29128074645996
2019-01-29,20.408187866210938
2019-01-30,20.893404006958008
2019-01-31,20.932220458984375
2019-02-01,21.99969482421875
2019-02-04,22.2228946685791
2019-02-05,22.543136596679688
2019-02-06,22.23259925842285
2019-02-07,21.98028564453125
2019-02-08,22.106443405151367
2019-02-11,22.24230194091797
2019-02-12,22.543136596679688
2019-02-13,22.698406219482422
2019-02-14,22.688701629638672
2019-02-15,22.892492294311523
2019-02-19,23.057466506958008
2019-02-20,22.873085021972656
2019-02-21,22.174373626708984
2019-02-22,25.347686767578125
2019-02-25,26.70629119873047
2019-02-26,27.259435653686523
2019-02-27,27.37588882446289
2019-02-28,27.29825210571289
2019-03-01,27.14298439025879
2019-03-04,27.550565719604492
2019-03-05,27.68642807006836
2019-03-06,26.783926010131836
2019-03-07,26.17255401611328
2019-03-08,26.298709869384766
2019-03-11,27.89992332458496
2019-03-12,27.502044677734375
2019-03-13,28.006669998168945
2019-03-14,27.540861129760742
2019-03-15,27.618497848510742
2019-03-18,27.987260818481445
2019-03-19,29.268230438232422
2019-03-20,29.200300216674805
2019-03-21,29.86989974975586
2019-03-22,28.715084075927734
2019-03-25,28.055191040039062
2019-03-26,29.501134872436523
2019-03-27,29.704927444458008
2019-03-28,29.35556983947754
2019-03-29,28.967397689819336
2019-04-01,29.413795471191406
2019-04-02,29.045032501220703
2019-04-03,29.35556983947754
2019-04-04,28.36573028564453
2019-04-05,28.17164421081543
2019-04-08,28.074600219726562
2019-04-09,27.909626007080078
2019-04-10,28.239574432373047
2019-04-11,27.78346824645996
2019-04-12,27.62820053100586
2019-04-15,27.64760971069336
2019-04-16,27.67672348022461
2019-04-17,27.20121192932129
2019-04-18,24.551931381225586
2019-04-22,24.920696258544922
2019-04-23,25.532066345214844
2019-04-24,25.65822410583496
2019-04-25,25.764970779418945
2019-04-26,25.803789138793945
2019-04-29,25.590293884277344
2019-04-30,25.289459228515625
2019-05-01,25.20212173461914
2019-05-02,25.095373153686523
2019-05-03,26.347230911254883
2019-05-06,26.58013343811035
2019-05-07,26.347230911254883
2019-05-08,26.415159225463867
2019-05-09,26.570430755615234
2019-05-10,26.69658660888672
2019-05-13,25.14389419555664
2019-05-14,24.93039894104004
2019-05-15,27.269142150878906
2019-05-16,29.433204650878906
2019-05-17,28.986806869506836
2019-05-20,29.277935028076172
2019-05-21,29.734039306640625
2019-05-22,30.29688835144043
2019-05-23,30.393932342529297
2019-05-24,31.13146209716797
2019-05-28,31.820466995239258
2019-05-29,31.286731719970703
2019-05-30,31.820466995239258
2019-05-31,31.0732364654541
2019-06-03,30.180438995361328
2019-06-04,32.35420608520508
2019-06-05,32.839420318603516
2019-06-06,33.83896255493164
2019-06-07,34.71235275268555
2019-06-10,35.13934326171875
2019-06-11,35.294612884521484
2019-06-12,35.15875244140625
2019-06-13,35.76041793823242
2019-06-14,34.489158630371094
2019-06-17,34.77058410644531
2019-06-18,35.53722381591797
2019-06-19,35.372249603271484
2019-06-20,36.294158935546875
2019-06-21,36.478538513183594
2019-06-24,36.197113037109375
2019-06-25,35.98362350463867
2019-06-26,36.711448669433594
2019-06-27,36.527061462402344
2019-06-28,37.81774139404297
2019-07-01,37.3907470703125
2019-07-02,38.351478576660156
2019-07-03,39.16664123535156
2019-07-05,39.31220245361328
2019-07-08,39.486881256103516
2019-07-09,40.01091766357422
2019-07-10,41.709171295166016
2019-07-11,41.660648345947266
2019-07-12,42.2234992980957
2019-07-15,42.669898986816406
2019-07-16,43.41713333129883
2019-07-17,44.32933807373047
2019-07-18,44.61076354980469
2019-07-19,44.29051971435547
2019-07-22,46.08582305908203
2019-07-23,45.435630798339844
2019-07-24,44.91159439086914
2019-07-25,44.53312683105469
2019-07-26,46.89127731323242
2019-07-29,45.86261749267578
2019-07-30,43.125999450683594
2019-07-31,42.19438552856445
2019-08-01,43.766483306884766
2019-08-02,44.29051971435547
2019-08-05,41.990596771240234
2019-08-06,43.46565628051758
2019-08-07,43.45594787597656
2019-08-08,45.58119583129883
2019-08-09,44.59135818481445
2019-08-12,43.52387619018555
2019-08-13,45.416221618652344
2019-08-14,44.4457893371582
2019-08-15,45.144500732421875
2019-08-16,50.01606750488281
2019-08-19,48.356632232666016
2019-08-20,47.44442367553711
2019-08-21,49.79287338256836
2019-08-22,50.792415618896484
2019-08-23,49.45322036743164
2019-08-26,48.8127326965332
2019-08-27,48.61864471435547
2019-08-28,48.8903694152832
2019-08-29,48.7933235168457
2019-08-30,48.4827880859375
2019-09-03,48.62834930419922
2019-09-04,49.880210876464844
2019-09-05,51.31644821166992
2019-09-06,50.1422233581543
2019-09-09,45.64912796020508
2019-09-10,42.57285690307617
2019-09-11,43.261863708496094
2019-09-12,45.62001037597656
2019-09-13,44.51371765136719
2019-09-16,44.5234260559082
2019-09-17,46.347835540771484
2019-09-18,45.94995880126953
2019-09-19,47.11447525024414
2019-09-20,46.08582305908203
2019-09-23,44.795143127441406
2019-09-24,44.0382080078125
2019-09-25,45.64912796020508
2019-09-26,46.49340057373047
2019-09-27,44.38756561279297
2019-09-30,44.940711975097656
2019-10-01,44.814552307128906
2019-10-02,42.34965515136719
2019-10-03,43.71796417236328
2019-10-04,44.795143127441406
2019-10-07,44.14495849609375
2019-10-08,42.961029052734375
2019-10-09,43.61121368408203
2019-10-10,43.13570785522461
2019-10-11,44.32933807373047
2019-10-14,44.92129898071289
2019-10-15,39.39954376220703
2019-10-16,38.36117935180664
2019-10-17,39.21516036987305
2019-10-18,37.7012825012207
2019-10-21,37.7983283996582
2019-10-22,34.55708694458008
2019-10-23,37.167545318603516
2019-10-24,36.97346115112305
2019-10-25,37.22577667236328
2019-10-28,36.604698181152344
2019-10-29,36.23593521118164
2019-10-30,36.84730911254883
2019-10-31,35.98362350463867
2019-11-01,36.070960998535156
2019-11-04,34.65412902832031
2019-11-05,33.091732025146484
2019-11-06,33.043209075927734
2019-11-07,32.05337142944336
2019-11-08,32.781192779541016
2019-11-11,34.03305435180664
2019-11-12,35.168460845947266
2019-11-13,35.032596588134766
2019-11-14,35.42076873779297
2019-11-15,35.459590911865234
2019-11-18,36.65321731567383
2019-11-19,35.67308044433594
2019-11-20,29.57876968383789
2019-11-21,30.09309959411621
2019-11-22,31.801061630249023
2019-11-25,32.66474151611328
2019-11-26,31.247913360595703
2019-11-27,32.6356315612793
2019-11-29,32.93646240234375
2019-12-02,30.81121826171875
2019-12-03,30.733583450317383
2019-12-04,29.675811767578125
2019-12-05,27.880512237548828
2019-12-06,27.967851638793945
2019-12-09,27.65731430053711
2019-12-10,27.133281707763672
2019-12-11,27.89992332458496
2019-12-12,28.89946937561035
2019-12-13,29.491430282592773
2019-12-16,30.81121826171875
2019-12-17,30.801513671875
2019-12-18,31.082937240600586
2019-12-19,31.082937240600586
2019-12-20,32.169822692871094
2019-12-23,32.80060577392578
2019-12-24,32.8685302734375
2019-12-26,33.33434295654297
2019-12-27,33.51872634887695
2019-12-30,32.266868591308594
2019-12-31,33.149959564208984
2020-01-02,34.18832015991211
2020-01-03,34.18832015991211
2020-01-06,34.33388900756836
2020-01-07,33.819557189941406
2020-01-08,33.51872634887695
2020-01-09,34.87732696533203
2020-01-10,34.93555450439453
2020-01-13,35.13934326171875
2020-01-14,35.56633758544922
2020-01-15,35.83805465698242
2020-01-16,35.110233306884766
2020-01-17,34.93555450439453
2020-01-21,34.14950180053711
2020-01-22,34.159210205078125
2020-01-23,33.936012268066406
2020-01-24,33.732215881347656
2020-01-27,32.266868591308594
2020-01-28,33.68369674682617
2020-01-29,33.32463836669922
2020-01-30,33.19847869873047
2020-01-31,31.529338836669922
2020-02-03,32.36391067504883
2020-02-04,32.9461669921875
2020-02-05,33.44108963012695
2020-02-06,32.30568313598633
2020-02-07,31.306137084960938
2020-02-10,31.490522384643555
2020-02-11,32.208641052246094
2020-02-12,32.266868591308594
2020-02-13,33.41197967529297
2020-02-14,34.178619384765625
2020-02-18,33.83896255493164
2020-02-19,35.7895393371582
2020-02-20,36.032142639160156
2020-02-21,35.49840545654297
2020-02-24,33.65458297729492
2020-02-25,33.023799896240234
2020-02-26,33.54783630371094
2020-02-27,31.771949768066406
2020-02-28,30.442455291748047
2020-03-02,30.9567813873291
2020-03-03,31.56815528869629
2020-03-04,31.70401382446289
2020-03-05,28.637451171875
2020-03-06,26.68688201904297
2020-03-09,23.46504783630371
2020-03-10,26.560726165771484
2020-03-11,25.17300796508789
2020-03-12,20.31114387512207
2020-03-13,22.620771408081055
2020-03-16,19.5930233001709
2020-03-17,19.34071159362793
2020-03-18,15.245488166809082
2020-03-19,16.41000747680664
2020-03-20,15.47839069366455
2020-03-23,14.507959365844727
2020-03-24,16.37118911743164
2020-03-25,19.398937225341797
2020-03-26,20.864290237426758
2020-03-27,18.263530731201172
2020-03-30,18.884607315063477
2020-03-31,18.758451461791992
2020-04-01,17.952993392944336
2020-04-02,18.34116554260254
2020-04-03,16.807884216308594
2020-04-06,19.166032791137695
2020-04-07,19.447460174560547
2020-04-08,21.087488174438477
2020-04-09,21.165122985839844
2020-04-13,19.83563232421875
2020-04-14,20.631385803222656
2020-04-15,20.14617156982422
2020-04-16,20.437297821044922
2020-04-17,20.971036911010742
2020-04-20,20.437297821044922
2020-04-21,19.389232635498047
2020-04-22,20.893404006958008
2020-04-23,21.378620147705078
2020-04-24,20.02971649169922
2020-04-27,20.912809371948242
2020-04-28,22.416980743408203
2020-04-29,24.64897346496582
2020-04-30,24.581045150756836
2020-05-01,24.804244995117188
2020-05-04,25.308868408203125
2020-05-05,26.3763427734375
2020-05-06,27.996965408325195
2020-05-07,27.16239356994629
2020-05-08,27.78346824645996
2020-05-11,26.910079956054688
2020-05-12,25.231233596801758
2020-05-13,22.97012710571289
2020-05-14,22.319936752319336
2020-05-15,23.921152114868164
2020-05-18,26.531614303588867
2020-05-19,26.512203216552734
2020-05-20,26.13373565673828
2020-05-21,25.44472885131836
2020-05-22,25.522363662719727
2020-05-26,27.269142150878906
2020-05-27,29.36527442932129
2020-05-28,28.928579330444336
2020-05-29,30.791810989379883
2020-06-01,32.04366683959961
2020-06-02,31.364364624023438
2020-06-03,33.829261779785156
2020-06-04,34.440635681152344
2020-06-05,35.54692840576172
2020-06-08,35.7119026184082
2020-06-09,36.39120101928711
2020-06-10,36.80848693847656
2020-06-11,33.66428756713867
2020-06-12,35.83805465698242
2020-06-15,34.93555450439453
2020-06-16,36.080665588378906
2020-06-17,35.86716842651367
2020-06-18,35.411067962646484
2020-06-19,35.061710357666016
2020-06-22,34.91614532470703
2020-06-23,35.275203704833984
2020-06-24,33.96512222290039
2020-06-25,34.440635681152344
2020-06-26,33.256710052490234
2020-06-29,34.120391845703125
2020-06-30,34.29507064819336
2020-07-01,34.87732696533203
2020-07-02,36.352386474609375
2020-07-06,36.76967239379883
2020-07-07,37.643062591552734
2020-07-08,37.546016693115234
2020-07-09,36.39120101928711
2020-07-10,36.070960998535156
2020-07-13,34.071868896484375
2020-07-14,34.14950180053711
2020-07-15,34.89673614501953
2020-07-16,34.03305435180664
2020-07-17,35.042301177978516
2020-07-20,37.08991241455078
2020-07-21,36.75026321411133
2020-07-22,37.52660369873047
2020-07-23,36.15829849243164
2020-07-24,36.04184341430664
2020-07-27,36.77937698364258
2020-07-28,36.556175231933594
2020-07-29,38.351478576660156
2020-07-30,38.244728088378906
2020-07-31,37.09961700439453
2020-08-03,37.565425872802734
2020-08-04,37.84685134887695
2020-08-05,38.34177017211914
2020-08-06,39.3025016784668
2020-08-07,39.03077697753906
2020-08-10,37.10932540893555
2020-08-11,36.624107360839844
2020-08-12,37.98271179199219
2020-08-13,38.93373107910156
2020-08-14,38.38058853149414
2020-08-17,39.93328094482422
2020-08-18,41.4277458190918
2020-08-19,40.63199234008789
2020-08-20,40.76784896850586
2020-08-21,41.81591796875
2020-08-24,42.52433395385742
2020-08-25,43.42683410644531
2020-08-26,42.883392333984375
2020-08-27,42.883392333984375
2020-08-28,42.902801513671875
2020-08-31,40.89400863647461
2020-09-01,42.50492477416992
2020-09-02,41.21425247192383
2020-09-03,38.64260482788086
2020-09-04,37.96330261230469
2020-09-08,36.23593521118164
2020-09-09,36.15829849243164
2020-09-10,35.56633758544922
2020-09-11,34.120391845703125
2020-09-14,35.21697998046875
2020-09-15,36.15829849243164
2020-09-16,36.148597717285156
2020-09-17,36.381500244140625
2020-09-18,36.39120101928711
2020-09-21,36.410614013671875
2020-09-22,37.69158172607422
2020-09-23,35.255802154541016
2020-09-24,35.294612884521484
2020-09-25,36.197113037109375
2020-09-28,36.614402770996094
2020-09-29,36.430023193359375
2020-09-30,36.594993591308594
2020-10-01,37.98271179199219
2020-10-02,37.381046295166016
2020-10-05,37.633358001708984
2020-10-06,37.3907470703125
2020-10-07,38.817283630371094
2020-10-08,39.6712646484375
2020-10-09,40.612579345703125
2020-10-12,39.68096923828125
2020-10-13,39.25397872924805
2020-10-14,38.37088394165039
2020-10-15,38.03123092651367
2020-10-16,38.29324722290039
2020-10-19,37.594539642333984
2020-10-20,38.07005310058594
2020-10-21,39.2442741394043
2020-10-22,38.186500549316406
2020-10-23,39.28308868408203
2020-10-26,37.69158172607422
2020-10-27,37.662471771240234
2020-10-28,35.440181732177734
2020-10-29,36.265045166015625
2020-10-30,35.52751922607422
2020-11-02,36.381500244140625
2020-11-03,37.45867919921875
2020-11-04,39.6324462890625
2020-11-05,42.3399543762207
2020-11-06,42.91250991821289
2020-11-09,42.31083679199219
2020-11-10,42.51462936401367
2020-11-11,42.97072982788086
2020-11-12,42.08763885498047
2020-11-13,42.34965515136719
2020-11-16,42.91250991821289
2020-11-17,43.90235137939453
2020-11-18,42.64078140258789
2020-11-19,42.64078140258789
2020-11-20,41.3112907409668
2020-11-23,42.699012756347656
2020-11-24,45.24154281616211
2020-11-25,46.71660232543945
2020-11-27,46.27020263671875
2020-11-30,45.95966339111328
2020-12-01,47.007728576660156
2020-12-02,46.55162811279297
2020-12-03,46.435176849365234
2020-12-04,46.74571228027344
2020-12-07,45.988773345947266
2020-12-08,46.86216354370117
2020-12-09,45.086273193359375
2020-12-10,45.212432861328125
2020-12-11,46.017887115478516
2020-12-14,48.3663330078125
2020-12-15,51.18058776855469
2020-12-16,52.34510803222656
2020-12-17,52.9661865234375
2020-12-18,52.76239013671875
2020-12-21,52.47126007080078
2020-12-22,53.1796760559082
2020-12-23,52.25776672363281
2020-12-24,52.22865295410156
2020-12-28,53.00499725341797
2020-12-29,52.54889678955078
2020-12-30,54.276268005371094
2020-12-31,55.198177337646484
2021-01-04,52.8885498046875
2021-01-05,52.781803131103516
2021-01-06,50.724483489990234
2021-01-07,52.20924377441406
2021-01-08,52.985591888427734
2021-01-11,51.31644821166992
2021-01-12,51.21940612792969
2021-01-13,51.27763366699219
2021-01-14,51.821075439453125
2021-01-15,50.9573860168457
2021-01-19,53.26701736450195
2021-01-20,56.352989196777344
2021-01-21,55.42137908935547
2021-01-22,54.43153381347656
2021-01-25,52.33540344238281
2021-01-26,49.97725296020508
2021-01-27,45.58119583129883
2021-01-28,48.20136260986328
2021-01-29,47.50265121459961
2021-02-01,50.47216796875
2021-02-02,52.62653350830078
2021-02-03,51.724029541015625
2021-02-04,53.60667037963867
2021-02-05,54.55769348144531
2021-02-08,55.53782653808594
2021-02-09,57.68247985839844
2021-02-10,59.671871185302734
2021-02-11,60.08915328979492
2021-02-12,59.99211120605469
2021-02-16,59.69127655029297
2021-02-17,59.19635772705078
2021-02-18,57.96390914916992
2021-02-19,59.63304901123047
2021-02-22,56.62471008300781
2021-02-23,56.333580017089844
2021-02-24,56.22683334350586
2021-02-25,53.664894104003906
2021-02-26,56.34328842163086
2021-03-01,59.86595153808594
2021-03-02,58.332672119140625
2021-03-03,53.99483871459961
2021-03-04,51.0738410949707
2021-03-05,51.52994155883789
2021-03-08,47.9781608581543
2021-03-09,50.02577209472656
2021-03-10,48.1140251159668
2021-03-11,50.65655517578125
2021-03-12,50.21015548706055
2021-03-15,49.92873001098633
2021-03-16,49.02622985839844
2021-03-17,48.69628143310547
2021-03-18,45.68794250488281
2021-03-19,46.80393981933594
2021-03-22,46.376949310302734
2021-03-23,45.92084503173828
2021-03-24,44.193477630615234
2021-03-25,44.78544235229492
2021-03-26,44.63017272949219
2021-03-29,42.99013900756836
2021-03-30,44.27111053466797
2021-03-31,44.93100357055664
2021-04-01,47.09506607055664
2021-04-05,46.23138427734375
2021-04-06,46.87186813354492
2021-04-07,45.48414993286133
2021-04-08,46.79423904418945
2021-04-09,46.50310134887695
2021-04-12,45.163909912109375
2021-04-13,45.70734786987305
2021-04-14,44.5428352355957
2021-04-15,45.028053283691406
2021-04-16,44.940711975097656
2021-04-19,43.28126907348633
2021-04-20,42.40788269042969
2021-04-21,43.65974044799805
2021-04-22,43.863529205322266
2021-04-23,44.35844802856445
2021-04-26,46.1634521484375
2021-04-27,46.94950485229492
2021-04-28,46.87186813354492
2021-04-29,45.095977783203125
2021-04-30,44.38756561279297
2021-05-03,43.53358459472656
2021-05-04,41.951778411865234
2021-05-05,41.7965087890625
2021-05-06,40.77755355834961
2021-05-07,42.058528900146484
2021-05-10,41.09779739379883
2021-05-11,40.54465103149414
2021-05-12,38.448516845703125
2021-05-13,37.400455474853516
2021-05-14,39.768306732177734
2021-05-17,40.23411178588867
2021-05-18,40.758148193359375
2021-05-19,41.8353271484375
2021-05-20,43.941162109375
2021-05-21,44.63987350463867
2021-05-24,44.164363861083984
2021-05-25,45.38711166381836
2021-05-26,46.81364440917969
2021-05-27,47.560874938964844
2021-05-28,47.65791702270508
2021-06-01,47.221221923828125
2021-06-02,49.39499282836914
2021-06-03,51.17088317871094
2021-06-04,50.35572052001953
2021-06-07,50.43335723876953
2021-06-08,50.1422233581543
2021-06-09,49.94813919067383
2021-06-10,50.7633056640625
2021-06-11,50.9573860168457
2021-06-14,51.559059143066406
2021-06-15,50.00636291503906
2021-06-16,50.7633056640625
2021-06-17,52.005455017089844
2021-06-18,53.47080612182617
2021-06-21,52.752685546875
2021-06-22,53.42228698730469
2021-06-23,53.52903366088867
2021-06-24,54.69355010986328
2021-06-25,54.76148223876953
2021-06-28,53.888092041015625
2021-06-29,54.69355010986328
2021-06-30,54.266563415527344
2021-07-01,55.34374237060547
2021-07-02,56.139495849609375
2021-07-06,55.04290771484375
2021-07-07,54.40242385864258
2021-07-08,50.08399963378906
2021-07-09,52.005455017089844
2021-07-12,50.2392692565918
2021-07-13,50.48188018798828
2021-07-14,50.13252258300781
2021-07-15,49.268836975097656
2021-07-16,49.97725296020508
2021-07-19,49.46292495727539
2021-07-20,53.674598693847656
2021-07-21,55.4407844543457
2021-07-22,55.955116271972656
2021-07-23,56.45973587036133
2021-07-26,54.6062126159668
2021-07-27,51.90841293334961
2021-07-28,53.32524490356445
2021-07-29,54.96527099609375
2021-07-30,53.800750732421875
2021-08-02,55.4990119934082
2021-08-03,54.208335876464844
2021-08-04,53.58726119995117
2021-08-05,54.32478713989258
2021-08-06,55.033203125
2021-08-09,55.867774963378906
2021-08-10,56.090972900390625
2021-08-11,56.401512145996094
2021-08-12,55.4019660949707
2021-08-13,57.080814361572266
2021-08-16,54.897342681884766
2021-08-17,54.40242385864258
2021-08-18,55.20787811279297
2021-08-19,54.45094680786133
2021-08-20,55.188472747802734
2021-08-23,55.70280456542969
2021-08-24,56.45003128051758
2021-08-25,57.49810028076172
2021-08-26,56.071563720703125
2021-08-27,59.1284294128418
2021-08-30,58.51705551147461
2021-08-31,57.71159744262695
2021-09-01,58.691734313964844
2021-09-02,57.381649017333984
2021-09-03,56.74116516113281
2021-09-07,56.27535629272461
2021-09-08,54.10158920288086
2021-09-09,54.72266387939453
2021-09-10,54.32478713989258
2021-09-13,54.266563415527344
2021-09-14,52.937068939208984
2021-09-15,53.29612731933594
2021-09-16,54.07247543334961
2021-09-17,54.81970977783203
2021-09-20,53.93661880493164
2021-09-21,53.897796630859375
2021-09-22,55.052608489990234
2021-09-23,55.62516784667969
2021-09-24,55.081722259521484
2021-09-27,54.67414474487305
2021-09-28,51.559059143066406
2021-09-29,50.39453887939453
2021-09-30,50.19074630737305
2021-10-01,51.22911071777344
2021-10-04,47.96845626831055
2021-10-05,44.85337448120117
2021-10-06,43.68885040283203
2021-10-07,43.82471466064453
2021-10-08,35.48870086669922
2021-10-11,31.412885665893555
2021-10-12,35.86716842651367
2021-10-13,33.790443420410156
2021-10-14,34.11069107055664
2021-10-15,36.18741226196289
2021-10-18,35.48870086669922
2021-10-19,36.604698181152344
2021-10-20,38.235023498535156
2021-10-21,37.94389343261719
2021-10-22,36.58529281616211
2021-10-25,37.7983283996582
2021-10-26,37.575130462646484
2021-10-27,35.042301177978516
2021-10-28,35.54692840576172
2021-10-29,35.129642486572266
2021-11-01,35.40135955810547
2021-11-02,34.05246353149414
2021-11-03,33.4313850402832
2021-11-04,32.75208282470703
2021-11-05,33.44108963012695
2021-11-08,33.60606384277344
2021-11-09,32.9461669921875
2021-11-10,32.45124816894531
2021-11-11,33.023799896240234
2021-11-12,34.24654769897461
2021-11-15,36.070960998535156
2021-11-16,34.91614532470703
2021-11-17,31.587562561035156
2021-11-18,29.81167221069336
2021-11-19,28.84123992919922
2021-11-22,26.813037872314453
2021-11-23,26.036693572998047
2021-11-24,26.92949104309082
2021-11-26,26.056100845336914
2021-11-29,25.367094039916992
2021-11-30,24.804244995117188
2021-12-01,24.095827102661133
2021-12-02,25.541770935058594
2021-12-03,24.066715240478516
2021-12-06,25.337982177734375
2021-12-07,27.18180274963379
2021-12-08,27.987260818481445
2021-12-09,27.230323791503906
2021-12-10,27.21091651916504
2021-12-13,26.551021575927734
2021-12-14,25.68733787536621
2021-12-15,26.70629119873047
2021-12-16,24.46459197998047
2021-12-17,24.4257755279541
2021-12-20,23.43593406677246
2021-12-21,24.823652267456055
2021-12-22,24.843061447143555
2021-12-23,25.92024040222168
2021-12-27,25.99787712097168
2021-12-28,25.502954483032227
2021-12-29,24.862470626831055
2021-12-30,26.11432647705078
2021-12-31,25.44472885131836
2022-01-03,27.754358291625977
2022-01-04,24.920696258544922
2022-01-05,22.892492294311523
2022-01-06,23.125394821166992
2022-01-07,22.99924087524414
2022-01-10,22.48491096496582
2022-01-11,23.717361450195312
2022-01-12,23.921152114868164
2022-01-13,22.853673934936523
2022-01-14,21.78620147705078
2022-01-18,20.107351303100586
2022-01-19,20.340255737304688
2022-01-20,20.641090393066406
2022-01-21,20.126760482788086
2022-01-24,20.641090393066406
2022-01-25,20.08794403076172
2022-01-26,20.06853485107422
2022-01-27,19.408641815185547
2022-01-28,20.252918243408203
2022-01-31,21.951175689697266
2022-02-01,22.174373626708984
2022-02-02,19.53479766845703
2022-02-03,16.846702575683594
2022-02-04,17.36102867126465
2022-02-07,16.934040069580078
2022-02-08,16.69143295288086
2022-02-09,17.768611907958984
2022-02-10,17.225168228149414
2022-02-11,16.798179626464844
2022-02-14,16.749658584594727
2022-02-15,18.001514434814453
2022-02-16,17.137828826904297
2022-02-17,15.847156524658203
2022-02-18,15.264896392822266
2022-02-22,14.808794021606445
2022-02-23,14.614706993103027
2022-02-24,15.206670761108398
2022-02-25,15.439574241638184
2022-02-28,15.468687057495117
2022-03-01,15.061105728149414
2022-03-02,14.847611427307129
2022-03-03,13.838361740112305
2022-03-04,13.013493537902832
2022-03-07,11.97513198852539
2022-03-08,12.23714828491211
2022-03-09,13.042607307434082
2022-03-10,12.567094802856445
2022-03-11,12.23714828491211
2022-03-14,11.548141479492188
2022-03-15,12.140106201171875
2022-03-16,14.06156063079834
2022-03-17,14.139195442199707
2022-03-18,17.322214126586914
2022-03-21,16.545866012573242
2022-03-22,18.05974006652832
2022-03-23,19.60272789001465
2022-03-24,21.00985336303711
2022-03-25,19.136920928955078
2022-03-28,19.175739288330078
2022-03-29,19.8453369140625
2022-03-30,19.437755584716797
2022-03-31,19.457162857055664
2022-04-01,20.456708908081055
2022-04-04,20.883699417114258
2022-04-05,19.719179153442383
2022-04-06,19.56391143798828
2022-04-07,18.41880226135254
2022-04-08,17.6424560546875
2022-04-11,17.36102867126465
2022-04-12,16.904926300048828
2022-04-13,17.069900512695312
2022-04-14,16.594388961791992
2022-04-18,16.17710304260254
2022-04-19,17.031082153320312
2022-04-20,15.866564750671387
2022-04-21,14.663228034973145
2022-04-22,14.110082626342773
2022-04-25,14.944653511047363
2022-04-26,14.352689743041992
2022-04-27,14.342986106872559
2022-04-28,14.779680252075195
2022-04-29,14.275055885314941
2022-05-02,14.401211738586426
2022-05-03,13.964518547058105
2022-05-04,14.08096981048584
2022-05-05,12.751477241516113
2022-05-06,11.96542739868164
2022-05-09,10.432145118713379
2022-05-10,10.509779930114746
2022-05-11,9.743138313293457
2022-05-12,9.917816162109375
2022-05-13,13.071720123291016
2022-05-16,11.887792587280273
2022-05-17,12.780591011047363
2022-05-18,12.72236442565918
2022-05-19,13.954813003540039
2022-05-20,13.70250129699707
2022-05-23,13.789839744567871
2022-05-24,12.955268859863281
2022-05-25,13.59575366973877
2022-05-26,14.275055885314941
2022-05-27,15.138740539550781
2022-05-31,14.90583610534668
2022-06-01,14.410917282104492
2022-06-02,15.429869651794434
2022-06-03,15.77922534942627
2022-06-06,16.14798927307129
2022-06-07,16.516754150390625
2022-06-08,16.69143295288086
2022-06-09,12.72236442565918
2022-06-10,12.023653030395508
2022-06-13,11.1017427444458
2022-06-14,10.87854290008545
2022-06-15,11.47050666809082
2022-06-16,10.393327713012695
2022-06-17,10.752388000488281
2022-06-21,10.587413787841797
2022-06-22,10.50007438659668
2022-06-23,10.170127868652344
2022-06-24,10.810613632202148
2022-06-27,10.568005561828613
2022-06-28,9.917816162109375
2022-06-29,9.75284194946289
2022-06-30,9.937224388122559
2022-07-01,9.888702392578125
2022-07-05,10.461256980895996
2022-07-06,10.208946228027344
2022-07-07,10.325397491455078
2022-07-08,10.568005561828613
2022-07-11,10.024563789367676
2022-07-12,10.325397491455078
2022-07-13,10.432145118713379
2022-07-14,9.78195571899414
2022-07-15,10.102197647094727
2022-07-18,10.344805717468262
2022-07-19,10.791204452514648
2022-07-20,11.208490371704102
2022-07-21,10.956178665161133
2022-07-22,10.568005561828613
2022-07-25,10.655344009399414
2022-07-26,10.082789421081543
2022-07-27,10.616525650024414
2022-07-28,10.606822967529297
2022-07-29,10.52918815612793
2022-08-01,10.422440528869629
2022-08-02,10.558300971984863
2022-08-03,11.868383407592773
2022-08-04,14.585594177246094
2022-08-05,14.20712661743164
2022-08-08,14.789384841918945
2022-08-09,14.789384841918945
2022-08-10,15.866564750671387
2022-08-11,14.148900032043457
2022-08-12,14.517663955688477
2022-08-15,14.818497657775879
2022-08-16,14.459437370300293
2022-08-17,14.20712661743164
2022-08-18,13.925701141357422
2022-08-19,12.450643539428711
2022-08-22,12.32448673248291
2022-08-23,13.59575366973877
2022-08-24,14.828202247619629
2022-08-25,14.605003356933594
2022-08-26,16.20621681213379
2022-08-29,14.90583610534668
2022-08-30,14.692342758178711
2022-08-31,15.080513954162598
2022-09-01,14.634115219116211
2022-09-02,14.634115219116211
2022-09-06,14.06156063079834
2022-09-07,14.527368545532227
2022-09-08,14.265351295471191
2022-09-09,15.53661823272705
2022-09-12,16.041242599487305
2022-09-13,15.177557945251465
2022-09-14,15.206670761108398
2022-09-15,15.187261581420898
2022-09-16,14.498254776000977
2022-09-19,14.90583610534668
2022-09-20,14.556480407714844
2022-09-21,14.575889587402344
2022-09-22,13.644275665283203
2022-09-23,13.29491901397705
2022-09-26,12.23714828491211
2022-09-27,12.644729614257812
2022-09-28,13.547232627868652
2022-09-29,12.615616798400879
2022-09-30,12.838815689086914
2022-10-03,14.119787216186523
2022-10-04,15.070810317993164
2022-10-05,14.92524528503418
2022-10-06,15.070810317993164
2022-10-07,14.886427879333496
2022-10-10,14.372098922729492
2022-10-11,13.70250129699707
2022-10-12,13.789839744567871
2022-10-13,13.789839744567871
2022-10-14,13.032902717590332
2022-10-17,13.857769966125488
2022-10-18,13.945109367370605
2022-10-19,13.469596862792969
2022-10-20,13.08142375946045
2022-10-21,13.527823448181152
2022-10-24,13.178467750549316
2022-10-25,14.05185604095459
2022-10-26,13.08142375946045
2022-10-27,12.935859680175781
2022-10-28,12.897042274475098
2022-10-31,13.275510787963867
2022-11-01,14.381803512573242
2022-11-02,13.60545825958252
2022-11-03,13.983925819396973
2022-11-04,12.838815689086914
2022-11-07,12.615616798400879
2022-11-08,12.644729614257812
2022-11-09,12.140106201171875
2022-11-10,12.392417907714844
2022-11-11,13.372553825378418
2022-11-14,13.149354934692383
2022-11-15,13.498709678649902
2022-11-16,12.188627243041992
2022-11-17,11.266716003417969
2022-11-18,11.713114738464355
2022-11-21,11.887792587280273
2022-11-22,11.654890060424805
2022-11-23,9.956632614135742
2022-11-25,9.587869644165039
2022-11-28,9.75284194946289
2022-11-29,9.539347648620605
2022-11-30,10.218648910522461
2022-12-01,9.442303657531738
2022-12-02,9.490825653076172
2022-12-05,8.957087516784668
2022-12-06,8.82122802734375
2022-12-07,8.530097961425781
2022-12-08,8.830931663513184
2022-12-09,8.733888626098633
2022-12-12,8.539802551269531
2022-12-13,8.103108406066895
2022-12-14,8.064291000366211
2022-12-15,7.6664137840271
2022-12-16,7.472326755523682
2022-12-19,7.598483085632324
2022-12-20,7.65670919418335
2022-12-21,8.171037673950195
2022-12-22,8.122516632080078
2022-12-23,8.365124702453613
2022-12-27,8.238967895507812
2022-12-28,8.103108406066895
2022-12-29,8.423351287841797
2022-12-30,8.481575965881348
2023-01-03,7.9963603019714355
2023-01-04,8.277785301208496
2023-01-05,8.297194480895996
2023-01-06,8.67566204071045
2023-01-09,8.92797565460205
2023-01-10,8.937679290771484
2023-01-11,9.228809356689453
2023-01-12,9.296738624572754
2023-01-13,9.17058277130127
2023-01-17,8.80181884765625
2023-01-18,8.860045433044434
2023-01-19,8.714479446411133
2023-01-20,8.607731819152832
2023-01-23,8.82122802734375
2023-01-24,9.073539733886719
2023-01-25,9.335556030273438
2023-01-26,10.024563789367676
2023-01-27,10.13131046295166
2023-01-30,9.587869644165039
2023-01-31,9.79166030883789
2023-02-01,9.801363945007324
2023-02-02,9.878998756408691
2023-02-03,9.354965209960938
2023-02-06,8.937679290771484
2023-02-07,8.92797565460205
2023-02-08,8.966792106628418
2023-02-09,8.976496696472168
2023-02-10,8.82122802734375
2023-02-13,8.966792106628418
2023-02-14,9.044426918029785
2023-02-15,9.374373435974121
2023-02-16,9.151174545288086
2023-02-17,8.937679290771484
2023-02-21,8.646550178527832
2023-02-22,8.69507122039795
2023-02-23,8.753297805786133
2023-02-24,8.598028182983398
2023-02-27,8.403942108154297
2023-02-28,8.41364574432373
2023-03-01,8.30689811706543
2023-03-02,8.209855079650879
2023-03-03,8.656253814697266
2023-03-06,8.636844635009766
2023-03-07,8.578619956970215
2023-03-08,8.966792106628418
2023-03-09,8.530097961425781
2023-03-10,8.025473594665527
2023-03-13,7.821682929992676
2023-03-14,8.141925811767578
2023-03-15,8.044881820678711
2023-03-16,7.967247009277344
2023-03-17,7.676117897033691
2023-03-20,7.569370269775391
2023-03-21,8.035177230834961
2023-03-22,7.744048118591309
2023-03-23,7.540256977081299
2023-03-24,7.65670919418335
2023-03-27,7.76345682144165
2023-03-28,8.083699226379395
2023-03-29,8.171037673950195
2023-03-30,8.151628494262695
2023-03-31,8.31660270690918
2023-04-03,7.918725967407227
2023-04-04,7.6664137840271
2023-04-05,7.45291805267334
2023-04-06,7.511144161224365
2023-04-10,7.549961566925049
2023-04-11,8.268081665039062
2023-04-12,8.384533882141113
2023-04-13,8.733888626098633
2023-04-14,8.976496696472168
2023-04-17,8.772706031799316
2023-04-18,8.918270111083984
2023-04-19,8.685367584228516
2023-04-20,8.850339889526367
2023-04-21,8.753297805786133
2023-04-24,8.92797565460205
2023-04-25,8.82122802734375
2023-04-26,8.90856647491455
2023-04-27,9.17058277130127
2023-04-28,9.549052238464355
2023-05-01,9.422895431518555
2023-05-02,9.025018692016602
2023-05-03,9.549052238464355
2023-05-04,9.801363945007324
2023-05-05,10.451554298400879
2023-05-08,10.98529052734375
2023-05-09,10.85913372039795
2023-05-10,11.305533409118652
2023-05-11,11.89749813079834
2023-05-12,11.858680725097656
2023-05-15,12.140106201171875
2023-05-16,11.751932144165039
2023-05-17,12.140106201171875
2023-05-18,12.072175025939941
2023-05-19,11.97513198852539
2023-05-22,12.275965690612793
2023-05-23,12.198330879211426
2023-05-24,11.645184516906738
2023-05-25,11.761635780334473
2023-05-26,10.13131046295166
2023-05-30,9.78195571899414
2023-05-31,9.65579891204834
2023-06-01,9.801363945007324
2023-06-02,9.859589576721191
2023-06-05,9.966338157653809
2023-06-06,10.01485824584961
2023-06-07,9.995450019836426
2023-06-08,9.636390686035156
2023-06-09,9.65579891204834
2023-06-12,9.820772171020508
2023-06-13,10.082789421081543
2023-06-14,9.956632614135742
2023-06-15,9.976040840148926
2023-06-16,9.908111572265625
2023-06-20,10.461256980895996
2023-06-21,10.548596382141113
2023-06-22,9.995450019836426
2023-06-23,9.78195571899414
2023-06-26,9.393782615661621
2023-06-27,9.18028736114502
2023-06-28,9.063836097717285
2023-06-29,9.092947959899902
2023-06-30,9.16087818145752
2023-07-03,9.335556030273438
2023-07-05,9.219104766845703
2023-07-06,8.743593215942383
2023-07-07,8.966792106628418
2023-07-10,9.092947959899902
2023-07-11,9.054130554199219
2023-07-12,9.384078025817871
2023-07-13,9.898406982421875
2023-07-14,9.16087818145752
2023-07-17,9.17058277130127
2023-07-18,9.151174545288086
2023-07-19,9.296738624572754
2023-07-20,9.413190841674805
2023-07-21,10.267171859741211
2023-07-24,10.315692901611328
2023-07-25,10.16042423248291
2023-07-26,10.422440528869629
2023-07-27,9.966338157653809
2023-07-28,10.538891792297363
2023-07-31,11.024107933044434
2023-08-01,11.227898597717285
2023-08-02,10.267171859741211
2023-08-03,10.325397491455078
2023-08-04,9.946928977966309
2023-08-07,10.102197647094727
2023-08-08,9.898406982421875
2023-08-09,9.723730087280273
2023-08-10,9.549052238464355
2023-08-11,9.393782615661621
2023-08-14,9.025018692016602
2023-08-15,9.044426918029785
2023-08-16,8.743593215942383
2023-08-17,8.733888626098633
2023-08-18,8.617437362670898
2023-08-21,8.772706031799316
2023-08-22,8.646550178527832
2023-08-23,8.665959358215332
2023-08-24,8.44275951385498
2023-08-25,8.782410621643066
2023-08-28,8.879453659057617
2023-08-29,9.17058277130127
2023-08-30,8.957087516784668
2023-08-31,8.714479446411133
2023-09-01,9.054130554199219
2023-09-05,8.714479446411133
2023-09-06,8.481575965881348
2023-09-07,8.31660270690918
2023-09-08,8.365124702453613
2023-09-11,8.685367584228516
2023-09-12,8.714479446411133
2023-09-13,8.80181884765625
2023-09-14,8.869749069213867
2023-09-15,8.743593215942383
2023-09-18,8.598028182983398
2023-09-19,8.384533882141113
2023-09-20,8.258377075195312
2023-09-21,8.025473594665527
2023-09-22,8.103108406066895
2023-09-25,7.9963603019714355
2023-09-26,8.064291000366211
2023-09-27,8.151628494262695
2023-09-28,8.403942108154297
2023-09-29,8.355420112609863
2023-10-02,8.39423656463623
2023-10-03,7.860499858856201
2023-10-04,8.229263305664062
2023-10-05,8.238967895507812
2023-10-06,8.200151443481445
2023-10-09,7.986655235290527
2023-10-10,8.44275951385498
2023-10-11,8.200151443481445
2023-10-12,7.976952075958252
2023-10-13,7.6664137840271
2023-10-16,7.482031345367432
2023-10-17,7.569370269775391
2023-10-18,7.3364667892456055
2023-10-19,7.569370269775391
2023-10-20,7.3170576095581055
2023-10-23,7.443213939666748
2023-10-24,7.355875492095947
2023-10-25,7.171493053436279
2023-10-26,7.045336723327637
2023-10-27,6.841546535491943
2023-10-30,6.841546535491943
2023-10-31,6.851250648498535
2023-11-01,6.928884983062744
2023-11-02,7.132675647735596
2023-11-03,7.511144161224365
2023-11-06,7.307353496551514
2023-11-07,7.297648906707764
2023-11-08,7.210309982299805
2023-11-09,7.200605869293213
2023-11-10,7.540256977081299
2023-11-13,7.9963603019714355
2023-11-14,8.151628494262695
2023-11-15,8.471871376037598
2023-11-16,8.384533882141113
2023-11-17,8.792115211486816
2023-11-20,9.034723281860352
2023-11-21,8.850339889526367
2023-11-22,9.354965209960938
2023-11-24,9.374373435974121
2023-11-27,9.345261573791504
2023-11-28,9.558755874633789
2023-11-29,9.65579891204834
2023-11-30,9.78195571899414
2023-12-01,10.51948356628418
2023-12-04,10.451554298400879
2023-12-05,10.111903190612793
2023-12-06,10.276875495910645
2023-12-07,10.024563789367676
2023-12-08,10.16042423248291
2023-12-11,10.189537048339844
2023-12-12,10.170127868652344
2023-12-13,10.364214897155762
2023-12-14,10.781499862670898
2023-12-15,10.781499862670898
2023-12-18,11.11144733428955
2023-12-19,11.567550659179688
2023-12-20,11.257013320922852
2023-12-21,11.519028663635254
2023-12-22,11.586958885192871
2023-12-26,11.771341323852539
2023-12-27,12.208035469055176
2023-12-28,12.353599548339844
2023-12-29,12.101288795471191
2024-01-02,11.761635780334473
2024-01-03,11.606367111206055
2024-01-04,11.402576446533203
2024-01-05,11.994540214538574
2024-01-08,12.518573760986328
2024-01-09,12.013949394226074
2024-01-10,12.101288795471191
2024-01-11,12.23714828491211
2024-01-12,12.130400657653809
2024-01-16,12.431235313415527
2024-01-17,12.373008728027344
2024-01-18,12.38271427154541
2024-01-19,12.227444648742676
2024-01-22,12.460348129272461
2024-01-23,12.353599548339844
2024-01-24,12.431235313415527
2024-01-25,12.751477241516113
2024-01-26,12.926154136657715
2024-01-29,13.256101608276367
2024-01-30,12.770885467529297
2024-01-31,12.489460945129395
2024-02-01,12.984381675720215
2024-02-02,13.08142375946045
2024-02-05,12.790294647216797
2024-02-06,12.994085311889648
2024-02-07,12.819408416748047
2024-02-08,12.838815689086914
2024-02-09,12.906746864318848
2024-02-12,12.780591011047363
2024-02-13,12.508869171142578
2024-02-14,12.858224868774414
2024-02-15,12.916451454162598
2024-02-16,12.537982940673828
2024-02-20,12.431235313415527
2024-02-21,12.479756355285645
2024-02-22,12.586503982543945
2024-02-23,12.770885467529297
2024-02-26,12.955268859863281
2024-02-27,13.362850189208984
2024-02-28,13.421075820922852
2024-02-29,13.508414268493652
2024-03-01,13.285215377807617
2024-03-04,12.702956199645996
2024-03-05,12.334192276000977
2024-03-06,12.518573760986328
2024-03-07,12.770885467529297
2024-03-08,12.74177360534668
2024-03-11,13.062016487121582
2024-03-12,13.29491901397705
2024-03-13,13.58604907989502
2024-03-14,13.57634449005127
2024-03-15,13.498709678649902
2024-03-18,13.65397834777832
2024-03-19,13.450187683105469
2024-03-20,13.945109367370605
2024-03-21,13.877179145812988
2024-03-22,13.527823448181152
2024-03-25,13.508414268493652
2024-03-26,14.032447814941406
2024-03-27,13.935403823852539
2024-03-28,13.857769966125488
2024-04-01,13.547232627868652
2024-04-02,13.324031829833984
2024-04-03,13.246397972106934
2024-04-04,13.18817138671875
2024-04-05,13.071720123291016
2024-04-08,13.178467750549316
2024-04-09,13.129945755004883
2024-04-10,12.547686576843262
2024-04-11,12.518573760986328
2024-04-12,12.208035469055176
2024-04-15,11.87808895111084
2024-04-16,11.48021125793457
2024-04-17,11.324942588806152
2024-04-18,11.208490371704102
2024-04-19,11.140559196472168
2024-04-22,11.441393852233887
2024-04-23,11.49962043762207
2024-04-24,11.344350814819336
2024-04-25,11.47050666809082
2024-04-26,12.305078506469727
2024-04-29,12.275965690612793
2024-04-30,12.081879615783691
2024-05-01,11.95572280883789
2024-05-02,12.217740058898926
2024-05-03,12.431235313415527
2024-05-06,12.596207618713379
2024-05-07,12.421530723571777
2024-05-08,12.489460945129395
2024-05-09,12.295374870300293
2024-05-10,12.227444648742676
2024-05-13,12.295374870300293
2024-05-14,12.24685287475586
2024-05-15,12.36330509185791
2024-05-16,12.402122497558594
2024-05-17,12.38271427154541
2024-05-20,12.596207618713379
2024-05-21,12.635025978088379
2024-05-22,12.110991477966309
2024-05-23,11.907201766967773
2024-05-24,11.907201766967773
2024-05-28,11.713114738464355
2024-05-29,11.295829772949219
2024-05-30,11.742228507995605
2024-05-31,11.887792587280273
2024-06-03,11.926609992980957
2024-06-04,11.519028663635254
2024-06-05,11.528733253479004
2024-06-06,11.713114738464355
2024-06-07,11.713114738464355
2024-06-10,11.557846069335938
2024-06-11,11.295829772949219
2024-06-12,11.344350814819336
2024-06-13,11.198785781860352
2024-06-14,11.121150970458984
2024-06-17,11.062925338745117
2024-06-18,10.820317268371582
2024-06-20,10.946473121643066
2024-06-21,10.810613632202148
2024-06-24,10.781499862670898
2024-06-25,10.839726448059082
2024-06-26,11.00469970703125
2024-06-27,11.441393852233887
2024-06-28,11.344350814819336
2024-07-01,11.150264739990234
2024-07-02,11.266716003417969
2024-07-03,11.567550659179688
2024-07-05,11.635480880737305
2024-07-08,12.178922653198242
2024-07-09,12.266261100769043
2024-07-10,12.537982940673828
2024-07-11,12.848520278930664
2024-07-12,12.916451454162598
2024-07-15,12.926154136657715
2024-07-16,13.2366943359375
2024-07-17,12.974677085876465
2024-07-18,12.38271427154541
2024-07-19,12.576800346374512
2024-07-22,13.003789901733398
2024-07-23,13.139650344848633
2024-07-24,12.867929458618164
2024-07-25,12.80970287322998
2024-07-26,12.955268859863281
2024-07-29,12.683547019958496
2024-07-30,12.32448673248291
2024-07-31,12.402122497558594
2024-08-01,12.023653030395508
2024-08-02,11.684001922607422
2024-08-05,11.402576446533203
2024-08-06,11.354055404663086
2024-08-07,11.276420593261719
2024-08-08,11.84897518157959
2024-08-09,12.149809837341309
2024-08-12,12.052766799926758
2024-08-13,12.470052719116211
2024-08-14,12.74177360534668
2024-08-15,13.479302406311035
2024-08-16,13.751022338867188
2024-08-19,14.168309211730957
2024-08-20,14.15860366821289
2024-08-21,12.101288795471191
2024-08-22,11.383167266845703
2024-08-23,11.39287281036377
2024-08-26,10.975587844848633
2024-08-27,10.665048599243164
2024-08-28,10.577709197998047
2024-08-29,10.412735939025879
2024-08-30,10.742682456970215
2024-09-03,10.732979774475098
2024-09-04,10.286580085754395
2024-09-05,9.413190841674805
2024-09-06,9.122061729431152
2024-09-09,8.8988618850708
2024-09-10,8.850339889526367
2024-09-11,8.90856647491455
2024-09-12,8.782410621643066
2024-09-13,8.850339889526367
2024-09-16,8.753297805786133
2024-09-17,8.957087516784668
2024-09-18,9.025018692016602
2024-09-19,9.277331352233887
2024-09-20,8.792115211486816
2024-09-23,8.80181884765625
2024-09-24,8.88915729522705
2024-09-25,8.627140998840332
2024-09-26,8.549507141113281
2024-09-27,8.67566204071045
2024-09-30,8.355420112609863
2024-10-01,8.219560623168945
2024-10-02,8.073994636535645
2024-10-03,7.957542896270752
2024-10-04,7.986655235290527
2024-10-07,7.957542896270752
2024-10-08,8.112812042236328
2024-10-09,7.841091156005859
2024-10-10,7.909020900726318
2024-10-11,7.928430080413818
2024-10-14,8.122516632080078
2024-10-15,7.986655235290527
2024-10-16,8.083699226379395
2024-10-17,8.093403816223145
2024-10-18,8.171037673950195
2024-10-21,8.122516632080078
2024-10-22,8.044881820678711
2024-10-23,8.083699226379395
2024-10-24,8.044881820678711
2024-10-25,8.025473594665527
2024-10-28,8.112812042236328
2024-10-29,8.083699226379395
2024-10-30,7.986655235290527
2024-10-31,7.802273750305176
2024-11-01,7.821682929992676
2024-11-04,7.9963603019714355
2024-11-05,7.957542896270752
2024-11-06,7.986655235290527
2024-11-07,7.773160934448242
2024-11-08,7.879908561706543
2024-11-11,8.171037673950195
2024-11-12,8.258377075195312
2024-11-13,7.850795745849609
2024-11-14,7.588778972625732
2024-11-15,7.4141011238098145
2024-11-18,7.365579605102539
2024-11-19,7.3364667892456055
2024-11-20,7.3170576095581055
2024-11-21,7.287944793701172
2024-11-22,7.705230712890625
2024-11-25,7.976952075958252
2024-11-26,7.928430080413818
2024-11-27,7.549961566925049
2024-11-29,7.122971534729004
2024-12-02,7.375283718109131
2024-12-03,7.113266944885254
2024-12-04,7.258831977844238
2024-12-05,7.142380237579346
2024-12-06,6.8997721672058105
2024-12-09,6.928884983062744
2024-12-10,6.880363464355469
2024-12-11,6.8900675773620605
2024-12-12,6.744502544403076
2024-12-13,6.841546535491943
2024-12-16,6.511599540710449
2024-12-17,6.569825172424316
2024-12-18,6.036087512969971
2024-12-19,6.074904918670654
2024-12-20,6.210765361785889
2024-12-23,6.1331305503845215
2024-12-24,6.191357135772705
2024-12-26,6.278695583343506
2024-12-27,6.191357135772705
2024-12-30,6.006974697113037
2024-12-31,6.074904918670654
2025-01-02,6.2204694747924805
2025-01-03,6.094313621520996
2025-01-06,6.152539253234863
2025-01-07,6.375738620758057
2025-01-08,6.084609031677246
2025-01-10,6.171947956085205
2025-01-13,6.424260139465332
2025-01-14,6.443668842315674
2025-01-15,6.715389728546143
2025-01-16,6.443668842315674
2025-01-17,6.521303653717041
2025-01-21,6.366034507751465
2025-01-22,6.453373432159424
2025-01-23,6.433964729309082
2025-01-24,6.501894950866699
2025-01-27,6.80272912979126
2025-01-28,6.8900675773620605
2025-01-29,6.851250648498535
2025-01-30,7.4238057136535645
2025-01-31,7.2297186851501465
2025-02-03,7.0744500160217285
2025-02-04,7.608187198638916
2025-02-05,7.617891311645508
2025-02-06,7.443213939666748
2025-02-07,7.210309982299805
2025-02-10,7.404397010803223
2025-02-11,7.472326755523682
2025-02-12,7.355875492095947
2025-02-13,7.511144161224365
2025-02-14,7.802273750305176
2025-02-18,8.015769004821777
2025-02-19,7.879908561706543
2025-02-20,7.918725967407227
2025-02-21,7.811978340148926
2025-02-24,7.549961566925049
2025-02-25,7.65670919418335
2025-02-26,7.685822486877441
2025-02-27,7.46262264251709
2025-02-28,7.142380237579346
2025-03-03,6.928884983062744
2025-03-04,6.870658874511719
2025-03-05,7.307353496551514
2025-03-06,7.3267621994018555
2025-03-07,7.287944793701172
2025-03-10,7.035632133483887
2025-03-11,7.09385871887207
2025-03-12,7.1520843505859375
2025-03-13,7.26853609085083
2025-03-14,7.579074382781982
2025-03-17,8.073994636535645
2025-03-18,7.65670919418335
2025-03-19,8.268081665039062
2025-03-20,8.180743217468262
2025-03-21,8.015769004821777
2025-03-24,8.044881820678711
2025-03-25,8.015769004821777
2025-03-26,7.909020900726318
2025-03-27,7.918725967407227
2025-03-28,7.695526123046875
2025-03-31,7.404397010803223
2025-04-01,7.45291805267334
2025-04-02,7.7537522315979
2025-04-03,8.248672485351562
2025-04-04,7.637300491333008
2025-04-07,7.588778972625732
2025-04-08,7.384988307952881
2025-04-09,8.132221221923828
2025-04-10,7.811978340148926
2025-04-11,8.141925811767578
2025-04-14,8.229263305664062
2025-04-15,8.268081665039062
2025-04-16,8.161334037780762
2025-04-17,8.277785301208496
2025-04-21,8.219560623168945
2025-04-22,9.073539733886719
2025-04-23,8.966792106628418
2025-04-24,9.325852394104004
2025-04-25,9.587869644165039
2025-04-28,9.607277870178223
2025-04-29,9.73343276977539
2025-04-30,9.73343276977539
2025-05-01,9.461712837219238
2025-05-02,9.354965209960938
2025-05-05,9.28703498840332
2025-05-06,9.422895431518555
2025-05-07,9.267626762390137
2025-05-08,9.67520809173584
2025-05-09,9.558755874633789
2025-05-12,9.461712837219238
2025-05-13,9.578164100646973
2025-05-14,9.442303657531738
2025-05-15,8.685367584228516
2025-05-16,8.67566204071045
2025-05-19,8.772706031799316
2025-05-20,8.743593215942383
2025-05-21,8.326306343078613
2025-05-22,8.588323593139648
2025-05-23,8.519302368164062
2025-05-27,8.558743476867676
2025-05-28,8.558743476867676
2025-05-29,8.460139274597168
2025-05-30,8.785530090332031
2025-06-02,8.992595672607422
2025-06-03,9.002456665039062
2025-06-04,8.834831237792969
2025-06-05,8.716507911682129
2025-06-06,8.65734577178955
2025-06-09,8.391118049621582
2025-06-10,8.44041919708252
2025-06-11,8.982735633850098
2025-06-12,8.400978088378906
2025-06-13,8.243212699890137
2025-06-16,9.288405418395996
2025-06-17,9.130640983581543
2025-06-18,9.120779991149902
2025-06-20,8.874272346496582
2025-06-23,8.913713455200195
2025-06-24,9.82086181640625
2025-06-25,9.505331993103027
2025-06-26,9.239103317260742
2025-06-27,9.258824348449707
2025-06-30,9.505331993103027
2025-07-01,9.317985534667969
2025-07-02,9.288405418395996
2025-07-03,9.278544425964355
2025-07-07,9.041897773742676
2025-07-08,9.081338882446289
2025-07-09,9.219383239746094
2025-07-10,8.923574447631836
2025-07-11,8.568602561950684
2025-07-14,8.548882484436035
2025-07-15,8.470000267028809
2025-07-16,8.430000305175781
2025-07-17,8.489999771118164
2025-07-18,7.920000076293945
2025-07-21,8.0
2025-07-22,7.949999809265137
2025-07-23,8.199999809265137
2025-07-24,8.020000457763672
2025-07-25,8.15999984741211
2025-07-28,8.119999885559082
2025-07-29,7.940000057220459
2025-07-30,7.889999866485596
2025-07-31,7.829999923706055
2025-08-01,7.75
2025-08-04,8.010000228881836
2025-08-05,8.050000190734863
2025-08-06,8.300000190734863
2025-08-07,8.199999809265137
2025-08-08,8.510000228881836
2025-08-11,8.520000457763672
2025-08-12,8.9399995803833
2025-08-13,9.4399995803833
2025-08-14,8.75
2025-08-15,9.029999732971191
2025-08-18,9.0600004196167
2025-08-19,8.609999656677246
2025-08-20,8.390000343322754
2025-08-21,8.380000114440918
2025-08-22,8.729999542236328
2025-08-25,8.609999656677246
2025-08-26,8.550000190734863
2025-08-27,8.65999984741211
2025-08-28,8.930000305175781
2025-08-29,8.960000038146973
2025-09-02,9.020000457763672
2025-09-03,9.100000381469727
2025-09-04,9.260000228881836
2025-09-05,9.600000381469727
2025-09-08,9.520000457763672
2025-09-09,9.520000457763672
2025-09-10,9.239999771118164
2025-09-11,9.479999542236328
2025-09-12,9.539999961853027
2025-09-15,9.699999809265137
2025-09-16,10.739999771118164
2025-09-17,10.640000343322754
2025-09-18,10.640000343322754
2025-09-19,10.550000190734863
