Date,PR
2016-04-15,8.911416053771973
2016-04-18,8.911416053771973
2016-04-19,8.911416053771973
2016-04-20,8.911416053771973
2016-04-21,8.911416053771973
2016-04-22,8.911416053771973
2016-04-25,8.911416053771973
2016-04-26,8.911416053771973
2016-04-27,8.911416053771973
2016-04-28,8.911416053771973
2016-04-29,8.911416053771973
2016-05-02,9.000529289245605
2016-05-03,9.000529289245605
2016-05-04,9.000529289245605
2016-05-05,8.911416053771973
2016-05-06,8.911416053771973
2016-05-09,8.911416053771973
2016-05-10,8.911416053771973
2016-05-11,8.911416053771973
2016-05-12,9.000529289245605
2016-05-13,9.000529289245605
2016-05-16,8.948843955993652
2016-05-17,8.850815773010254
2016-05-18,8.84903621673584
2016-05-19,8.911416053771973
2016-05-20,8.982707023620605
2016-05-23,8.929238319396973
2016-05-24,8.955971717834473
2016-05-25,8.955971717834473
2016-05-26,8.911416053771973
2016-05-27,8.911416053771973
2016-05-31,8.947061538696289
2016-06-01,8.859728813171387
2016-06-02,8.955971717834473
2016-06-03,8.982707023620605
2016-06-06,8.982707023620605
2016-06-07,8.964883804321289
2016-06-08,8.955971717834473
2016-06-09,8.955971717834473
2016-06-10,8.920327186584473
2016-06-13,8.920327186584473
2016-06-14,8.902506828308105
2016-06-15,8.902506828308105
2016-06-16,9.437189102172852
2016-06-17,9.437189102172852
2016-06-20,8.822300910949707
2016-06-21,8.742098808288574
2016-06-22,8.857945442199707
2016-06-23,8.857945442199707
2016-06-24,8.857945442199707
2016-06-27,8.733187675476074
2016-06-28,8.733187675476074
2016-06-29,8.733187675476074
2016-06-30,8.733187675476074
2016-07-01,8.644073486328125
2016-07-05,8.751008987426758
2016-07-06,8.733187675476074
2016-07-07,8.733187675476074
2016-07-08,8.733187675476074
2016-07-11,8.777743339538574
2016-07-12,8.733187675476074
2016-07-13,8.822300910949707
2016-07-14,8.822300910949707
2016-07-15,8.777743339538574
2016-07-18,8.777743339538574
2016-07-19,9.045084953308105
2016-07-20,9.089641571044922
2016-07-21,9.089641571044922
2016-07-22,9.428278923034668
2016-07-25,9.526302337646484
2016-07-26,9.579771995544434
2016-07-27,9.936227798461914
2016-07-28,9.94959545135498
2016-07-29,10.016430854797363
2016-08-01,10.060988426208496
2016-08-02,10.060988426208496
2016-08-03,10.016430854797363
2016-08-04,10.176836013793945
2016-08-05,10.167922973632812
2016-08-08,10.167922973632812
2016-08-09,10.328330039978027
2016-08-10,10.907572746276855
2016-08-11,10.871926307678223
2016-08-12,11.005598068237305
2016-08-15,10.871926307678223
2016-08-16,10.818458557128906
2016-08-17,10.595672607421875
2016-08-18,10.871926307678223
2016-08-19,10.720433235168457
2016-08-22,10.729344367980957
2016-08-23,10.675874710083008
2016-08-24,10.916482925415039
2016-08-25,10.871926307678223
2016-08-26,10.827369689941406
2016-08-29,10.978863716125488
2016-08-30,11.206103324890137
2016-08-31,11.17491340637207
2016-09-01,11.540283203125
2016-09-02,11.415522575378418
2016-09-06,11.584839820861816
2016-09-07,12.030411720275879
2016-09-08,12.992843627929688
2016-09-09,13.03740119934082
2016-09-12,12.377955436706543
2016-09-13,12.475981712341309
2016-09-14,12.502717018127441
2016-09-15,12.511627197265625
2016-09-16,12.467069625854492
2016-09-19,12.520538330078125
2016-09-20,12.582917213439941
2016-09-21,12.618563652038574
2016-09-22,12.770057678222656
2016-09-23,12.796792030334473
2016-09-26,12.868083000183105
2016-09-27,12.859171867370605
2016-09-28,12.983932495117188
2016-09-29,13.224538803100586
2016-09-30,14.035477638244629
2016-10-03,14.151328086853027
2016-10-04,14.383023262023926
2016-10-05,14.659279823303223
2016-10-06,14.427581787109375
2016-10-07,14.365201950073242
2016-10-10,14.044390678405762
2016-10-11,14.133504867553711
2016-10-12,14.614720344543457
2016-10-13,14.24935245513916
2016-10-14,13.812694549560547
2016-10-17,13.491883277893066
2016-10-18,13.295833587646484
2016-10-19,13.278008460998535
2016-10-20,12.912641525268555
2016-10-21,13.242362022399902
2016-10-24,12.957197189331055
2016-10-25,12.743324279785156
2016-10-26,12.68985366821289
2016-10-27,12.939374923706055
2016-10-28,13.260186195373535
2016-10-31,13.233451843261719
2016-11-01,13.456238746643066
2016-11-02,13.456238746643066
2016-11-03,13.242362022399902
2016-11-04,13.44732666015625
2016-11-07,13.625554084777832
2016-11-08,13.4295015335083
2016-11-09,13.50970458984375
2016-11-10,13.197805404663086
2016-11-11,12.921552658081055
2016-11-14,12.930464744567871
2016-11-15,13.03740119934082
2016-11-16,12.770057678222656
2016-11-17,12.021499633789062
2016-11-18,12.547273635864258
2016-11-21,13.144336700439453
2016-11-22,13.197805404663086
2016-11-23,13.5899076461792
2016-11-25,13.643377304077148
2016-11-28,14.614720344543457
2016-11-29,14.561251640319824
2016-11-30,16.21877670288086
2016-12-01,16.02272605895996
2016-12-02,16.094013214111328
2016-12-05,16.601966857910156
2016-12-06,16.619789123535156
2016-12-07,16.584144592285156
2016-12-08,16.29897689819336
2016-12-09,16.441566467285156
2016-12-12,16.958423614501953
2016-12-13,17.07427215576172
2016-12-14,16.86039924621582
2016-12-15,17.849565505981445
2016-12-16,17.377260208129883
2016-12-19,17.475284576416016
2016-12-20,17.680246353149414
2016-12-21,17.876300811767578
2016-12-22,17.40399742126465
2016-12-23,17.011890411376953
2016-12-27,17.14556312561035
2016-12-28,17.831741333007812
2016-12-29,17.58222007751465
2016-12-30,17.573312759399414
2017-01-03,17.368349075317383
2017-01-04,17.644601821899414
2017-01-05,17.14556312561035
2017-01-06,16.976245880126953
2017-01-09,16.726726531982422
2017-01-10,16.806930541992188
2017-01-11,16.575231552124023
2017-01-12,16.468290328979492
2017-01-13,16.343536376953125
2017-01-17,16.584144592285156
2017-01-18,16.815837860107422
2017-01-19,16.584144592285156
2017-01-20,16.02272605895996
2017-01-23,16.04945945739746
2017-01-24,16.51285171508789
2017-01-25,16.521766662597656
2017-01-26,16.450469970703125
2017-01-27,16.575231552124023
2017-01-30,16.334625244140625
2017-01-31,16.281152725219727
2017-02-01,16.13857650756836
2017-02-02,16.495031356811523
2017-02-03,16.53067398071289
2017-02-06,16.468290328979492
2017-02-07,16.129661560058594
2017-02-08,16.06728172302246
2017-02-09,16.29006576538086
2017-02-10,16.16530990600586
2017-02-13,15.987081527709961
2017-02-14,16.405916213989258
2017-02-15,16.53067398071289
2017-02-16,16.209863662719727
2017-02-17,16.30788803100586
2017-02-21,16.575231552124023
2017-02-22,16.521766662597656
2017-02-23,16.78911018371582
2017-02-24,16.851484298706055
2017-02-27,17.412904739379883
2017-02-28,16.762371063232422
2017-03-01,16.619789123535156
2017-03-02,16.227684020996094
2017-03-03,16.30788803100586
2017-03-06,16.806930541992188
2017-03-07,16.584144592285156
2017-03-08,16.21877670288086
2017-03-09,15.871230125427246
2017-03-10,15.461305618286133
2017-03-13,16.031635284423828
2017-03-14,16.02272605895996
2017-03-15,16.200952529907227
2017-03-16,16.227684020996094
2017-03-17,16.601966857910156
2017-03-20,16.806930541992188
2017-03-21,16.370269775390625
2017-03-22,16.25442123413086
2017-03-23,15.220697402954102
2017-03-24,15.300899505615234
2017-03-27,15.514775276184082
2017-03-28,16.174217224121094
2017-03-29,16.21877670288086
2017-03-30,16.094013214111328
2017-03-31,16.245508193969727
2017-04-03,16.29897689819336
2017-04-04,16.91386604309082
2017-04-05,16.65543556213379
2017-04-06,17.15447425842285
2017-04-07,16.949514389038086
2017-04-10,17.40399742126465
2017-04-11,17.99214744567871
2017-04-12,17.876300811767578
2017-04-13,17.635690689086914
2017-04-17,17.55548667907715
2017-04-18,17.11882781982422
2017-04-19,16.361356735229492
2017-04-20,15.70191478729248
2017-04-21,15.122671127319336
2017-04-24,14.971175193786621
2017-04-25,15.496952056884766
2017-04-26,15.167229652404785
2017-04-27,14.882062911987305
2017-04-28,14.694923400878906
2017-05-01,14.178061485290527
2017-05-02,14.044390678405762
2017-05-03,14.293910026550293
2017-05-04,14.19588565826416
2017-05-05,14.33846664428711
2017-05-08,14.347378730773926
2017-05-09,14.080038070678711
2017-05-10,14.53451919555664
2017-05-11,14.37411117553711
2017-05-12,14.766214370727539
2017-05-15,14.828594207763672
2017-05-16,14.908798217773438
2017-05-17,14.757304191589355
2017-05-18,14.68601131439209
2017-05-19,14.908798217773438
2017-05-22,14.596898078918457
2017-05-23,14.40975570678711
2017-05-24,14.133504867553711
2017-05-25,13.88398551940918
2017-05-26,14.133504867553711
2017-05-30,13.794870376586914
2017-05-31,13.89289665222168
2017-06-01,14.062211990356445
2017-06-02,13.5899076461792
2017-06-05,13.340388298034668
2017-06-06,13.857250213623047
2017-06-07,12.885906219482422
2017-06-08,13.090868949890137
2017-06-09,13.411680221557617
2017-06-12,13.44732666015625
2017-06-13,13.670112609863281
2017-06-14,13.393857955932617
2017-06-15,12.912641525268555
2017-06-16,12.912641525268555
2017-06-19,13.028491020202637
2017-06-20,13.028491020202637
2017-06-21,13.09977912902832
2017-06-22,13.081957817077637
2017-06-23,13.48297119140625
2017-06-26,13.206717491149902
2017-06-27,13.197805404663086
2017-06-28,13.777047157287598
2017-06-29,13.794870376586914
2017-06-30,14.097859382629395
2017-07-03,14.668188095092773
2017-07-05,13.982010841369629
2017-07-06,13.420592308044434
2017-07-07,12.787880897521973
2017-07-10,13.286920547485352
2017-07-11,13.491883277893066
2017-07-12,13.732490539550781
2017-07-13,13.848340034484863
2017-07-14,14.365201950073242
2017-07-17,14.472140312194824
2017-07-18,14.498872756958008
2017-07-19,14.67709732055664
2017-07-20,14.365201950073242
2017-07-21,14.053300857543945
2017-07-24,14.19588565826416
2017-07-25,14.766214370727539
2017-07-26,15.069201469421387
2017-07-27,15.256343841552734
2017-07-28,15.122671127319336
2017-07-31,14.953354835510254
2017-08-01,14.757304191589355
2017-08-02,14.472140312194824
2017-08-03,13.794870376586914
2017-08-04,14.035477638244629
2017-08-07,14.151328086853027
2017-08-08,14.784037590026855
2017-08-09,14.60580825805664
2017-08-10,14.391935348510742
2017-08-11,14.908798217773438
2017-08-14,14.58798885345459
2017-08-15,14.67709732055664
2017-08-16,14.58798885345459
2017-08-17,14.24935245513916
2017-08-18,14.445403099060059
2017-08-21,14.204795837402344
2017-08-22,14.561251640319824
2017-08-23,15.095940589904785
2017-08-24,15.006826400756836
2017-08-25,15.220697402954102
2017-08-28,15.006826400756836
2017-08-29,15.185051918029785
2017-08-30,14.882062911987305
2017-08-31,15.40783977508545
2017-09-01,15.559332847595215
2017-09-05,15.577155113220215
2017-09-06,15.75092601776123
2017-09-07,15.32763671875
2017-09-08,14.908798217773438
2017-09-11,15.167229652404785
2017-09-12,15.568243980407715
2017-09-13,15.862318992614746
2017-09-14,15.844498634338379
2017-09-15,15.39892578125
2017-09-18,15.960346221923828
2017-09-19,15.666265487670898
2017-09-20,15.951432228088379
2017-09-21,16.040550231933594
2017-09-22,16.094013214111328
2017-09-25,16.851484298706055
2017-09-26,16.949514389038086
2017-09-27,17.10100746154785
2017-09-28,16.628698348999023
2017-09-29,16.013811111450195
2017-10-02,16.29006576538086
2017-10-03,16.370269775390625
2017-10-04,16.593061447143555
2017-10-05,16.548498153686523
2017-10-06,16.343536376953125
2017-10-09,16.334625244140625
2017-10-10,16.379180908203125
2017-10-11,16.74454689025879
2017-10-12,16.753459930419922
2017-10-13,16.646522521972656
2017-10-16,16.691082000732422
2017-10-17,16.343536376953125
2017-10-18,16.53067398071289
2017-10-19,16.468290328979492
2017-10-20,16.53067398071289
2017-10-23,16.566320419311523
2017-10-24,16.887134552001953
2017-10-25,16.593061447143555
2017-10-26,16.503942489624023
2017-10-27,16.976245880126953
2017-10-30,17.19902801513672
2017-10-31,17.31488037109375
2017-11-01,17.332706451416016
2017-11-02,17.14556312561035
2017-11-03,18.081262588500977
2017-11-06,18.482275009155273
2017-11-07,18.731792449951172
2017-11-08,17.849565505981445
2017-11-09,18.054527282714844
2017-11-10,18.00105857849121
2017-11-13,17.903032302856445
2017-11-14,17.626781463623047
2017-11-15,17.28814697265625
2017-11-16,17.546573638916016
2017-11-17,17.894123077392578
2017-11-20,17.876300811767578
2017-11-21,18.125818252563477
2017-11-22,18.51792335510254
2017-11-24,18.500099182128906
2017-11-27,17.849565505981445
2017-11-28,17.671335220336914
2017-11-29,17.644601821899414
2017-11-30,18.081262588500977
2017-12-01,18.366424560546875
2017-12-04,17.769365310668945
2017-12-05,17.341617584228516
2017-12-06,16.815837860107422
2017-12-07,16.824752807617188
2017-12-08,16.86931037902832
2017-12-11,17.297060012817383
2017-12-12,17.190122604370117
2017-12-13,17.24359130859375
2017-12-14,17.17229652404785
2017-12-15,16.780195236206055
2017-12-18,16.949514389038086
2017-12-19,16.92277717590332
2017-12-20,17.190122604370117
2017-12-21,17.680246353149414
2017-12-22,17.947589874267578
2017-12-26,18.428810119628906
2017-12-27,18.018877029418945
2017-12-28,17.97432518005371
2017-12-29,17.644601821899414
2018-01-02,17.822832107543945
2018-01-03,18.116907119750977
2018-01-04,18.152557373046875
2018-01-05,17.929767608642578
2018-01-08,18.018877029418945
2018-01-09,17.885211944580078
2018-01-10,17.65351104736328
2018-01-11,18.081262588500977
2018-01-12,18.081262588500977
2018-01-16,17.75153923034668
2018-01-17,18.214935302734375
2018-01-18,18.099082946777344
2018-01-19,18.51792335510254
2018-01-22,19.150630950927734
2018-01-23,19.360050201416016
2018-01-24,19.025875091552734
2018-01-25,18.223844528198242
2018-01-26,18.304044723510742
2018-01-29,18.820907592773438
2018-01-30,18.64267921447754
2018-01-31,18.18819808959961
2018-02-01,18.161460876464844
2018-02-02,17.510927200317383
2018-02-05,17.10991668701172
2018-02-06,17.475284576416016
2018-02-07,16.958423614501953
2018-02-08,16.334625244140625
2018-02-09,16.129661560058594
2018-02-12,16.637609481811523
2018-02-13,15.969256401062012
2018-02-14,16.887134552001953
2018-02-15,16.717815399169922
2018-02-16,16.726726531982422
2018-02-20,16.584144592285156
2018-02-21,15.951432228088379
2018-02-22,16.450469970703125
2018-02-23,16.887134552001953
2018-02-26,17.163387298583984
2018-02-27,17.19902801513672
2018-02-28,17.002979278564453
2018-03-01,17.377260208129883
2018-03-02,17.760454177856445
2018-03-05,17.876300811767578
2018-03-06,17.28814697265625
2018-03-07,16.361356735229492
2018-03-08,16.094013214111328
2018-03-09,16.094013214111328
2018-03-12,16.10292625427246
2018-03-13,16.343536376953125
2018-03-14,16.601966857910156
2018-03-15,16.08510398864746
2018-03-16,16.236595153808594
2018-03-19,15.960346221923828
2018-03-20,16.450469970703125
2018-03-21,16.878219604492188
2018-03-22,16.174217224121094
2018-03-23,16.209863662719727
2018-03-26,16.477209091186523
2018-03-27,15.603890419006348
2018-03-28,15.69300365447998
2018-03-29,16.352447509765625
2018-04-02,15.79994010925293
2018-04-03,15.603890419006348
2018-04-04,15.229607582092285
2018-04-05,15.621712684631348
2018-04-06,14.92662239074707
2018-04-09,14.766214370727539
2018-04-10,15.167229652404785
2018-04-11,15.443485260009766
2018-04-12,15.211784362792969
2018-04-13,15.47021770477295
2018-04-16,15.532597541809082
2018-04-17,15.550420761108398
2018-04-18,16.593061447143555
2018-04-19,16.691082000732422
2018-04-20,16.86039924621582
2018-04-23,17.10991668701172
2018-04-24,16.459386825561523
2018-04-25,16.468290328979492
2018-04-26,16.200952529907227
2018-04-27,15.871230125427246
2018-04-30,16.486120223999023
2018-05-01,16.53067398071289
2018-05-02,16.584144592285156
2018-05-03,16.245508193969727
2018-05-04,16.468290328979492
2018-05-07,16.904953002929688
2018-05-08,17.368349075317383
2018-05-09,18.214935302734375
2018-05-10,18.214935302734375
2018-05-11,17.412904739379883
2018-05-14,17.430727005004883
2018-05-15,17.573312759399414
2018-05-16,17.038623809814453
2018-05-17,17.591135025024414
2018-05-18,17.546573638916016
2018-05-21,18.134729385375977
2018-05-22,17.626781463623047
2018-05-23,17.252500534057617
2018-05-24,16.806930541992188
2018-05-25,15.987081527709961
2018-05-29,15.76429271697998
2018-05-30,16.557411193847656
2018-05-31,15.684088706970215
2018-06-01,15.078115463256836
2018-06-04,14.561251640319824
2018-06-05,14.650367736816406
2018-06-06,14.623631477355957
2018-06-07,15.29198932647705
2018-06-08,15.087026596069336
2018-06-11,15.149404525756836
2018-06-12,15.488038063049316
2018-06-13,15.603890419006348
2018-06-14,14.953354835510254
2018-06-15,14.516695022583008
2018-06-18,14.68601131439209
2018-06-19,15.416746139526367
2018-06-20,15.728646278381348
2018-06-21,15.39892578125
2018-06-22,16.004899978637695
2018-06-25,15.79994010925293
2018-06-26,16.379180908203125
2018-06-27,16.798017501831055
2018-06-28,16.495031356811523
2018-06-29,16.094013214111328
2018-07-02,15.345454216003418
2018-07-03,15.648443222045898
2018-07-05,15.29198932647705
2018-07-06,15.897964477539062
2018-07-09,16.459386825561523
2018-07-10,16.325714111328125
2018-07-11,16.11183738708496
2018-07-12,16.031635284423828
2018-07-13,15.942523956298828
2018-07-16,15.586065292358398
2018-07-17,15.47021770477295
2018-07-18,15.496952056884766
2018-07-19,15.79994010925293
2018-07-20,15.568243980407715
2018-07-23,15.3721923828125
2018-07-24,15.541509628295898
2018-07-25,15.791028022766113
2018-07-26,15.639533042907715
2018-07-27,15.541509628295898
2018-07-30,16.08510398864746
2018-07-31,16.004899978637695
2018-08-01,16.272241592407227
2018-08-02,16.495031356811523
2018-08-03,15.737561225891113
2018-08-06,15.862318992614746
2018-08-07,16.397003173828125
2018-08-08,16.388092041015625
2018-08-09,16.42374038696289
2018-08-10,16.495031356811523
2018-08-13,16.031635284423828
2018-08-14,16.325714111328125
2018-08-15,15.47021770477295
2018-08-16,15.61280345916748
2018-08-17,15.835583686828613
2018-08-20,15.648443222045898
2018-08-21,16.120752334594727
2018-08-22,16.227684020996094
2018-08-23,16.397003173828125
2018-08-24,16.753459930419922
2018-08-27,16.842575073242188
2018-08-28,16.735637664794922
2018-08-29,16.976245880126953
2018-08-30,17.28814697265625
2018-08-31,17.17229652404785
2018-09-04,17.029714584350586
2018-09-05,17.047534942626953
2018-09-06,16.878219604492188
2018-09-07,17.12773895263672
2018-09-10,17.510927200317383
2018-09-11,18.027788162231445
2018-09-12,18.731792449951172
2018-09-13,18.758529663085938
2018-09-14,18.820907592773438
2018-09-17,18.758529663085938
2018-09-18,18.731792449951172
2018-09-19,18.918933868408203
2018-09-20,18.250579833984375
2018-09-21,18.56247329711914
2018-09-24,19.132810592651367
2018-09-25,19.23974609375
2018-09-26,19.07042694091797
2018-09-27,19.355594635009766
2018-09-28,19.471439361572266
2018-10-01,19.498178482055664
2018-10-02,19.56056022644043
2018-10-03,20.273468017578125
2018-10-04,19.908100128173828
2018-10-05,19.783342361450195
2018-10-08,19.373416900634766
2018-10-09,19.810075759887695
2018-10-10,18.945667266845703
2018-10-11,18.446630477905273
2018-10-12,18.64267921447754
2018-10-15,18.731792449951172
2018-10-16,19.1149845123291
2018-10-17,18.758529663085938
2018-10-18,18.500099182128906
2018-10-19,18.18819808959961
2018-10-22,18.295135498046875
2018-10-23,17.46637535095215
2018-10-24,16.459386825561523
2018-10-25,16.619789123535156
2018-10-26,16.646522521972656
2018-10-29,16.120752334594727
2018-10-30,16.691082000732422
2018-10-31,17.07427215576172
2018-11-01,17.386171340942383
2018-11-02,17.421817779541016
2018-11-05,17.98323631286621
2018-11-06,17.760454177856445
2018-11-07,17.662424087524414
2018-11-08,16.441566467285156
2018-11-09,16.521766662597656
2018-11-12,15.229607582092285
2018-11-13,14.516695022583008
2018-11-14,14.596898078918457
2018-11-15,15.256343841552734
2018-11-16,15.69300365447998
2018-11-19,15.514775276184082
2018-11-20,14.53451919555664
2018-11-21,14.766214370727539
2018-11-23,14.28499984741211
2018-11-26,14.356289863586426
2018-11-27,13.821606636047363
2018-11-28,14.062211990356445
2018-11-29,14.27608871459961
2018-11-30,13.830517768859863
2018-12-03,14.53451919555664
2018-12-04,14.231531143188477
2018-12-06,13.402769088745117
2018-12-07,13.5631742477417
2018-12-10,13.019577980041504
2018-12-11,12.440336227416992
2018-12-12,12.36013126373291
2018-12-13,12.181905746459961
2018-12-14,11.335321426391602
2018-12-17,10.871926307678223
2018-12-18,10.159013748168945
2018-12-19,9.927315711975098
2018-12-20,9.348073959350586
2018-12-21,9.107467651367188
2018-12-24,8.947061538696289
2018-12-26,9.820381164550781
2018-12-27,9.820381164550781
2018-12-28,9.6599760055542
2018-12-31,9.820381164550781
2019-01-02,10.069901466369629
2019-01-03,10.05207633972168
2019-01-04,10.524382591247559
2019-01-07,11.299675941467285
2019-01-08,11.48681640625
2019-01-09,11.780890464782715
2019-01-10,11.771980285644531
2019-01-11,11.611574172973633
2019-01-14,11.852182388305664
2019-01-15,12.030411720275879
2019-01-16,12.262106895446777
2019-01-17,12.39577865600586
2019-01-18,12.654211044311523
2019-01-22,11.754157066345215
2019-01-23,11.531371116638184
2019-01-24,11.397700309753418
2019-01-25,11.647220611572266
2019-01-28,11.513547897338867
2019-01-29,11.584839820861816
2019-01-30,11.994765281677246
2019-01-31,11.736333847045898
2019-02-01,11.870003700256348
2019-02-04,11.87891674041748
2019-02-05,11.495725631713867
2019-02-06,11.460079193115234
2019-02-07,11.103623390197754
2019-02-08,10.925396919250488
2019-02-11,10.987776756286621
2019-02-12,10.987776756286621
2019-02-13,10.961039543151855
2019-02-14,11.183825492858887
2019-02-15,11.567017555236816
2019-02-19,11.495725631713867
2019-02-20,11.67395305633545
2019-02-21,11.005598068237305
2019-02-22,11.183825492858887
2019-02-25,11.326410293579102
2019-02-26,8.768832206726074
2019-02-27,8.60842514038086
2019-02-28,8.08265495300293
2019-03-01,8.260883331298828
2019-03-04,8.287615776062012
2019-03-05,8.118297576904297
2019-03-06,7.752932548522949
2019-03-07,7.744019031524658
2019-03-08,7.735108852386475
2019-03-11,7.752932548522949
2019-03-12,8.073742866516113
2019-03-13,8.091565132141113
2019-03-14,7.957894325256348
2019-03-15,8.180678367614746
2019-03-18,8.260883331298828
2019-03-19,8.047006607055664
2019-03-20,8.10938835144043
2019-03-21,8.251971244812012
2019-03-22,7.761843204498291
2019-03-25,7.824221611022949
2019-03-26,7.948982238769531
2019-03-27,8.01136302947998
2019-03-28,8.020275115966797
2019-03-29,7.833132743835449
2019-04-01,7.877691745758057
2019-04-02,7.88660192489624
2019-04-03,7.521235466003418
2019-04-04,7.735108852386475
2019-04-05,8.14503288269043
2019-04-08,8.519311904907227
2019-04-09,8.207413673400879
2019-04-10,8.412376403808594
2019-04-11,8.029187202453613
2019-04-12,8.581693649291992
2019-04-15,8.938150405883789
2019-04-16,8.955971717834473
2019-04-17,9.143112182617188
2019-04-18,9.18766975402832
2019-04-22,9.62432861328125
2019-04-23,9.677797317504883
2019-04-24,9.561948776245117
2019-04-25,9.544126510620117
2019-04-26,9.535213470458984
2019-04-29,9.410453796386719
2019-04-30,9.383718490600586
2019-05-01,8.857945442199707
2019-05-02,8.768832206726074
2019-05-03,9.125289916992188
2019-05-06,8.955971717834473
2019-05-07,8.53713607788086
2019-05-08,8.635161399841309
2019-05-09,9.000529289245605
2019-05-10,8.893592834472656
2019-05-13,8.51040267944336
2019-05-14,8.697540283203125
2019-05-15,8.982707023620605
2019-05-16,9.19658088684082
2019-05-17,8.947061538696289
2019-05-20,8.87576961517334
2019-05-21,9.009438514709473
2019-05-22,8.474757194519043
2019-05-23,7.85095739364624
2019-05-24,7.761843204498291
2019-05-28,7.521235466003418
2019-05-29,7.521235466003418
2019-05-30,7.2093353271484375
2019-05-31,7.0400190353393555
2019-06-03,6.9954609870910645
2019-06-04,7.129132270812988
2019-06-05,6.728119373321533
2019-06-06,6.647916793823242
2019-06-07,6.540978908538818
2019-06-10,6.505333423614502
2019-06-11,6.309281826019287
2019-06-12,5.96173620223999
2019-06-13,6.139965057373047
2019-06-14,5.703305244445801
2019-06-17,6.157787322998047
2019-06-18,6.19343376159668
2019-06-19,6.220168113708496
2019-06-20,6.594447135925293
2019-06-21,6.478598594665527
2019-06-24,6.478598594665527
2019-06-25,6.4251298904418945
2019-06-26,6.523157119750977
2019-06-27,6.514245510101318
2019-06-28,6.763763904571533
2019-07-01,6.754852294921875
2019-07-02,6.639004230499268
2019-07-03,6.540978908538818
2019-07-05,6.701384544372559
2019-07-08,6.398396015167236
2019-07-09,6.157787322998047
2019-07-10,6.719207763671875
2019-07-11,6.594447135925293
2019-07-12,6.79940938949585
2019-07-15,6.139965057373047
2019-07-16,5.872623443603516
2019-07-17,5.462698459625244
2019-07-18,5.435963153839111
2019-07-19,5.560722827911377
2019-07-22,5.4270524978637695
2019-07-23,5.569634437561035
2019-07-24,5.542900562286377
2019-07-25,5.17753267288208
2019-07-26,5.0705952644348145
2019-07-29,4.883455276489258
2019-07-30,5.293380260467529
2019-07-31,5.3022918701171875
2019-08-01,4.77651834487915
2019-08-02,4.740873336791992
2019-08-05,4.669580936431885
2019-08-06,4.215099811553955
2019-08-07,4.1794538497924805
2019-08-08,4.1883649826049805
2019-08-09,4.099250793457031
2019-08-12,4.036871433258057
2019-08-13,4.02795934677124
2019-08-14,3.6536800861358643
2019-08-15,3.5289206504821777
2019-08-16,3.8140859603881836
2019-08-19,4.143807888031006
2019-08-20,4.295301914215088
2019-08-21,4.1883649826049805
2019-08-22,4.063605308532715
2019-08-23,3.8319091796875
2019-08-26,3.9655797481536865
2019-08-27,3.8853774070739746
2019-08-28,4.081428527832031
2019-08-29,4.330948352813721
2019-08-30,4.295301914215088
2019-09-03,4.27747917175293
2019-09-04,4.544820785522461
2019-09-05,4.286390781402588
2019-09-06,4.072516441345215
2019-09-09,4.197277545928955
2019-09-10,4.259655952453613
2019-09-11,4.099250793457031
2019-09-12,4.02795934677124
2019-09-13,3.9299333095550537
2019-09-16,5.168621063232422
2019-09-17,4.313125133514404
2019-09-18,4.24183464050293
2019-09-19,4.206188201904297
2019-09-20,4.4735307693481445
2019-09-23,4.4289727210998535
2019-09-24,4.197277545928955
2019-09-25,4.1081624031066895
2019-09-26,3.9834024906158447
2019-09-27,4.023503303527832
2019-09-30,4.023503303527832
2019-10-01,3.6358578205108643
2019-10-02,3.5200095176696777
2019-10-03,3.5690221786499023
2019-10-04,3.3818819522857666
2019-10-07,3.413072109222412
2019-10-08,3.243755578994751
2019-10-09,3.2259323596954346
2019-10-10,3.3061347007751465
2019-10-11,3.2972235679626465
2019-10-14,2.9229438304901123
2019-10-15,2.971956729888916
2019-10-16,3.043248414993286
2019-10-17,3.0655267238616943
2019-10-18,2.8427417278289795
2019-10-21,2.816007375717163
2019-10-22,3.1279067993164062
2019-10-23,3.270489454269409
2019-10-24,3.243755578994751
2019-10-25,3.408616542816162
2019-10-28,3.3061347007751465
2019-10-29,3.2972235679626465
2019-10-30,3.0833494663238525
2019-10-31,3.029881715774536
2019-11-01,3.0922608375549316
2019-11-04,3.3596038818359375
2019-11-05,3.163552761077881
2019-11-06,3.1279067993164062
2019-11-07,3.118995428085327
2019-11-08,3.1724634170532227
2019-11-11,3.0744378566741943
2019-11-12,3.043248414993286
2019-11-13,2.914032459259033
2019-11-14,2.816007375717163
2019-11-15,2.967500925064087
2019-11-18,2.807095527648926
2019-11-19,2.6377792358398438
2019-11-20,2.8382856845855713
2019-11-21,2.9318559169769287
2019-11-22,3.020970106124878
2019-11-25,2.9318559169769287
2019-11-26,2.7491719722747803
2019-11-27,2.8605642318725586
2019-11-29,2.753627300262451
2019-12-02,2.7046146392822266
2019-12-03,2.6778805255889893
2019-12-04,2.9942352771759033
2019-12-05,3.038792610168457
2019-12-06,3.2170207500457764
2019-12-09,3.4398062229156494
2019-12-10,3.4308950901031494
2019-12-11,3.3506922721862793
2019-12-12,3.6091232299804688
2019-12-13,3.413072109222412
2019-12-16,3.6670470237731934
2019-12-17,3.8497314453125
2019-12-18,3.8764662742614746
2019-12-19,3.90320086479187
2019-12-20,3.8942887783050537
2019-12-23,4.041327476501465
2019-12-24,4.019049644470215
2019-12-26,4.001224994659424
2019-12-27,3.858642578125
2019-12-30,3.9566683769226074
2019-12-31,4.117072582244873
2020-01-02,4.1794538497924805
2020-01-03,4.26856803894043
2020-01-06,4.464619159698486
2020-01-07,4.455708026885986
2020-01-08,4.1081624031066895
2020-01-09,4.125985622406006
2020-01-10,3.9388458728790283
2020-01-13,3.9210221767425537
2020-01-14,3.992314100265503
2020-01-15,3.9343903064727783
2020-01-16,4.019049644470215
2020-01-17,3.9388458728790283
2020-01-21,3.8140859603881836
2020-01-22,3.693781852722168
2020-01-23,3.475452184677124
2020-01-24,3.2170207500457764
2020-01-27,3.0031471252441406
2020-01-28,3.0655267238616943
2020-01-29,2.9229438304901123
2020-01-30,2.949678897857666
2020-01-31,2.905121326446533
2020-02-03,2.753627300262451
2020-02-04,2.6110451221466064
2020-02-05,2.8338303565979004
2020-02-06,2.7803614139556885
2020-02-07,2.6466901302337646
2020-02-10,2.504107713699341
2020-02-11,2.450639486312866
2020-02-12,2.4773731231689453
2020-02-13,2.370436668395996
2020-02-14,2.3526134490966797
2020-02-18,2.43281626701355
2020-02-19,2.655601739883423
2020-02-20,2.7090704441070557
2020-02-21,2.602133274078369
2020-02-24,2.379347801208496
2020-02-25,2.0407142639160156
2020-02-26,2.0496253967285156
2020-02-27,1.8981314897537231
2020-02-28,2.1120052337646484
2020-03-02,1.9337772130966187
2020-03-03,1.7109917402267456
2020-03-04,1.7555488348007202
2020-03-05,1.657523274421692
2020-03-06,1.3545352220535278
2020-03-09,0.49903926253318787
2020-03-10,0.5533987879753113
2020-03-11,0.43844160437583923
2020-03-12,0.5480520129203796
2020-03-13,0.4972570538520813
2020-03-16,0.4553733468055725
2020-03-17,0.3038792312145233
2020-03-18,0.26912468671798706
2020-03-19,0.39834028482437134
2020-03-20,0.46339356899261475
2020-03-23,0.5079506635665894
2020-03-24,0.40101364254951477
2020-03-25,0.35645657777786255
2020-03-26,0.37606173753738403
2020-03-27,0.32170212268829346
2020-03-30,0.23615248501300812
2020-03-31,0.23437020182609558
2020-04-01,0.22011195123195648
2020-04-02,0.2611044943332672
2020-04-03,0.30566152930259705
2020-04-06,0.2807095944881439
2020-04-07,0.27981850504875183
2020-04-08,0.2985323965549469
2020-04-09,0.3118995130062103
2020-04-13,0.30744385719299316
2020-04-14,0.29407668113708496
2020-04-15,0.25753986835479736
2020-04-16,0.24239055812358856
2020-04-17,0.2584310472011566
2020-04-20,0.2566487491130829
2020-04-21,0.30298811197280884
2020-04-22,0.39210230112075806
2020-04-23,0.5150797367095947
2020-04-24,0.5480520129203796
2020-04-27,0.6353838443756104
2020-04-28,0.7048929333686829
2020-04-29,0.9178757071495056
2020-04-30,1.0515470504760742
2020-05-01,0.8064830899238586
2020-05-04,0.9178757071495056
2020-05-05,0.757470428943634
2020-05-06,0.6478598713874817
2020-05-07,0.686178982257843
2020-05-08,0.7307359576225281
2020-05-11,0.8251970410346985
2020-05-12,0.8314350247383118
2020-05-13,0.7182601094245911
2020-05-14,0.7485588192939758
2020-05-15,0.7512323260307312
2020-05-18,0.852822482585907
2020-05-19,0.8314350247383118
2020-05-20,0.8251970410346985
2020-05-21,0.8020272850990295
2020-05-22,0.9000528454780579
2020-05-26,1.0248126983642578
2020-05-27,1.0470912456512451
2020-05-28,0.9535214900970459
2020-05-29,0.9000528454780579
2020-06-01,0.9401544332504272
2020-06-02,1.00698983669281
2020-06-03,1.00698983669281
2020-06-04,1.0248126983642578
2020-06-05,1.3278008699417114
2020-06-08,1.91595458984375
2020-06-09,1.5639533996582031
2020-06-10,1.3545352220535278
2020-06-11,1.078281283378601
2020-06-12,1.1941295862197876
2020-06-15,1.185218334197998
2020-06-16,1.2119524478912354
2020-06-17,1.0871925354003906
2020-06-18,1.1050153970718384
2020-06-19,1.00698983669281
2020-06-22,0.9446099400520325
2020-06-23,0.9713443517684937
2020-06-24,0.873318612575531
2020-06-25,0.9089644551277161
2020-06-26,0.81895911693573
2020-06-29,0.8483667373657227
2020-06-30,0.7931158542633057
2020-07-01,0.787769079208374
2020-07-02,0.7806400656700134
2020-07-06,0.7405385971069336
2020-07-07,0.7922248840332031
2020-07-08,0.757470428943634
2020-07-09,0.6826144456863403
2020-07-10,0.7369741201400757
2020-07-13,0.7093486785888672
2020-07-14,0.686178982257843
2020-07-15,0.8020272850990295
2020-07-16,0.7779666781425476
2020-07-17,0.739647388458252
2020-07-20,0.7236069440841675
2020-07-21,0.8136122822761536
2020-07-22,0.8162856698036194
2020-07-23,0.8153946399688721
2020-07-24,0.8020272850990295
2020-07-27,0.7628171443939209
2020-07-28,0.7663816809654236
2020-07-29,0.7663816809654236
2020-07-30,0.7271714210510254
2020-07-31,0.7013282775878906
2020-08-03,0.735191822052002
2020-08-04,0.8064830899238586
2020-08-05,0.7966805696487427
2020-08-06,0.7868780493736267
2020-08-07,0.7717285752296448
2020-08-10,0.8207413554191589
2020-08-11,0.7797488570213318
2020-08-12,0.8073742389678955
2020-08-13,0.7940071225166321
2020-08-14,0.8002451062202454
2020-08-17,0.7735108733177185
2020-08-18,0.744103193283081
2020-08-19,0.7102397680282593
2020-08-20,0.6817232966423035
2020-08-21,0.6514244675636292
2020-08-24,0.6630092859268188
2020-08-25,0.7013282775878906
2020-08-26,0.6790498495101929
2020-08-27,0.6852877736091614
2020-08-28,0.69419926404953
2020-08-31,0.6469687819480896
2020-09-01,0.6353838443756104
2020-09-02,0.5863711833953857
2020-09-03,0.5551811456680298
2020-09-04,0.5471609234809875
2020-09-08,0.5017127394676208
2020-09-09,0.5132974982261658
2020-09-10,0.4598290026187897
2020-09-11,0.4696316421031952
2020-09-14,0.5106240510940552
2020-09-15,0.5346848964691162
2020-09-16,0.5943913459777832
2020-09-17,0.6175610423088074
2020-09-18,0.6594448089599609
2020-09-21,0.581024169921875
2020-09-22,0.5792419910430908
2020-09-23,0.5320114493370056
2020-09-24,0.5302293300628662
2020-09-25,0.5141887068748474
2020-09-28,0.5836976170539856
2020-09-29,0.5525076985359192
2020-09-30,0.5364671945571899
2020-10-01,0.5141887068748474
2020-10-02,0.5382493734359741
2020-10-05,0.571221649646759
2020-10-06,0.5516166687011719
2020-10-07,0.5605280995368958
2020-10-08,0.6318193078041077
2020-10-09,0.6077584624290466
2020-10-12,0.5828064680099487
2020-10-13,0.5525076985359192
2020-10-14,0.6086496710777283
2020-10-15,0.626472532749176
2020-10-16,0.6148877143859863
2020-10-19,0.5658748745918274
2020-10-20,0.5747863054275513
2020-10-21,0.5658748745918274
2020-10-22,0.6015205383300781
2020-10-23,0.5881533622741699
2020-10-26,0.5453786849975586
2020-10-27,0.5311203002929688
2020-10-28,0.4928011894226074
2020-10-29,0.5195355415344238
2020-10-30,0.5525076985359192
2020-11-02,0.6139966249465942
2020-11-03,0.5943913459777832
2020-11-04,0.5605280995368958
2020-11-05,0.5792419910430908
2020-11-06,0.548943281173706
2020-11-09,0.6211255788803101
2020-11-10,0.6576624512672424
2020-11-11,0.6745942234992981
2020-11-12,0.6229078769683838
2020-11-13,0.6799411177635193
2020-11-16,0.7209335565567017
2020-11-17,0.7824223041534424
2020-11-18,0.8554958701133728
2020-11-19,0.8813390731811523
2020-11-20,0.9089644551277161
2020-11-23,1.0248126983642578
2020-11-24,1.1317497491836548
2020-11-25,1.1317497491836548
2020-11-27,1.1050153970718384
2020-11-30,1.0515470504760742
2020-12-01,0.9891670942306519
2020-12-02,1.078281283378601
2020-12-03,1.1406612396240234
2020-12-04,1.3188896179199219
2020-12-07,1.3188896179199219
2020-12-08,1.4080036878585815
2020-12-09,1.5060290098190308
2020-12-10,1.604054570198059
2020-12-11,1.6486117839813232
2020-12-14,1.5238521099090576
2020-12-15,1.5327633619308472
2020-12-16,1.514940857887268
2020-12-17,1.5505863428115845
2020-12-18,1.5327633619308472
2020-12-21,1.4258263111114502
2020-12-22,1.3901807069778442
2020-12-23,1.479294776916504
2020-12-24,1.4525606632232666
2020-12-28,1.3990920782089233
2020-12-29,1.3188896179199219
2020-12-30,1.3901807069778442
2020-12-31,1.33671236038208
2021-01-04,1.3188896179199219
2021-01-05,1.5060290098190308
2021-01-06,1.5238521099090576
2021-01-07,1.773371696472168
2021-01-08,1.773371696472168
2021-01-11,1.8001056909561157
2021-01-12,2.1030941009521484
2021-01-13,2.0228912830352783
2021-01-14,2.2144863605499268
2021-01-15,2.218942403793335
2021-01-19,2.1298279762268066
2021-01-20,2.0585362911224365
2021-01-21,2.01397967338562
2021-01-22,2.227854013442993
2021-01-25,2.1654741764068604
2021-01-26,2.0228912830352783
2021-01-27,2.2100307941436768
2021-01-28,2.147650957107544
2021-01-29,2.085271120071411
2021-02-01,2.4060821533203125
2021-02-02,2.6288671493530273
2021-02-03,2.7179815769195557
2021-02-04,2.762538433074951
2021-02-05,2.949678897857666
2021-02-08,3.0031471252441406
2021-02-09,2.905121326446533
2021-02-10,2.9853241443634033
2021-02-11,2.8338303565979004
2021-02-12,3.0922608375549316
2021-02-16,3.243755578994751
2021-02-17,3.1368184089660645
2021-02-18,3.0744378566741943
2021-02-19,3.2259323596954346
2021-02-22,3.332868814468384
2021-02-23,3.4487175941467285
2021-02-24,3.6536800861358643
2021-02-25,3.564566135406494
2021-02-26,3.5289206504821777
2021-03-01,3.618035078048706
2021-03-02,3.5823888778686523
2021-03-03,4.134896755218506
2021-03-04,4.821075439453125
2021-03-05,4.455708026885986
2021-03-08,4.081428527832031
2021-03-09,4.366593837738037
2021-03-10,4.571556091308594
2021-03-11,5.0527729988098145
2021-03-12,5.124063014984131
2021-03-15,5.239912509918213
2021-03-16,4.30421257019043
2021-03-17,4.134896755218506
2021-03-18,3.6358578205108643
2021-03-19,4.02795934677124
2021-03-22,3.90320086479187
2021-03-23,3.6625919342041016
2021-03-24,3.769528865814209
2021-03-25,3.707148551940918
2021-03-26,3.7962629795074463
2021-03-29,3.5110976696014404
2021-03-30,3.618035078048706
2021-03-31,3.7427937984466553
2021-04-01,3.992314100265503
2021-04-05,3.7962629795074463
2021-04-06,3.8408195972442627
2021-04-07,3.8764662742614746
2021-04-08,3.8229973316192627
2021-04-09,3.77843976020813
2021-04-12,3.5823888778686523
2021-04-13,3.6002113819122314
2021-04-14,4.134896755218506
2021-04-15,3.9744911193847656
2021-04-16,3.6804144382476807
2021-04-19,3.751706600189209
2021-04-20,3.5110976696014404
2021-04-21,3.466540813446045
2021-04-22,3.395249128341675
2021-04-23,3.4843637943267822
2021-04-26,3.6358578205108643
2021-04-27,3.8408195972442627
2021-04-28,3.9834024906158447
2021-04-29,4.045782566070557
2021-04-30,3.77843976020813
2021-05-03,3.8853774070739746
2021-05-04,3.7962629795074463
2021-05-05,4.143807888031006
2021-05-06,4.02795934677124
2021-05-07,4.232922554016113
2021-05-10,3.8942887783050537
2021-05-11,3.9477570056915283
2021-05-12,3.8408195972442627
2021-05-13,3.6447691917419434
2021-05-14,3.8051743507385254
2021-05-17,4.170542240142822
2021-05-18,4.036871433258057
2021-05-19,4.045782566070557
2021-05-20,4.099250793457031
2021-05-21,4.1794538497924805
2021-05-24,4.3487701416015625
2021-05-25,4.170542240142822
2021-05-26,4.402239799499512
2021-05-27,4.758695602416992
2021-05-28,4.714139461517334
2021-06-01,5.204266548156738
2021-06-02,5.3201141357421875
2021-06-03,5.382494926452637
2021-06-04,5.489431858062744
2021-06-07,5.649837970733643
2021-06-08,5.756773948669434
2021-06-09,5.694394588470459
2021-06-10,5.845887660980225
2021-06-11,5.899357795715332
2021-06-14,5.632014751434326
2021-06-15,6.122141361236572
2021-06-16,6.041940212249756
2021-06-17,5.542900562286377
2021-06-18,5.854800224304199
2021-06-21,6.122141361236572
2021-06-22,6.148875713348389
2021-06-23,6.273636817932129
2021-06-24,6.4251298904418945
2021-06-25,6.53206729888916
2021-06-28,5.935001850128174
2021-06-29,6.068674087524414
2021-06-30,6.041940212249756
2021-07-01,6.416218280792236
2021-07-02,6.131053447723389
2021-07-06,5.943913459777832
2021-07-07,5.774596691131592
2021-07-08,5.952825546264648
2021-07-09,6.077585220336914
2021-07-12,6.139965057373047
2021-07-13,5.997382640838623
2021-07-14,5.507254600524902
2021-07-15,5.17753267288208
2021-07-16,4.910190582275391
2021-07-19,4.678493022918701
2021-07-20,4.8299880027771
2021-07-21,5.124063014984131
2021-07-22,4.945835590362549
2021-07-23,4.8923659324646
2021-07-26,5.061684608459473
2021-07-27,4.678493022918701
2021-07-28,4.803252696990967
2021-07-29,4.785429954528809
2021-07-30,4.642847537994385
2021-08-02,4.500264644622803
2021-08-03,4.446796417236328
2021-08-04,4.019049644470215
2021-08-05,4.090339183807373
2021-08-06,4.27747917175293
2021-08-09,4.161630630493164
2021-08-10,4.544820785522461
2021-08-11,4.491353511810303
2021-08-12,4.526998996734619
2021-08-13,4.170542240142822
2021-08-16,3.9744911193847656
2021-08-17,3.9477570056915283
2021-08-18,3.7962629795074463
2021-08-19,3.6447691917419434
2021-08-20,3.698237419128418
2021-08-23,4.036871433258057
2021-08-24,4.250744819641113
2021-08-25,4.384416103363037
2021-08-26,4.3487701416015625
2021-08-27,4.61611270904541
2021-08-30,4.491353511810303
2021-08-31,4.544820785522461
2021-09-01,4.491353511810303
2021-09-02,4.714139461517334
2021-09-03,4.59829044342041
2021-09-07,4.660669803619385
2021-09-08,4.651758193969727
2021-09-09,4.678493022918701
2021-09-10,4.669580936431885
2021-09-13,4.910190582275391
2021-09-14,4.740873336791992
2021-09-15,5.0973286628723145
2021-09-16,5.008215427398682
2021-09-17,4.963657855987549
2021-09-20,4.714139461517334
2021-09-21,4.812164306640625
2021-09-22,5.0438618659973145
2021-09-23,5.248823642730713
2021-09-24,5.186443328857422
2021-09-27,5.685483455657959
2021-09-28,5.676571369171143
2021-09-29,6.006294250488281
2021-09-30,5.970648288726807
2021-10-01,6.2558135986328125
2021-10-04,6.451864719390869
2021-10-05,6.398396015167236
2021-10-06,6.059763431549072
2021-10-07,6.3181939125061035
2021-10-08,6.380573749542236
2021-10-11,6.389484882354736
2021-10-12,6.336016654968262
2021-10-13,6.237990856170654
2021-10-14,6.291458606719971
2021-10-15,6.077585220336914
2021-10-18,6.024116039276123
2021-10-19,6.050850868225098
2021-10-20,6.157787322998047
2021-10-21,5.935001850128174
2021-10-22,6.416218280792236
2021-10-25,6.656826496124268
2021-10-26,6.906347274780273
2021-10-27,6.53206729888916
2021-10-28,6.558801174163818
2021-10-29,6.416218280792236
2021-11-01,6.683562278747559
2021-11-02,6.692473411560059
2021-11-03,6.683562278747559
2021-11-04,6.692473411560059
2021-11-05,6.817233085632324
2021-11-08,6.9954609870910645
2021-11-09,6.950904369354248
2021-11-10,6.487511157989502
2021-11-11,6.496421813964844
2021-11-12,6.398396015167236
2021-11-15,6.487511157989502
2021-11-16,6.434041500091553
2021-11-17,6.291458606719971
2021-11-18,6.327105522155762
2021-11-19,5.917179107666016
2021-11-22,5.997382640838623
2021-11-23,6.389484882354736
2021-11-24,6.398396015167236
2021-11-26,5.5161662101745605
2021-11-29,5.658749103546143
2021-11-30,5.551811695098877
2021-12-01,5.124063014984131
2021-12-02,5.204266548156738
2021-12-03,5.061684608459473
2021-12-06,5.480519771575928
2021-12-07,5.988470554351807
2021-12-08,6.077585220336914
2021-12-09,6.033027648925781
2021-12-10,6.0954084396362305
2021-12-13,5.712216377258301
2021-12-14,5.551811695098877
2021-12-15,5.587456703186035
2021-12-16,5.418140888214111
2021-12-17,5.17753267288208
2021-12-20,5.168621063232422
2021-12-21,5.462698459625244
2021-12-22,5.569634437561035
2021-12-23,5.4983439445495605
2021-12-27,5.774596691131592
2021-12-28,5.596368312835693
2021-12-29,5.578546524047852
2021-12-30,5.391406536102295
2021-12-31,5.329026222229004
2022-01-03,5.747862815856934
2022-01-04,6.344926834106445
2022-01-05,6.006294250488281
2022-01-06,6.3181939125061035
2022-01-07,6.202345371246338
2022-01-10,6.077585220336914
2022-01-11,6.442953109741211
2022-01-12,6.540978908538818
2022-01-13,6.469687461853027
2022-01-14,6.763763904571533
2022-01-18,6.460776329040527
2022-01-19,6.603358745574951
2022-01-20,6.460776329040527
2022-01-21,6.451864719390869
2022-01-24,6.710296154022217
2022-01-25,7.325183868408203
2022-01-26,7.102397918701172
2022-01-27,7.048929691314697
2022-01-28,7.102397918701172
2022-01-31,6.95981502532959
2022-02-01,7.432121276855469
2022-02-02,7.280625820159912
2022-02-03,7.253891468048096
2022-02-04,7.244980335235596
2022-02-07,6.888523578643799
2022-02-08,6.647916793823242
2022-02-09,6.95981502532959
2022-02-10,7.0400190353393555
2022-02-11,7.423209190368652
2022-02-14,7.316272735595703
2022-02-15,7.1469550132751465
2022-02-16,7.075664043426514
2022-02-17,7.004371643066406
2022-02-18,6.835056304931641
2022-02-22,6.861790180206299
2022-02-23,7.022195339202881
2022-02-24,7.387563705444336
2022-02-25,7.405386924743652
2022-02-28,7.824221611022949
2022-03-01,7.699462890625
2022-03-02,7.663818359375
2022-03-03,7.476677417755127
2022-03-04,7.645994663238525
2022-03-07,7.877691745758057
2022-03-08,7.539057731628418
2022-03-09,7.53014612197876
2022-03-10,7.458853244781494
2022-03-11,7.138044357299805
2022-03-14,6.772674560546875
2022-03-15,6.79940938949585
2022-03-16,6.78158712387085
2022-03-17,7.0400190353393555
2022-03-18,7.075664043426514
2022-03-21,7.280625820159912
2022-03-22,7.138044357299805
2022-03-23,7.334094047546387
2022-03-24,7.334094047546387
2022-03-25,7.708373069763184
2022-03-28,7.3697404861450195
2022-03-29,7.547970294952393
2022-03-30,7.4855875968933105
2022-03-31,7.191511631011963
2022-04-01,7.824221611022949
2022-04-04,7.957894325256348
2022-04-05,7.726197242736816
2022-04-06,7.583614826202393
2022-04-07,7.9935407638549805
2022-04-08,8.39455509185791
2022-04-11,7.9935407638549805
2022-04-12,8.03809928894043
2022-04-13,8.234145164489746
2022-04-14,8.376729965209961
2022-04-18,8.207413673400879
2022-04-19,7.9222493171691895
2022-04-20,8.251971244812012
2022-04-21,7.824221611022949
2022-04-22,7.343005657196045
2022-04-25,7.102397918701172
2022-04-26,6.94199275970459
2022-04-27,7.048929691314697
2022-04-28,7.2182464599609375
2022-04-29,6.897435188293457
2022-05-02,6.79049825668335
2022-05-03,7.129132270812988
2022-05-04,7.441031455993652
2022-05-05,7.031105995178223
2022-05-06,7.2182464599609375
2022-05-09,6.229079246520996
2022-05-10,6.246902942657471
2022-05-11,6.327105522155762
2022-05-12,6.229079246520996
2022-05-13,6.630093097686768
2022-05-16,6.817233085632324
2022-05-17,7.022195339202881
2022-05-18,6.674650192260742
2022-05-19,6.175610542297363
2022-05-20,5.810242652893066
2022-05-23,6.184521675109863
2022-05-24,6.006294250488281
2022-05-25,6.327105522155762
2022-05-26,6.585535049438477
2022-05-27,6.977638244628906
2022-05-31,7.075664043426514
2022-06-01,7.592525959014893
2022-06-02,7.539057731628418
2022-06-03,7.6549072265625
2022-06-06,7.904424667358398
2022-06-07,8.528223991394043
2022-06-08,8.349995613098145
2022-06-09,8.43019962310791
2022-06-10,8.243060111999512
2022-06-13,7.71728515625
2022-06-14,7.868780612945557
2022-06-15,7.6370849609375
2022-06-16,7.155866622924805
2022-06-17,6.460776329040527
2022-06-21,6.621181011199951
2022-06-22,5.881534576416016
2022-06-23,5.712216377258301
2022-06-24,5.614191055297852
2022-06-27,5.872623443603516
2022-06-28,6.068674087524414
2022-06-29,5.596368312835693
2022-06-30,5.329026222229004
2022-07-01,5.329026222229004
2022-07-05,4.8923659324646
2022-07-06,4.954746246337891
2022-07-07,5.257734298706055
2022-07-08,5.239912509918213
2022-07-11,5.088418006896973
2022-07-12,4.928012847900391
2022-07-13,4.928012847900391
2022-07-14,4.749783992767334
2022-07-15,4.919101715087891
2022-07-18,5.106240749359131
2022-07-19,5.560722827911377
2022-07-20,5.881534576416016
2022-07-21,5.658749103546143
2022-07-22,5.311203479766846
2022-07-25,5.623103141784668
2022-07-26,5.507254600524902
2022-07-27,5.828064918518066
2022-07-28,5.872623443603516
2022-07-29,5.935001850128174
2022-08-01,5.828064918518066
2022-08-02,5.845887660980225
2022-08-03,5.596368312835693
2022-08-04,5.453786373138428
2022-08-05,5.765685558319092
2022-08-08,5.828064918518066
2022-08-09,5.917179107666016
2022-08-10,6.139965057373047
2022-08-11,6.416218280792236
2022-08-12,6.496421813964844
2022-08-15,6.327105522155762
2022-08-16,6.157787322998047
2022-08-17,6.36275053024292
2022-08-18,6.737030029296875
2022-08-19,6.585535049438477
2022-08-22,6.612269401550293
2022-08-23,6.897435188293457
2022-08-24,7.2182464599609375
2022-08-25,7.414297103881836
2022-08-26,7.467766284942627
2022-08-29,7.726197242736816
2022-08-30,7.449942588806152
2022-08-31,7.334094047546387
2022-09-01,6.79049825668335
2022-09-02,7.0845746994018555
2022-09-06,7.093486785888672
2022-09-07,6.737030029296875
2022-09-08,6.924170017242432
2022-09-09,7.075664043426514
2022-09-12,7.325183868408203
2022-09-13,6.95981502532959
2022-09-14,7.262802600860596
2022-09-15,7.12022066116333
2022-09-16,6.94199275970459
2022-09-19,6.701384544372559
2022-09-20,6.514245510101318
2022-09-21,6.2558135986328125
2022-09-22,6.139965057373047
2022-09-23,5.667660713195801
2022-09-26,5.4983439445495605
2022-09-27,5.649837970733643
2022-09-28,6.0152058601379395
2022-09-29,5.979559421539307
2022-09-30,6.059763431549072
2022-10-03,6.665737628936768
2022-10-04,7.227158546447754
2022-10-05,7.663818359375
2022-10-06,8.05591869354248
2022-10-07,7.984628200531006
2022-10-10,7.80640172958374
2022-10-11,7.752932548522949
2022-10-12,7.940072059631348
2022-10-13,8.296530723571777
2022-10-14,7.842044353485107
2022-10-17,7.9668049812316895
2022-10-18,7.948982238769531
2022-10-19,8.216324806213379
2022-10-20,8.180678367614746
2022-10-21,8.572781562805176
2022-10-24,8.635161399841309
2022-10-25,8.617339134216309
2022-10-26,8.857945442199707
2022-10-27,8.590603828430176
2022-10-28,8.635161399841309
2022-10-31,8.706452369689941
2022-11-01,9.036175727844238
2022-11-02,8.742098808288574
2022-11-03,9.19658088684082
2022-11-04,9.437189102172852
2022-11-07,9.94513988494873
2022-11-08,9.7134428024292
2022-11-09,8.759921073913574
2022-11-10,9.116378784179688
2022-11-11,9.633240699768066
2022-11-14,9.615416526794434
2022-11-15,10.167922973632812
2022-11-16,9.7936429977417
2022-11-17,9.7223539352417
2022-11-18,9.650733947753906
2022-11-21,9.131492614746094
2022-11-22,9.579113960266113
2022-11-23,9.391115188598633
2022-11-25,9.409019470214844
2022-11-28,8.862919807434082
2022-11-29,9.033015251159668
2022-11-30,9.095682144165039
2022-12-01,8.764442443847656
2022-12-02,8.90768051147461
2022-12-05,8.433201789855957
2022-12-06,8.048245429992676
2022-12-07,7.985580921173096
2022-12-08,7.824434757232666
2022-12-09,7.699102878570557
2022-12-12,8.093008995056152
2022-12-13,8.245201110839844
2022-12-14,8.146724700927734
2022-12-15,8.012436866760254
2022-12-16,7.913959980010986
2022-12-19,7.788626670837402
2022-12-20,7.878152370452881
2022-12-21,8.209391593933105
2022-12-22,7.922913074493408
2022-12-23,8.397392272949219
2022-12-27,8.522726058959961
2022-12-28,7.994533061981201
2022-12-29,8.289963722229004
2022-12-30,8.41529655456543
2023-01-03,7.797578811645508
2023-01-04,7.7438645362854
2023-01-05,7.645386695861816
2023-01-06,7.913959980010986
2023-01-09,8.030340194702148
2023-01-10,8.093008995056152
2023-01-11,8.263105392456055
2023-01-12,8.69282341003418
2023-01-13,8.970348358154297
2023-01-17,9.041969299316406
2023-01-18,9.059874534606934
2023-01-19,9.382161140441895
2023-01-20,9.43587589263916
2023-01-23,9.588068962097168
2023-01-24,9.373209953308105
2023-01-25,9.471686363220215
2023-01-26,9.847686767578125
2023-01-27,9.677592277526855
2023-01-30,9.140445709228516
2023-01-31,9.731306076049805
2023-02-01,9.525399208068848
2023-02-02,9.15834903717041
2023-02-03,9.122540473937988
2023-02-06,8.782347679138184
2023-02-07,9.221017837524414
2023-02-08,9.301589012145996
2023-02-09,8.889777183532715
2023-02-10,9.41797161102295
2023-02-13,9.41797161102295
2023-02-14,9.579113960266113
2023-02-15,9.391115188598633
2023-02-16,9.229969024658203
2023-02-17,8.728632926940918
2023-02-21,8.343677520751953
2023-02-22,8.200438499450684
2023-02-23,9.46273136138916
2023-02-24,9.847686767578125
2023-02-27,9.99988079071045
2023-02-28,9.677592277526855
2023-03-01,9.973023414611816
2023-03-02,10.662361145019531
2023-03-03,10.617597579956055
2023-03-06,10.572648048400879
2023-03-07,10.500723838806152
2023-03-08,10.03322696685791
2023-03-09,9.853419303894043
2023-03-10,9.655632019042969
2023-03-13,9.215105056762695
2023-03-14,9.296016693115234
2023-03-15,8.441935539245605
2023-03-16,8.711645126342773
2023-03-17,8.396984100341797
2023-03-20,8.585780143737793
2023-03-21,9.089239120483398
2023-03-22,8.783568382263184
2023-03-23,8.522846221923828
2023-03-24,8.62174129486084
2023-03-27,8.900443077087402
2023-03-28,8.927413940429688
2023-03-29,9.197123527526855
2023-03-30,9.251066207885742
2023-03-31,9.439863204956055
2023-04-03,10.374858856201172
2023-04-04,9.916351318359375
2023-04-05,10.01524543762207
2023-04-06,9.844429016113281
2023-04-10,10.01524543762207
2023-04-11,10.168081283569336
2023-04-12,10.123129844665527
2023-04-13,10.159089088439941
2023-04-14,10.096156120300293
2023-04-17,9.83543872833252
2023-04-18,9.790485382080078
2023-04-19,9.6915922164917
2023-04-20,9.403900146484375
2023-04-21,9.376930236816406
2023-04-24,9.538755416870117
2023-04-25,9.071258544921875
2023-04-26,8.855490684509277
2023-04-27,9.06226921081543
2023-04-28,9.394911766052246
2023-05-01,9.376930236816406
2023-05-02,8.882461547851562
2023-05-03,8.67568302154541
2023-05-04,8.756596565246582
2023-05-05,9.161162376403809
2023-05-08,9.161162376403809
2023-05-09,8.522846221923828
2023-05-10,8.522846221923828
2023-05-11,8.361021041870117
2023-05-12,8.531838417053223
2023-05-15,8.540923118591309
2023-05-16,8.241083145141602
2023-05-17,8.295598983764648
2023-05-18,8.4409761428833
2023-05-19,8.731731414794922
2023-05-22,9.149691581726074
2023-05-23,8.931625366210938
2023-05-24,9.10426139831543
2023-05-25,8.613611221313477
2023-05-26,8.777161598205566
2023-05-30,8.513665199279785
2023-05-31,8.47732162475586
2023-06-01,8.577268600463867
2023-06-02,8.949798583984375
2023-06-05,8.87710952758789
2023-06-06,9.113348007202148
2023-06-07,9.603995323181152
2023-06-08,9.504048347473145
2023-06-09,9.422274589538574
2023-06-12,9.17695140838623
2023-06-13,9.367757797241211
2023-06-14,9.149691581726074
2023-06-15,9.48587703704834
2023-06-16,9.540393829345703
2023-06-20,9.086088180541992
2023-06-21,9.522221565246582
2023-06-22,9.249638557434082
2023-06-23,9.349586486816406
2023-06-26,9.549481391906738
2023-06-27,9.522221565246582
2023-06-28,9.776632308959961
2023-06-29,9.922009468078613
2023-06-30,9.958354949951172
2023-07-03,9.876579284667969
2023-07-05,9.831147193908691
2023-07-06,9.59490966796875
2023-07-07,9.931097030639648
2023-07-10,10.049216270446777
2023-07-11,10.376315116882324
2023-07-12,10.403572082519531
2023-07-13,10.430830001831055
2023-07-14,9.75846004486084
2023-07-17,9.685769081115723
2023-07-18,10.012868881225586
2023-07-19,10.112817764282227
2023-07-20,10.158247947692871
2023-07-21,10.22184944152832
2023-07-24,10.30362606048584
2023-07-25,10.330883979797363
2023-07-26,10.167335510253906
2023-07-27,9.96744155883789
2023-07-28,10.312713623046875
2023-07-31,10.621638298034668
2023-08-01,10.594379425048828
2023-08-02,10.503520011901855
2023-08-03,10.530777931213379
2023-08-04,10.903308868408203
2023-08-07,10.985081672668457
2023-08-08,11.15771770477295
2023-08-09,11.166803359985352
2023-08-10,11.048684120178223
2023-08-11,11.303094863891602
2023-08-14,11.330574035644531
2023-08-15,11.13822078704834
2023-08-16,11.202337265014648
2023-08-17,11.495450019836426
2023-08-18,11.806879997253418
2023-08-21,12.072511672973633
2023-08-22,12.301505088806152
2023-08-23,12.255705833435059
2023-08-24,12.09083080291748
2023-08-25,12.283185005187988
2023-08-28,12.484699249267578
2023-08-29,12.59461498260498
2023-08-30,12.823607444763184
2023-08-31,12.988484382629395
2023-09-01,13.217476844787598
2023-09-05,13.391510963439941
2023-09-06,13.27243423461914
2023-09-07,12.979324340820312
2023-09-08,13.107561111450195
2023-09-11,12.832769393920898
2023-09-12,13.135040283203125
2023-09-13,12.85108757019043
2023-09-14,12.649574279785156
2023-09-15,12.539657592773438
2023-09-18,12.411420822143555
2023-09-19,12.301505088806152
2023-09-20,12.072511672973633
2023-09-21,12.17326831817627
2023-09-22,12.035873413085938
2023-09-25,12.429740905761719
2023-09-26,12.328985214233398
2023-09-27,12.832769393920898
2023-09-28,12.887727737426758
2023-09-29,12.786970138549805
2023-10-02,12.319823265075684
2023-10-03,12.310665130615234
2023-10-04,11.541247367858887
2023-10-05,11.55956745147705
2023-10-06,12.109151840209961
2023-10-09,12.85108757019043
2023-10-10,12.741170883178711
2023-10-11,12.887727737426758
2023-10-12,12.860248565673828
2023-10-13,13.583864212036133
2023-10-16,13.767060279846191
2023-10-17,13.886136054992676
2023-10-18,13.9594144821167
2023-10-19,14.160927772521973
2023-10-20,13.785379409790039
2023-10-23,13.60218620300293
2023-10-24,13.638824462890625
2023-10-25,13.702940940856934
2023-10-26,13.52890682220459
2023-10-27,13.409832000732422
2023-10-30,13.263274192810059
2023-10-31,13.345712661743164
2023-11-01,13.125879287719727
2023-11-02,13.65714168548584
2023-11-03,13.593024253845215
2023-11-06,12.997642517089844
2023-11-07,12.49385929107666
2023-11-08,12.081670761108398
2023-11-09,11.87099838256836
2023-11-10,12.154949188232422
2023-11-13,12.237386703491211
2023-11-14,12.411420822143555
2023-11-15,12.237386703491211
2023-11-16,11.816038131713867
2023-11-17,12.259835243225098
2023-11-20,12.306063652038574
2023-11-21,12.232096672058105
2023-11-22,12.093413352966309
2023-11-24,12.148885726928711
2023-11-27,11.97321605682373
2023-11-28,11.982461929321289
2023-11-29,12.00095272064209
2023-11-30,12.148885726928711
2023-12-01,12.241341590881348
2023-12-04,12.0841646194458
2023-12-05,11.926987648010254
2023-12-06,11.575650215148926
2023-12-07,11.75131893157959
2023-12-08,11.97321605682373
2023-12-11,11.936233520507812
2023-12-12,11.649617195129395
2023-12-13,12.056428909301758
2023-12-14,12.352291107177734
2023-12-15,12.3153076171875
2023-12-18,12.426257133483887
2023-12-19,12.343046188354492
2023-12-20,12.204360008239746
2023-12-21,12.453993797302246
2023-12-22,12.500224113464355
2023-12-26,12.870052337646484
2023-12-27,12.86080551147461
2023-12-28,12.5464506149292
2023-12-29,12.574189186096191
2024-01-02,12.620416641235352
2024-01-03,12.796086311340332
2024-01-04,12.241341590881348
2024-01-05,12.47248649597168
2024-01-08,12.407764434814453
2024-01-09,12.213605880737305
2024-01-10,12.121148109436035
2024-01-11,12.241341590881348
2024-01-12,12.352291107177734
2024-01-16,11.908495903015137
2024-01-17,11.991707801818848
2024-01-18,12.232096672058105
2024-01-19,12.213605880737305
2024-01-22,12.269079208374023
2024-01-23,12.259835243225098
2024-01-24,12.259835243225098
2024-01-25,12.648155212402344
2024-01-26,12.60192584991455
2024-01-29,12.574189186096191
2024-01-30,12.888542175292969
2024-01-31,12.463240623474121
2024-02-01,12.3337984085083
2024-02-02,11.926987648010254
2024-02-05,11.899250030517578
2024-02-06,12.139640808105469
2024-02-07,12.250588417053223
2024-02-08,12.500224113464355
2024-02-09,12.417012214660645
2024-02-12,12.925525665283203
2024-02-13,12.814576148986816
2024-02-14,12.981000900268555
2024-02-15,13.406304359436035
2024-02-16,13.452532768249512
2024-02-20,13.350829124450684
2024-02-21,13.609710693359375
2024-02-22,13.887083053588867
2024-02-23,13.914819717407227
2024-02-26,14.053504943847656
2024-02-27,14.062750816345215
2024-02-28,14.349370002746582
2024-02-29,14.386351585388184
2024-03-01,14.839390754699707
2024-03-04,14.395596504211426
2024-03-05,14.395596504211426
2024-03-06,14.451070785522461
2024-03-07,14.709952354431152
2024-03-08,14.756180763244629
2024-03-11,14.820901870727539
2024-03-12,14.970231056213379
2024-03-13,15.184889793395996
2024-03-14,15.287553787231445
2024-03-15,15.380884170532227
2024-03-18,15.44621467590332
2024-03-19,15.670211791992188
2024-03-20,15.91286849975586
2024-03-21,16.136863708496094
2024-03-22,16.00619888305664
2024-03-25,16.136863708496094
2024-03-26,15.987532615661621
2024-03-27,16.00619888305664
2024-03-28,16.4821834564209
2024-04-01,16.538185119628906
2024-04-02,16.360855102539062
2024-04-03,16.622182846069336
2024-04-04,16.538185119628906
2024-04-05,16.73417854309082
2024-04-08,16.59418296813965
2024-04-09,16.874174118041992
2024-04-10,16.836841583251953
2024-04-11,16.622182846069336
2024-04-12,16.547515869140625
2024-04-15,16.51018524169922
2024-04-16,16.43552017211914
2024-04-17,16.370189666748047
2024-04-18,16.034198760986328
2024-04-19,15.940868377685547
2024-04-22,16.024866104125977
2024-04-23,16.034198760986328
2024-04-24,16.10886573791504
2024-04-25,16.1741943359375
2024-04-26,16.220857620239258
2024-04-29,16.3795223236084
2024-04-30,15.6328763961792
2024-05-01,15.343551635742188
2024-05-02,15.604878425598145
2024-05-03,15.800871849060059
2024-05-06,16.211524963378906
2024-05-07,16.3795223236084
2024-05-08,16.118194580078125
2024-05-09,15.884868621826172
2024-05-10,15.464881896972656
2024-05-13,15.6422119140625
2024-05-14,15.707540512084961
2024-05-15,15.6328763961792
2024-05-16,15.194223403930664
2024-05-17,15.29688549041748
2024-05-20,15.466957092285156
2024-05-21,15.296887397766113
2024-05-22,14.833916664123535
2024-05-23,14.796123504638672
2024-05-24,14.956746101379395
2024-05-28,15.192955017089844
2024-05-29,15.192955017089844
2024-05-30,15.315784454345703
2024-05-31,15.485852241516113
2024-06-03,14.663846969604492
2024-06-04,14.238670349121094
2024-06-05,14.493776321411133
2024-06-06,14.626052856445312
2024-06-07,14.493776321411133
2024-06-10,14.871710777282715
2024-06-11,14.852814674377441
2024-06-12,14.720536231994629
2024-06-13,14.342602729797363
2024-06-14,14.210325241088867
2024-06-17,14.361499786376953
2024-06-18,14.569363594055176
2024-06-20,14.644951820373535
2024-06-21,14.559914588928223
2024-06-24,14.975642204284668
2024-06-25,14.918952941894531
2024-06-26,14.682744026184082
2024-06-27,15.08902359008789
2024-06-28,15.259093284606934
2024-07-01,15.211852073669434
2024-07-02,15.419713973999023
2024-07-03,15.863790512084961
2024-07-05,15.164608001708984
2024-07-08,15.30633544921875
2024-07-09,15.126816749572754
2024-07-10,15.30633544921875
2024-07-11,15.655923843383789
2024-07-12,15.419713973999023
2024-07-15,15.750408172607422
2024-07-16,15.712614059448242
2024-07-17,15.504751205444336
2024-07-18,15.35357666015625
2024-07-19,15.20240306854248
2024-07-22,15.051229476928711
2024-07-23,14.805572509765625
2024-07-24,14.474878311157227
2024-07-25,14.541019439697266
2024-07-26,14.465432167053223
2024-07-29,14.484328269958496
2024-07-30,14.333155632019043
2024-07-31,14.493776321411133
2024-08-01,13.993014335632324
2024-08-02,13.057626724243164
2024-08-05,12.698587417602539
2024-08-06,12.963143348693848
2024-08-07,13.1143159866333
2024-08-08,13.728459358215332
2024-08-09,13.804046630859375
2024-08-12,14.134739875793457
2024-08-13,13.879632949829102
2024-08-14,13.860735893249512
2024-08-15,14.267016410827637
2024-08-16,14.049703598022461
2024-08-19,14.020952224731445
2024-08-20,13.675939559936523
2024-08-21,13.589686393737793
2024-08-22,13.580102920532227
2024-08-23,13.934699058532715
2024-08-26,14.020952224731445
2024-08-27,13.752609252929688
2024-08-28,13.618437767028809
2024-08-29,13.858030319213867
2024-08-30,13.647188186645508
2024-09-03,13.196755409240723
2024-09-04,13.005080223083496
2024-09-05,12.918827056884766
2024-09-06,12.69840145111084
2024-09-09,12.58339786529541
2024-09-10,12.362972259521484
2024-09-11,12.497143745422363
2024-09-12,12.612147331237793
2024-09-13,12.928410530090332
2024-09-16,13.072166442871094
2024-09-17,13.302175521850586
2024-09-18,13.28300666809082
2024-09-19,13.436347007751465
2024-09-20,13.321341514587402
2024-09-23,13.589686393737793
2024-09-24,13.551351547241211
2024-09-25,13.177586555480957
2024-09-26,12.516311645507812
2024-09-27,12.947578430175781
2024-09-30,13.043414115905762
2024-10-01,13.235089302062988
2024-10-02,13.426762580871582
2024-10-03,13.743025779724121
2024-10-04,14.088038444519043
2024-10-07,14.260544776916504
2024-10-08,13.704689979553223
2024-10-09,13.704689979553223
2024-10-10,13.80052661895752
2024-10-11,13.915532112121582
2024-10-14,13.628022193908691
2024-10-15,13.014664649963379
2024-10-16,13.398011207580566
2024-10-17,13.618437767028809
2024-10-18,13.445930480957031
2024-10-21,13.292591094970703
2024-10-22,13.378843307495117
2024-10-23,13.273423194885254
2024-10-24,13.522599220275879
2024-10-25,13.330925941467285
2024-10-28,13.043414115905762
2024-10-29,12.976329803466797
2024-10-30,13.158418655395508
2024-10-31,13.062582969665527
2024-11-01,12.851740837097168
2024-11-04,13.158418655395508
2024-11-05,13.311758995056152
2024-11-06,13.96345043182373
2024-11-07,14.346797943115234
2024-11-08,14.298879623413086
2024-11-11,14.48097038269043
2024-11-12,14.557640075683594
2024-11-13,14.500138282775879
2024-11-14,14.693730354309082
2024-11-15,14.325904846191406
2024-11-18,14.674370765686035
2024-11-19,14.645332336425781
2024-11-20,14.964761734008789
2024-11-21,15.477784156799316
2024-11-22,15.690735816955566
2024-11-25,15.177714347839355
2024-11-26,15.138996124267578
2024-11-27,15.090597152709961
2024-11-29,15.158354759216309
2024-12-02,14.790526390075684
2024-12-03,15.100276947021484
2024-12-04,14.664690971374512
2024-12-05,14.780847549438477
2024-12-06,14.200068473815918
2024-12-09,14.325904846191406
2024-12-10,14.296865463256836
2024-12-11,14.538857460021973
2024-12-12,14.287185668945312
2024-12-13,14.209748268127441
2024-12-16,13.696723937988281
2024-12-17,13.522492408752441
2024-12-18,13.086906433105469
2024-12-19,13.086906433105469
2024-12-20,13.16434383392334
2024-12-23,13.319218635559082
2024-12-24,13.503131866455078
2024-12-26,13.425695419311523
2024-12-27,13.406335830688477
2024-12-30,13.68704605102539
2024-12-31,13.919357299804688
2025-01-02,14.383981704711914
2025-01-03,14.655012130737305
2025-01-06,14.461418151855469
2025-01-07,14.509817123413086
2025-01-08,14.509817123413086
2025-01-10,14.655012130737305
2025-01-13,14.897004127502441
2025-01-14,14.984119415283203
2025-01-15,15.148674964904785
2025-01-16,15.322909355163574
2025-01-17,15.48746395111084
2025-01-21,15.255151748657227
2025-01-22,15.138996124267578
2025-01-23,15.080917358398438
2025-01-24,14.732449531555176
2025-01-27,14.500137329101562
2025-01-28,14.403341293334961
2025-01-29,14.62597370147705
2025-01-30,14.558215141296387
2025-01-31,14.180707931518555
2025-02-03,13.958076477050781
2025-02-04,14.287185668945312
2025-02-05,14.190388679504395
2025-02-06,13.841919898986816
2025-02-07,13.909677505493164
2025-02-10,14.490458488464355
2025-02-11,14.52917766571045
2025-02-12,13.803201675415039
2025-02-13,13.754803657531738
2025-02-14,13.716084480285645
2025-02-18,13.841919898986816
2025-02-19,14.1516695022583
2025-02-20,14.161349296569824
2025-02-21,13.580570220947266
2025-02-24,13.60960865020752
2025-02-25,13.232102394104004
2025-02-26,13.570891380310059
2025-02-27,13.60960865020752
2025-02-28,13.638647079467773
2025-03-03,12.52548599243164
2025-03-04,12.147979736328125
2025-03-05,12.03182315826416
2025-03-06,12.041501998901367
2025-03-07,12.264135360717773
2025-03-10,11.935026168823242
2025-03-11,12.44804859161377
2025-03-12,12.893312454223633
2025-03-13,12.515806198120117
2025-03-14,13.19338321685791
2025-03-17,13.310832023620605
2025-03-18,13.271682739257812
2025-03-19,13.790412902832031
2025-03-20,13.672965049743652
2025-03-21,13.487004280090332
2025-03-24,13.849136352539062
2025-03-25,13.94701099395752
2025-03-26,13.80998706817627
2025-03-27,13.653389930725098
2025-03-28,13.457642555236816
2025-03-31,13.555516242980957
2025-04-01,13.506579399108887
2025-04-02,13.878499984741211
2025-04-03,11.999323844909668
2025-04-04,10.521429061889648
2025-04-07,10.658452987670898
2025-04-08,10.139721870422363
2025-04-09,11.627403259277344
2025-04-10,10.335469245910645
2025-04-11,10.80526351928711
2025-04-14,10.766114234924316
2025-04-15,10.785689353942871
2025-04-16,11.25548267364502
2025-04-17,11.774213790893555
2025-04-21,11.372931480407715
2025-04-22,11.607828140258789
2025-04-23,11.646977424621582
2025-04-24,11.94059944152832
2025-04-25,11.999323844909668
2025-04-28,12.126559257507324
2025-04-29,11.94059944152832
2025-04-30,11.549103736877441
2025-05-01,11.84272575378418
2025-05-02,11.94059944152832
2025-05-05,11.627403259277344
2025-05-06,11.715489387512207
2025-05-07,11.637190818786621
2025-05-08,12.733376502990723
2025-05-09,12.733376502990723
2025-05-12,13.340194702148438
2025-05-13,13.653389930725098
2025-05-14,13.506579399108887
2025-05-15,13.261895179748535
2025-05-16,13.222744941711426
2025-05-19,13.0465726852417
2025-05-20,12.978060722351074
2025-05-21,12.69422721862793
2025-05-22,12.57677936553955
2025-05-23,12.449542999267578
2025-05-27,12.55720329284668
2025-05-28,12.410392761230469
2025-05-29,12.52784252166748
2025-05-30,12.341880798339844
2025-06-02,12.50826644897461
2025-06-03,13.017210960388184
2025-06-04,12.889974594116211
2025-06-05,12.831250190734863
2025-06-06,13.301044464111328
2025-06-09,13.487004280090332
2025-06-10,13.731688499450684
2025-06-11,14.015522956848145
2025-06-12,14.162333488464355
2025-06-13,14.612552642822266
2025-06-16,14.493912696838379
2025-06-17,14.513686180114746
2025-06-18,14.523571968078613
2025-06-20,14.563118934631348
2025-06-23,13.94025707244873
2025-06-24,13.851276397705078
2025-06-25,13.554675102233887
2025-06-26,13.762296676635742
2025-06-27,13.584335327148438
2025-06-30,13.46569538116455
2025-07-01,13.831502914428711
2025-07-02,14.009464263916016
2025-07-03,13.900710105895996
2025-07-07,13.613996505737305
2025-07-08,14.256631851196289
2025-07-09,13.989689826965332
2025-07-10,14.029236793518066
2025-07-11,13.999577522277832
2025-07-14,13.752408981323242
2025-07-15,13.386601448059082
2025-07-16,12.951586723327637
2025-07-17,13.396488189697266
2025-07-18,13.29762077331543
2025-07-21,13.070226669311523
2025-07-22,13.337167739868164
2025-07-23,13.366827964782715
2025-07-24,13.46569538116455
2025-07-25,13.623882293701172
2025-07-28,14.167651176452637
2025-07-29,14.256631851196289
2025-07-30,14.108331680297852
2025-07-31,13.999577522277832
2025-08-01,13.495354652404785
2025-08-04,13.53490161895752
2025-08-05,13.554675102233887
2025-08-06,13.426148414611816
2025-08-07,13.09000015258789
2025-08-08,13.109773635864258
2025-08-11,12.842832565307617
2025-08-12,13.228414535522461
2025-08-13,13.307507514953613
2025-08-14,13.426148414611816
2025-08-15,13.287734031677246
2025-08-18,13.149320602416992
2025-08-19,12.912039756774902
2025-08-20,13.159207344055176
2025-08-21,12.991133689880371
2025-08-22,13.604108810424805
2025-08-25,13.989689826965332
2025-08-26,13.712862968444824
2025-08-27,13.989689826965332
2025-08-28,14.286291122436523
2025-08-29,14.128104209899902
2025-09-02,14.345612525939941
2025-09-03,13.683202743530273
2025-09-04,14.167651176452637
2025-09-05,13.722749710083008
2025-09-08,13.633769035339355
2025-09-09,13.594222068786621
2025-09-10,14.058897972106934
2025-09-11,13.791955947875977
2025-09-12,13.544788360595703
2025-09-15,13.09000015258789
2025-09-16,13.390000343322754
2025-09-17,13.5600004196167
2025-09-18,13.579999923706055
2025-09-19,13.25
