Date,REVG
2017-01-27,19.11379623413086
2017-01-30,19.610759735107422
2017-01-31,19.297279357910156
2017-02-01,19.304929733276367
2017-02-02,19.11379623413086
2017-02-03,19.771310806274414
2017-02-06,19.71014404296875
2017-02-07,19.71014404296875
2017-02-08,20.49763298034668
2017-02-09,21.040464401245117
2017-02-10,21.407447814941406
2017-02-13,22.06496810913086
2017-02-14,21.79737091064453
2017-02-15,21.93498420715332
2017-02-16,20.811100006103516
2017-02-17,21.093984603881836
2017-02-21,20.375301361083984
2017-02-22,21.017526626586914
2017-02-23,20.642898559570312
2017-02-24,21.20866584777832
2017-02-27,21.873830795288086
2017-02-28,21.751501083374023
2017-03-01,21.713266372680664
2017-03-02,21.330997467041016
2017-03-03,21.438032150268555
2017-03-06,21.28511619567871
2017-03-07,19.901283264160156
2017-03-08,20.25297737121582
2017-03-09,20.405885696411133
2017-03-10,19.81717872619629
2017-03-13,20.298851013183594
2017-03-14,20.038898468017578
2017-03-15,20.20709800720215
2017-03-16,20.2606201171875
2017-03-17,20.849328994750977
2017-03-20,21.139856338500977
2017-03-21,20.72699737548828
2017-03-22,21.10163116455078
2017-03-23,21.239248275756836
2017-03-24,21.28511619567871
2017-03-27,21.20866584777832
2017-03-28,21.26218032836914
2017-03-29,21.254535675048828
2017-03-30,21.330997467041016
2017-03-31,21.078691482543945
2017-04-03,21.116918563842773
2017-04-04,21.055755615234375
2017-04-05,20.856975555419922
2017-04-06,21.17043685913086
2017-04-07,21.16278648376465
2017-04-10,21.193374633789062
2017-04-11,21.078691482543945
2017-04-12,20.734649658203125
2017-04-13,20.918136596679688
2017-04-17,21.040464401245117
2017-04-18,21.300413131713867
2017-04-19,21.919696807861328
2017-04-20,21.850887298583984
2017-04-21,21.629173278808594
2017-04-24,22.09554672241211
2017-04-25,21.805017471313477
2017-04-26,21.7360782623291
2017-04-27,22.096054077148438
2017-04-28,21.598220825195312
2017-05-01,21.567584991455078
2017-05-02,21.705453872680664
2017-05-03,21.52163314819336
2017-05-04,21.644176483154297
2017-05-05,21.651836395263672
2017-05-08,21.965852737426758
2017-05-09,21.437389373779297
2017-05-10,20.656171798706055
2017-05-11,20.31917381286621
2017-05-12,19.790714263916016
2017-05-15,19.78305435180664
2017-05-16,19.928573608398438
2017-05-17,20.05877685546875
2017-05-18,19.76773452758789
2017-05-19,19.951555252075195
2017-05-22,20.42640495300293
2017-05-23,20.3421573638916
2017-05-24,20.42640495300293
2017-05-25,21.092735290527344
2017-05-26,21.77437400817871
2017-05-30,20.602554321289062
2017-05-31,20.56426239013672
2017-06-01,21.437389373779297
2017-06-02,21.230594635009766
2017-06-05,20.610219955444336
2017-06-06,20.67915153503418
2017-06-07,20.84764862060547
2017-06-08,21.330156326293945
2017-06-09,21.889263153076172
2017-06-12,21.743745803833008
2017-06-13,22.187965393066406
2017-06-14,22.233917236328125
2017-06-15,22.2109375
2017-06-16,23.053422927856445
2017-06-19,23.620187759399414
2017-06-20,23.27553367614746
2017-06-21,22.815990447998047
2017-06-22,22.517295837402344
2017-06-23,22.34880256652832
2017-06-26,21.904582977294922
2017-06-27,21.222936630249023
2017-06-28,21.820337295532227
2017-06-29,21.445045471191406
2017-06-30,21.199953079223633
2017-07-03,21.330156326293945
2017-07-05,21.314838409423828
2017-07-06,21.19230079650879
2017-07-07,21.34547996520996
2017-07-10,20.227270126342773
2017-07-11,19.560943603515625
2017-07-12,18.986526489257812
2017-07-13,20.012821197509766
2017-07-14,20.112382888793945
2017-07-17,19.836669921875
2017-07-18,19.813692092895508
2017-07-19,20.8170108795166
2017-07-20,20.388111114501953
2017-07-21,20.097070693969727
2017-07-24,20.012821197509766
2017-07-25,20.150672912597656
2017-07-26,20.878280639648438
2017-07-27,20.76318359375
2017-07-28,20.387210845947266
2017-07-31,20.52532196044922
2017-08-01,20.39488410949707
2017-08-02,20.625070571899414
2017-08-03,21.46910285949707
2017-08-04,20.48695945739746
2017-08-07,20.793882369995117
2017-08-08,20.809228897094727
2017-08-09,19.50481414794922
2017-08-10,19.343677520751953
2017-08-11,19.24393081665039
2017-08-14,19.481788635253906
2017-08-15,18.599401473999023
2017-08-16,18.630084991455078
2017-08-17,18.41524314880371
2017-08-18,18.85260009765625
2017-08-21,18.906320571899414
2017-08-22,18.990720748901367
2017-08-23,18.937009811401367
2017-08-24,18.69914436340332
2017-08-25,18.768199920654297
2017-08-28,18.798892974853516
2017-08-29,19.236255645751953
2017-08-30,19.121158599853516
2017-08-31,19.328336715698242
2017-09-01,19.45110321044922
2017-09-05,19.28229331970215
2017-09-06,19.405065536499023
2017-09-07,19.481788635253906
2017-09-08,20.29513168334961
2017-09-11,20.172367095947266
2017-09-12,20.110980987548828
2017-09-13,20.47161102294922
2017-09-14,20.31048011779785
2017-09-15,20.65576934814453
2017-09-18,21.024070739746094
2017-09-19,21.131494522094727
2017-09-20,21.139158248901367
2017-09-21,21.11614418029785
2017-09-22,21.361682891845703
2017-09-25,21.307966232299805
2017-09-26,21.46910285949707
2017-09-27,21.76835060119629
2017-09-28,22.013893127441406
2017-09-29,22.067602157592773
2017-10-02,22.113637924194336
2017-10-03,22.067602157592773
2017-10-04,22.029239654541016
2017-10-05,22.159679412841797
2017-10-06,22.128982543945312
2017-10-09,22.39754295349121
2017-10-10,22.198041915893555
2017-10-11,22.006214141845703
2017-10-12,21.14683723449707
2017-10-13,20.809228897094727
2017-10-16,20.878280639648438
2017-10-17,20.609724044799805
2017-10-18,20.724822998046875
2017-10-19,20.939674377441406
2017-10-20,21.016399383544922
2017-10-23,21.169857025146484
2017-10-24,20.901304244995117
2017-10-25,19.827077865600586
2017-10-26,20.256771087646484
2017-10-27,20.39488410949707
2017-10-30,19.664573669433594
2017-10-31,19.833698272705078
2017-11-01,19.7030086517334
2017-11-02,19.75682258605957
2017-11-03,19.687637329101562
2017-11-06,19.687637329101562
2017-11-07,19.726072311401367
2017-11-08,19.480070114135742
2017-11-09,19.157196044921875
2017-11-10,19.25713539123535
2017-11-13,18.795881271362305
2017-11-14,18.511449813842773
2017-11-15,18.25776481628418
2017-11-16,18.657514572143555
2017-11-17,19.30326271057129
2017-11-20,19.726072311401367
2017-11-21,20.31032371520996
2017-11-22,20.464073181152344
2017-11-24,20.55632209777832
2017-11-27,20.3718204498291
2017-11-28,20.909950256347656
2017-11-29,21.09444808959961
2017-11-30,20.994510650634766
2017-12-01,21.225128173828125
2017-12-04,21.278947830200195
2017-12-05,20.663942337036133
2017-12-06,20.602445602416992
2017-12-07,20.671628952026367
2017-12-08,20.57938003540039
2017-12-11,20.909950256347656
2017-12-12,20.848447799682617
2017-12-13,21.002195358276367
2017-12-14,21.194381713867188
2017-12-15,22.17068862915039
2017-12-18,22.662689208984375
2017-12-19,22.608877182006836
2017-12-20,23.492938995361328
2017-12-21,23.984941482543945
2017-12-22,24.584556579589844
2017-12-26,24.130996704101562
2017-12-27,24.799806594848633
2017-12-28,24.56149673461914
2017-12-29,25.007366180419922
2018-01-02,25.20724868774414
2018-01-03,25.168811798095703
2018-01-04,25.16112518310547
2018-01-05,25.176496505737305
2018-01-08,25.199562072753906
2018-01-09,24.79212188720703
2018-01-10,24.13868522644043
2018-01-11,24.5076847076416
2018-01-12,24.361621856689453
2018-01-16,24.130996704101562
2018-01-17,24.292438507080078
2018-01-18,24.21556282043457
2018-01-19,24.53843116760254
2018-01-22,24.52306365966797
2018-01-23,24.130996704101562
2018-01-24,24.046436309814453
2018-01-25,23.86934471130371
2018-01-26,23.830846786499023
2018-01-29,23.199459075927734
2018-01-30,22.88376808166504
2018-01-31,22.529579162597656
2018-02-01,22.329383850097656
2018-02-02,21.4901065826416
2018-02-05,20.358240127563477
2018-02-06,20.319738388061523
2018-02-07,20.504533767700195
2018-02-08,20.142642974853516
2018-02-09,20.95112419128418
2018-02-12,20.650827407836914
2018-02-13,20.77402687072754
2018-02-14,20.519927978515625
2018-02-15,20.689327239990234
2018-02-16,20.489131927490234
2018-02-20,20.7894229888916
2018-02-21,20.75092887878418
2018-02-22,20.87412452697754
2018-02-23,20.827924728393555
2018-02-26,21.228313446044922
2018-02-27,21.00501823425293
2018-02-28,20.7894229888916
2018-03-01,20.53533363342285
2018-03-02,20.689327239990234
2018-03-05,20.627731323242188
2018-03-06,20.78172492980957
2018-03-07,20.904922485351562
2018-03-08,18.363996505737305
2018-03-09,17.909706115722656
2018-03-12,17.216720581054688
2018-03-13,16.93953514099121
2018-03-14,17.139726638793945
2018-03-15,16.71623992919922
2018-03-16,16.208057403564453
2018-03-19,16.50834846496582
2018-03-20,15.961658477783203
2018-03-21,16.6777400970459
2018-03-22,16.1772518157959
2018-03-23,15.884663581848145
2018-03-26,16.169557571411133
2018-03-27,16.246557235717773
2018-03-28,15.846158027648926
2018-03-29,15.984761238098145
2018-04-02,15.515069961547852
2018-04-03,15.491972923278809
2018-04-04,15.73066520690918
2018-04-05,15.884663581848145
2018-04-06,15.522772789001465
2018-04-09,15.091585159301758
2018-04-10,15.322579383850098
2018-04-11,15.284082412719727
2018-04-12,15.399575233459473
2018-04-13,15.245576858520508
2018-04-16,15.553570747375488
2018-04-17,14.183009147644043
2018-04-18,14.475598335266113
2018-04-19,14.360103607177734
2018-04-20,14.275407791137695
2018-04-23,14.005911827087402
2018-04-24,13.859618186950684
2018-04-25,13.836518287658691
2018-04-26,14.01361083984375
2018-04-27,14.075380325317383
2018-04-30,13.936400413513184
2018-05-01,14.013611793518066
2018-05-02,13.650729179382324
2018-05-03,13.419095039367676
2018-05-04,13.658445358276367
2018-05-07,14.229802131652832
2018-05-08,13.897798538208008
2018-05-09,13.781982421875
2018-05-10,13.666167259216309
2018-05-11,13.4422607421875
2018-05-14,13.573515892028809
2018-05-15,13.635284423828125
2018-05-16,13.781982421875
2018-05-17,13.982728004455566
2018-05-18,14.113985061645508
2018-05-21,14.168030738830566
2018-05-22,13.882360458374023
2018-05-23,13.558074951171875
2018-05-24,13.534910202026367
2018-05-25,13.573515892028809
2018-05-29,13.465421676635742
2018-05-30,13.635284423828125
2018-05-31,13.09481143951416
2018-06-01,13.102535247802734
2018-06-04,13.133417129516602
2018-06-05,13.12569808959961
2018-06-06,13.82830810546875
2018-06-07,11.210892677307129
2018-06-08,11.620104789733887
2018-06-11,11.650988578796387
2018-06-12,12.307271003723145
2018-06-13,12.145132064819336
2018-06-14,12.35360050201416
2018-06-15,12.307271003723145
2018-06-18,12.538901329040527
2018-06-19,12.22234058380127
2018-06-20,12.407645225524902
2018-06-21,12.28410816192627
2018-06-22,12.314993858337402
2018-06-25,12.616114616394043
2018-06-26,12.585227966308594
2018-06-27,12.747370719909668
2018-06-28,12.762811660766602
2018-06-29,13.133417129516602
2018-07-02,12.600671768188477
2018-07-03,12.453970909118652
2018-07-05,12.778252601623535
2018-07-06,12.724206924438477
2018-07-09,12.932674407958984
2018-07-10,13.179747581481934
2018-07-11,12.73965072631836
2018-07-12,12.423088073730469
2018-07-13,12.28410816192627
2018-07-16,12.214618682861328
2018-07-17,12.168295860290527
2018-07-18,12.168295860290527
2018-07-19,12.670160293579102
2018-07-20,12.639274597167969
2018-07-23,12.52346134185791
2018-07-24,12.214618682861328
2018-07-25,12.245505332946777
2018-07-26,12.778252601623535
2018-07-27,12.832300186157227
2018-07-30,12.801322937011719
2018-07-31,13.296958923339844
2018-08-01,13.320189476013184
2018-08-02,13.35891342163086
2018-08-03,13.498309135437012
2018-08-06,13.420866012573242
2018-08-07,13.59898567199707
2018-08-08,13.35891342163086
2018-08-09,13.575751304626465
2018-08-10,13.56026554107666
2018-08-13,13.35891342163086
2018-08-14,13.428610801696777
2018-08-15,13.04139518737793
2018-08-16,13.227261543273926
2018-08-17,13.142070770263672
2018-08-20,13.273724555969238
2018-08-21,13.537030220031738
2018-08-22,13.351168632507324
2018-08-23,12.824553489685059
2018-08-24,13.07237434387207
2018-08-27,13.374402046203613
2018-08-28,13.296958923339844
2018-08-29,13.188538551330566
2018-08-30,12.816811561584473
2018-08-31,13.173046112060547
2018-09-04,12.615462303161621
2018-09-05,12.19726848602295
2018-09-06,10.702618598937988
2018-09-07,10.81103801727295
2018-09-10,11.020133972167969
2018-09-11,11.082087516784668
2018-09-12,11.585468292236328
2018-09-13,11.85651969909668
2018-09-14,11.97268295288086
2018-09-17,12.119824409484863
2018-09-18,12.088848114013672
2018-09-19,12.33666706085205
2018-09-20,12.499293327331543
2018-09-21,12.476061820983887
2018-09-24,12.476061820983887
2018-09-25,11.841031074523926
2018-09-26,11.926216125488281
2018-09-27,11.910726547241211
2018-09-28,12.15854549407959
2018-10-01,10.989157676696777
2018-10-02,11.182764053344727
2018-10-03,11.523512840270996
2018-10-04,11.446070671081543
2018-10-05,11.407349586486816
2018-10-08,11.360881805419922
2018-10-09,10.718108177185059
2018-10-10,10.230216026306152
2018-10-11,10.253451347351074
2018-10-12,10.29991626739502
2018-10-15,10.462545394897461
2018-10-16,10.532243728637695
2018-10-17,10.509010314941406
2018-10-18,10.052099227905273
2018-10-19,9.92818832397461
2018-10-22,9.672629356384277
2018-10-23,9.2931547164917
2018-10-24,8.820755004882812
2018-10-25,8.495494842529297
2018-10-26,8.131511688232422
2018-10-29,8.06955623626709
2018-10-30,8.186280250549316
2018-10-31,8.489765167236328
2018-11-01,9.120078086853027
2018-11-02,9.143423080444336
2018-11-05,9.244584083557129
2018-11-06,9.252368927001953
2018-11-07,9.30683708190918
2018-11-08,9.182332038879395
2018-11-09,8.894410133361816
2018-11-12,8.762124061584473
2018-11-13,8.738778114318848
2018-11-14,8.707653045654297
2018-11-15,8.839940071105957
2018-11-16,8.941100120544434
2018-11-19,8.933319091796875
2018-11-20,8.622053146362305
2018-11-21,8.847721099853516
2018-11-23,8.871066093444824
2018-11-26,9.120078086853027
2018-11-27,8.995573997497559
2018-11-28,9.275712013244629
2018-11-29,9.283493995666504
2018-11-30,9.493595123291016
2018-12-03,9.641447067260742
2018-12-04,9.042262077331543
2018-12-06,9.322400093078613
2018-12-07,9.158987998962402
2018-12-10,7.8127641677856445
2018-12-11,7.913923740386963
2018-12-12,8.100683212280273
2018-12-13,7.532625198364258
2018-12-14,7.46259069442749
2018-12-17,7.478152751922607
2018-12-18,7.3536481857299805
2018-12-19,7.011253833770752
2018-12-20,5.408237457275391
2018-12-21,5.7117204666137695
2018-12-24,5.524961948394775
2018-12-26,5.64168643951416
2018-12-27,5.8595733642578125
2018-12-28,5.797319412231445
2018-12-31,5.8440093994140625
2019-01-02,6.03855037689209
2019-01-03,5.618342399597168
2019-01-04,6.100803375244141
2019-01-07,6.201963901519775
2019-01-08,6.225310802459717
2019-01-09,6.287562847137451
2019-01-10,6.279781818389893
2019-01-11,6.365379333496094
2019-01-14,6.209746360778809
2019-01-15,6.225310802459717
2019-01-16,6.225310802459717
2019-01-17,6.412068843841553
2019-01-18,6.762241840362549
2019-01-22,6.116366863250732
2019-01-23,6.116366863250732
2019-01-24,6.217528343200684
2019-01-25,6.404287338256836
2019-01-28,6.318688869476318
2019-01-29,6.404287338256836
2019-01-30,6.506066799163818
2019-01-31,6.506066799163818
2019-02-01,6.521725654602051
2019-02-04,6.61567497253418
2019-02-05,6.607847213745117
2019-02-06,6.7566022872924805
2019-02-07,6.5843586921691895
2019-02-08,6.521725654602051
2019-02-11,6.6469926834106445
2019-02-12,6.7879180908203125
2019-02-13,6.960160255432129
2019-02-14,6.842722415924072
2019-02-15,6.967988967895508
2019-02-19,7.17937707901001
2019-02-20,7.320305347442627
2019-02-21,7.148062705993652
2019-02-22,7.2889885902404785
2019-02-25,7.218523979187012
2019-02-26,7.124573707580566
2019-02-27,7.1010847091674805
2019-02-28,6.921014308929443
2019-03-01,7.030623435974121
2019-03-04,6.905355930328369
2019-03-05,6.905355930328369
2019-03-06,6.8662109375
2019-03-07,7.609984874725342
2019-03-08,8.27546501159668
2019-03-11,8.345929145812988
2019-03-12,8.267637252807617
2019-03-13,8.408562660217285
2019-03-14,8.369417190551758
2019-03-15,8.580802917480469
2019-03-18,8.721733093261719
2019-03-19,8.369417190551758
2019-03-20,8.244150161743164
2019-03-21,8.33810043334961
2019-03-22,7.946639060974121
2019-03-25,7.938812255859375
2019-03-26,8.118882179260254
2019-03-27,8.23631763458252
2019-03-28,8.369417190551758
2019-03-29,8.572977066040039
2019-04-01,8.800021171569824
2019-04-02,8.557320594787598
2019-04-03,8.580802917480469
2019-04-04,8.75304889678955
2019-04-05,8.815682411193848
2019-04-08,8.901803970336914
2019-04-09,8.75304889678955
2019-04-10,8.854826927185059
2019-04-11,8.893973350524902
2019-04-12,8.9566068649292
2019-04-15,8.980096817016602
2019-04-16,9.457674026489258
2019-04-17,9.645573616027832
2019-04-18,9.543795585632324
2019-04-22,9.50465202331543
2019-04-23,9.645573616027832
2019-04-24,9.825647354125977
2019-04-25,9.449847221374512
2019-04-26,9.794332504272461
2019-04-29,9.89652156829834
2019-04-30,9.975123405456543
2019-05-01,9.880800247192383
2019-05-02,9.786469459533691
2019-05-03,9.990849494934082
2019-05-06,9.762890815734863
2019-05-07,9.503490447998047
2019-05-08,9.432741165161133
2019-05-09,9.519208908081055
2019-05-10,9.589953422546387
2019-05-13,9.346277236938477
2019-05-14,9.495626449584961
2019-05-15,9.707864761352539
2019-05-16,9.621397972106934
2019-05-17,9.299113273620605
2019-05-20,9.134038925170898
2019-05-21,9.346277236938477
2019-05-22,9.03971004486084
2019-05-23,8.80389404296875
2019-05-24,8.882498741149902
2019-05-28,9.236226081848145
2019-05-29,9.071157455444336
2019-05-30,8.984688758850098
2019-05-31,8.709567070007324
2019-06-03,8.8431978225708
2019-06-04,9.322693824768066
2019-06-05,9.369858741760254
2019-06-06,8.623099327087402
2019-06-07,9.605677604675293
2019-06-10,10.470344543457031
2019-06-11,10.368156433105469
2019-06-12,10.572531700134277
2019-06-13,10.666857719421387
2019-06-14,10.210941314697266
2019-06-17,10.093035697937012
2019-06-18,10.3996000289917
2019-06-19,10.643278121948242
2019-06-20,10.934122085571289
2019-06-21,10.9183988571167
2019-06-24,10.517508506774902
2019-06-25,10.5489501953125
2019-06-26,10.658998489379883
2019-06-27,10.9183988571167
2019-06-28,11.327152252197266
2019-07-01,11.224964141845703
2019-07-02,11.028450012207031
2019-07-03,11.091334342956543
2019-07-05,11.052031517028809
2019-07-08,11.028450012207031
2019-07-09,11.06775188446045
2019-07-10,10.941980361938477
2019-07-11,10.910539627075195
2019-07-12,11.06775188446045
2019-07-15,10.619697570800781
2019-07-16,10.847655296325684
2019-07-17,10.847655296325684
2019-07-18,10.776908874511719
2019-07-19,10.761187553405762
2019-07-22,10.792630195617676
2019-07-23,11.052031517028809
2019-07-24,11.445060729980469
2019-07-25,11.240687370300293
2019-07-26,11.515809059143066
2019-07-29,11.318617820739746
2019-07-30,11.555246353149414
2019-07-31,11.492143630981445
2019-08-01,11.168753623962402
2019-08-02,10.884804725646973
2019-08-05,10.356338500976562
2019-08-06,10.372112274169922
2019-08-07,10.28535270690918
2019-08-08,9.79632568359375
2019-08-09,9.670123100280762
2019-08-12,9.315184593200684
2019-08-13,9.58336067199707
2019-08-14,8.976018905639648
2019-08-15,8.826157569885254
2019-08-16,9.04701042175293
2019-08-19,9.244195938110352
2019-08-20,9.26785659790039
2019-08-21,9.346735000610352
2019-08-22,9.346735000610352
2019-08-23,9.07066822052002
2019-08-26,9.26785659790039
2019-08-27,9.094331741333008
2019-08-28,9.417720794677734
2019-08-29,9.85942554473877
2019-08-30,10.167037963867188
2019-09-03,9.173208236694336
2019-09-04,9.567587852478027
2019-09-05,7.2407612800598145
2019-09-06,6.530881404876709
2019-09-09,7.114560604095459
2019-09-10,7.603588104248047
2019-09-11,7.942751407623291
2019-09-12,8.19515323638916
2019-09-13,8.400229454040527
2019-09-16,8.471217155456543
2019-09-17,8.550091743469238
2019-09-18,8.66840648651123
2019-09-19,8.692068099975586
2019-09-20,9.04701042175293
2019-09-23,9.299407005310059
2019-09-24,9.323073387145996
2019-09-25,9.10222339630127
2019-09-26,8.660517692565918
2019-09-27,8.565866470336914
2019-09-30,9.015458106994629
2019-10-01,8.64474105834961
2019-10-02,8.755169868469238
2019-10-03,8.573755264282227
2019-10-04,8.94446849822998
2019-10-07,9.07066822052002
2019-10-08,8.826157569885254
2019-10-09,8.550091743469238
2019-10-10,8.723617553710938
2019-10-11,9.062782287597656
2019-10-14,9.212646484375
2019-10-15,9.59124755859375
2019-10-16,9.575472831726074
2019-10-17,9.48082447052002
2019-10-18,9.472935676574707
2019-10-21,9.670123100280762
2019-10-22,9.788435935974121
2019-10-23,10.12760066986084
2019-10-24,9.97773551940918
2019-10-25,10.032950401306152
2019-10-28,10.072388648986816
2019-10-29,10.199082374572754
2019-10-30,10.24659538269043
2019-10-31,9.850667953491211
2019-11-01,10.104063034057617
2019-11-04,10.19116497039795
2019-11-05,10.341619491577148
2019-11-06,10.349535942077637
2019-11-07,11.101797103881836
2019-11-08,11.363109588623047
2019-11-11,11.33143424987793
2019-11-12,11.33143424987793
2019-11-13,11.299760818481445
2019-11-14,11.00677490234375
2019-11-15,11.054287910461426
2019-11-18,10.563336372375488
2019-11-19,10.484150886535645
2019-11-20,10.341619491577148
2019-11-21,10.167410850524902
2019-11-22,10.238676071166992
2019-11-25,10.365375518798828
2019-11-26,10.492070198059082
2019-11-27,10.4049654006958
2019-11-29,10.294109344482422
2019-12-02,10.214921951293945
2019-12-03,10.08822250366211
2019-12-04,9.985286712646484
2019-12-05,10.135735511779785
2019-12-06,10.32578182220459
2019-12-09,10.207003593444824
2019-12-10,10.135735511779785
2019-12-11,10.30202579498291
2019-12-12,10.618766784667969
2019-12-13,10.230758666992188
2019-12-16,9.56559944152832
2019-12-17,9.351799964904785
2019-12-18,9.328044891357422
2019-12-19,10.09614372253418
2019-12-20,9.914019584655762
2019-12-23,10.254514694213867
2019-12-24,10.634605407714844
2019-12-26,10.214921951293945
2019-12-27,9.985286712646484
2019-12-30,9.818992614746094
2019-12-31,9.684379577636719
2020-01-02,9.478497505187988
2020-01-03,9.541844367980957
2020-01-06,9.391392707824707
2020-01-07,9.098406791687012
2020-01-08,9.011302947998047
2020-01-09,8.749988555908203
2020-01-10,8.575782775878906
2020-01-13,8.496596336364746
2020-01-14,8.369898796081543
2020-01-15,8.464923858642578
2020-01-16,8.567862510681152
2020-01-17,8.67872142791748
2020-01-21,8.520352363586426
2020-01-22,8.369898796081543
2020-01-23,8.433248519897461
2020-01-24,8.425331115722656
2020-01-27,8.227367401123047
2020-01-28,8.227367401123047
2020-01-29,8.132343292236328
2020-01-30,8.283531188964844
2020-01-31,7.957284927368164
2020-02-03,8.12438678741455
2020-02-04,8.180087089538574
2020-02-05,8.434721946716309
2020-02-06,8.355148315429688
2020-02-07,8.05277156829834
2020-02-10,7.989112377166748
2020-02-11,8.116429328918457
2020-02-12,8.211915969848633
2020-02-13,8.17212963104248
2020-02-14,8.084601402282715
2020-02-18,7.965242385864258
2020-02-19,7.623077869415283
2020-02-20,8.148260116577148
2020-02-21,7.965242385864258
2020-02-24,7.543506145477295
2020-02-25,7.225212097167969
2020-02-26,7.034238815307617
2020-02-27,6.4215288162231445
2020-02-28,6.230553150177002
2020-03-02,6.580674171447754
2020-03-03,6.286253929138184
2020-03-04,6.206682205200195
2020-03-05,6.747775554656982
2020-03-06,5.761073112487793
2020-03-09,5.188149452209473
2020-03-10,5.466654300689697
2020-03-11,5.044917583465576
2020-03-12,4.265104293823242
2020-03-13,5.052874565124512
2020-03-16,4.233275890350342
2020-03-17,4.662968635559082
2020-03-18,4.3048906326293945
2020-03-19,4.973303318023682
2020-03-20,4.233275890350342
2020-03-23,3.9388551712036133
2020-03-24,3.5648632049560547
2020-03-25,3.461418390274048
2020-03-26,3.5648632049560547
2020-03-27,3.334101438522339
2020-03-30,3.0078535079956055
2020-03-31,3.3181874752044678
2020-04-01,3.5171194076538086
2020-04-02,3.2784006595611572
2020-04-03,3.135169744491577
2020-04-06,3.5409913063049316
2020-04-07,3.389803171157837
2020-04-08,3.397761106491089
2020-04-09,3.4932479858398438
2020-04-13,3.4455037117004395
2020-04-14,3.310230255126953
2020-04-15,3.1510848999023438
2020-04-16,3.023768186569214
2020-04-17,3.3181874752044678
2020-04-20,3.1192548274993896
2020-04-21,3.2943148612976074
2020-04-22,3.1033411026000977
2020-04-23,3.2943148612976074
2020-04-24,3.421631336212158
2020-04-27,3.5489485263824463
2020-04-28,3.747880220413208
2020-04-29,4.351080417633057
2020-04-30,4.278696537017822
2020-05-01,4.101757049560547
2020-05-04,3.699625253677368
2020-05-05,3.4583446979522705
2020-05-06,3.54681396484375
2020-05-07,3.394003391265869
2020-05-08,4.230440616607666
2020-05-11,4.085671901702881
2020-05-12,3.7720086574554443
2020-05-13,3.5709421634674072
2020-05-14,3.6674540042877197
2020-05-15,3.876563310623169
2020-05-18,4.182184219360352
2020-05-19,4.254569053649902
2020-05-20,4.326952934265137
2020-05-21,4.294781684875488
2020-05-22,4.439549922943115
2020-05-26,4.664744853973389
2020-05-27,5.284029483795166
2020-05-28,4.99449348449707
2020-05-29,4.9060235023498535
2020-06-01,4.881896495819092
2020-06-02,4.978407382965088
2020-06-03,5.420754909515381
2020-06-04,5.863100528717041
2020-06-05,6.410001754760742
2020-06-08,6.426086902618408
2020-06-09,5.629863739013672
2020-06-10,5.477053642272949
2020-06-11,5.219687461853027
2020-06-12,5.115133762359619
2020-06-15,5.348371982574463
2020-06-16,5.396626949310303
2020-06-17,5.131218910217285
2020-06-18,5.1875176429748535
2020-06-19,5.123176097869873
2020-06-22,5.195559978485107
2020-06-23,5.107090950012207
2020-06-24,4.897982120513916
2020-06-25,4.865809917449951
2020-06-26,4.785384178161621
2020-06-29,4.946237564086914
2020-06-30,4.9060235023498535
2020-07-01,4.8416829109191895
2020-07-02,4.93015193939209
2020-07-06,4.809511184692383
2020-07-07,4.495848178863525
2020-07-08,4.407378673553467
2020-07-09,4.125885486602783
2020-07-10,4.399336338043213
2020-07-13,4.415421962738037
2020-07-14,4.5038909912109375
2020-07-15,4.857769012451172
2020-07-16,4.87385368347168
2020-07-17,4.881896495819092
2020-07-20,4.761256217956543
2020-07-21,5.042749404907227
2020-07-22,5.026664733886719
2020-07-23,5.123176097869873
2020-07-24,5.002535820007324
2020-07-27,5.066877365112305
2020-07-28,5.107090950012207
2020-07-29,5.3644561767578125
2020-07-30,5.348371982574463
2020-07-31,5.227731227874756
2020-08-03,5.59769344329834
2020-08-04,5.444882869720459
2020-08-05,5.798759937286377
2020-08-06,5.54139518737793
2020-08-07,5.830930709838867
2020-08-10,6.0480828285217285
2020-08-11,6.2089362144470215
2020-08-12,6.257192134857178
2020-08-13,6.18480920791626
2020-08-14,6.225020885467529
2020-08-17,6.281319618225098
2020-08-18,6.305446624755859
2020-08-19,6.329574108123779
2020-08-20,6.176764488220215
2020-08-21,6.5788984298706055
2020-08-24,6.466300010681152
2020-08-25,6.522599220275879
2020-08-26,6.4019598960876465
2020-08-27,6.353704452514648
2020-08-28,6.329574108123779
2020-08-31,6.233063697814941
2020-09-01,6.385873794555664
2020-09-02,6.4502153396606445
2020-09-03,6.546728610992432
2020-09-04,6.586939811706543
2020-09-08,6.426086902618408
2020-09-09,6.353704452514648
2020-09-10,6.152636528015137
2020-09-11,6.192849636077881
2020-09-14,6.297404766082764
2020-09-15,6.249148368835449
2020-09-16,6.168722152709961
2020-09-17,6.096337795257568
2020-09-18,6.410001754760742
2020-09-21,6.080252647399902
2020-09-22,5.871143817901611
2020-09-23,5.863100528717041
2020-09-24,5.951570987701416
2020-09-25,5.8872294425964355
2020-09-28,6.088296413421631
2020-09-29,6.2411065101623535
2020-09-30,6.345661163330078
2020-10-01,6.474343776702881
2020-10-02,6.458258628845215
2020-10-05,6.739750862121582
2020-10-06,6.731709003448486
2020-10-07,6.884519100189209
2020-10-08,6.9649457931518555
2020-10-09,6.956902980804443
2020-10-12,7.149927139282227
2020-10-13,7.0292863845825195
2020-10-14,6.836261749267578
2020-10-15,6.844305038452148
2020-10-16,6.892561912536621
2020-10-19,6.667366981506348
2020-10-20,6.69953727722168
2020-10-21,6.522599220275879
2020-10-22,6.67540979385376
2020-10-23,6.635196208953857
2020-10-26,6.635196208953857
2020-10-27,6.4502153396606445
2020-10-28,6.426086902618408
2020-10-29,6.281319618225098
2020-10-30,6.31348991394043
2020-11-02,6.635196208953857
2020-11-03,6.836261749267578
2020-11-04,6.482386589050293
2020-11-05,6.76387882232666
2020-11-06,6.611068248748779
2020-11-09,6.771921157836914
2020-11-10,7.10167121887207
2020-11-11,7.013201713562012
2020-11-12,6.9247331619262695
2020-11-13,7.061457633972168
2020-11-16,7.270565986633301
2020-11-17,7.439462661743164
2020-11-18,7.495760440826416
2020-11-19,7.3349080085754395
2020-11-20,7.310779571533203
2020-11-23,7.6566162109375
2020-11-24,7.970279693603516
2020-11-25,7.67270040512085
2020-11-27,7.712913990020752
2020-11-30,7.431419849395752
2020-12-01,7.511847972869873
2020-12-02,7.616401195526123
2020-12-03,7.696828842163086
2020-12-04,7.9622368812561035
2020-12-07,7.897894382476807
2020-12-08,8.14721965789795
2020-12-09,8.404582023620605
2020-12-10,7.95419454574585
2020-12-11,7.78529691696167
2020-12-14,7.632486820220947
2020-12-15,8.195474624633789
2020-12-16,8.08287525177002
2020-12-17,7.592272758483887
2020-12-18,7.592272758483887
2020-12-21,7.2062249183654785
2020-12-22,6.989074230194092
2020-12-23,7.350993633270264
2020-12-24,7.375121593475342
2020-12-28,7.487720012664795
2020-12-29,7.2062249183654785
2020-12-30,7.1579694747924805
2020-12-31,7.085585117340088
2021-01-04,7.021243572235107
2021-01-05,7.286651611328125
2021-01-06,7.431419849395752
2021-01-07,6.981029987335205
2021-01-08,6.868433952331543
2021-01-11,6.844305038452148
2021-01-12,7.077543258666992
2021-01-13,7.286651611328125
2021-01-14,7.310779571533203
2021-01-15,7.342952251434326
2021-01-19,8.645862579345703
2021-01-20,9.03995132446289
2021-01-21,9.36166000366211
2021-01-22,9.096251487731934
2021-01-25,9.007781982421875
2021-01-26,8.999739646911621
2021-01-27,8.726288795471191
2021-01-28,8.621734619140625
2021-01-29,8.30807113647461
2021-02-01,8.557393074035645
2021-02-02,8.734332084655762
2021-02-03,8.653905868530273
2021-02-04,8.854972839355469
2021-02-05,8.975611686706543
2021-02-08,9.184721946716309
2021-02-09,9.305359840393066
2021-02-10,9.08016586303711
2021-02-11,9.249063491821289
2021-02-12,9.482300758361816
2021-02-16,9.70749568939209
2021-02-17,9.562727928161621
2021-02-18,9.43404483795166
2021-02-19,9.892475128173828
2021-02-22,10.19809627532959
2021-02-23,10.117671966552734
2021-02-24,10.511758804321289
2021-02-25,10.101584434509277
2021-02-26,9.98898696899414
2021-03-01,10.503717422485352
2021-03-02,10.3589506149292
2021-03-03,10.519801139831543
2021-03-04,10.25439453125
2021-03-05,10.769125938415527
2021-03-08,10.929980278015137
2021-03-09,11.364282608032227
2021-03-10,12.91651725769043
2021-03-11,14.187255859375
2021-03-12,16.382904052734375
2021-03-15,16.567882537841797
2021-03-16,16.358774185180664
2021-03-17,16.447248458862305
2021-03-18,15.932514190673828
2021-03-19,15.128250122070312
2021-03-22,14.677860260009766
2021-03-23,13.98619270324707
2021-03-24,14.235514640808105
2021-03-25,14.734155654907227
2021-03-26,14.718072891235352
2021-03-29,14.251595497131348
2021-03-30,15.683191299438477
2021-03-31,15.409740447998047
2021-04-01,15.46604061126709
2021-04-05,15.755579948425293
2021-04-06,14.870884895324707
2021-04-07,14.76633071899414
2021-04-08,14.991520881652832
2021-04-09,15.088034629821777
2021-04-12,15.46604061126709
2021-04-13,15.039778709411621
2021-04-14,15.160419464111328
2021-04-15,15.007608413696289
2021-04-16,15.739490509033203
2021-04-19,16.125534057617188
2021-04-20,15.474082946777344
2021-04-21,16.246179580688477
2021-04-22,15.610811233520508
2021-04-23,16.479415893554688
2021-04-26,17.154998779296875
2021-04-27,16.905677795410156
2021-04-28,14.782413482666016
2021-04-29,14.693944931030273
2021-04-30,14.669816017150879
2021-05-03,14.991520881652832
2021-05-04,14.830670356750488
2021-05-05,14.870884895324707
2021-05-06,14.710030555725098
2021-05-07,15.120203971862793
2021-05-10,14.701987266540527
2021-05-11,14.444623947143555
2021-05-12,13.937933921813965
2021-05-13,14.750243186950684
2021-05-14,15.29714584350586
2021-05-17,15.071950912475586
2021-05-18,14.613518714904785
2021-05-19,14.436580657958984
2021-05-20,14.340067863464355
2021-05-21,14.52504825592041
2021-05-24,14.299854278564453
2021-05-25,14.090747833251953
2021-05-26,14.613518714904785
2021-05-27,15.498212814331055
2021-05-28,15.055863380432129
2021-06-01,15.29714584350586
2021-06-02,14.999565124511719
2021-06-03,14.967394828796387
2021-06-04,15.490171432495117
2021-06-07,15.779703140258789
2021-06-08,15.329315185546875
2021-06-09,15.610811233520508
2021-06-10,12.86825942993164
2021-06-11,12.7476224899292
2021-06-14,13.117583274841309
2021-06-15,13.262348175048828
2021-06-16,12.7476224899292
2021-06-17,12.224848747253418
2021-06-18,11.943355560302734
2021-06-21,12.232891082763672
2021-06-22,12.739578247070312
2021-06-23,12.948687553405762
2021-06-24,12.884346008300781
2021-06-25,13.12562370300293
2021-06-28,12.586767196655273
2021-06-29,12.360849380493164
2021-06-30,12.659383773803711
2021-07-01,12.893367767333984
2021-07-02,12.707792282104492
2021-07-06,12.562562942504883
2021-07-07,12.869160652160645
2021-07-08,12.683588027954102
2021-07-09,13.2322416305542
2021-07-12,13.425885200500488
2021-07-13,12.893367767333984
2021-07-14,12.861095428466797
2021-07-15,12.651314735412598
2021-07-16,12.126867294311523
2021-07-19,11.53786849975586
2021-07-20,12.175276756286621
2021-07-21,12.498015403747559
2021-07-22,12.005837440490723
2021-07-23,12.312440872192383
2021-07-26,12.296303749084473
2021-07-27,11.949360847473145
2021-07-28,11.973564147949219
2021-07-29,12.304369926452637
2021-07-30,12.191412925720215
2021-08-02,12.054250717163086
2021-08-03,12.33664321899414
2021-08-04,11.917086601257324
2021-08-05,12.183344841003418
2021-08-06,12.53835678100586
2021-08-09,12.376986503601074
2021-08-10,12.909505844116211
2021-08-11,13.280652046203613
2021-08-12,12.780409812927246
2021-08-13,12.796545028686523
2021-08-16,12.699724197387695
2021-08-17,12.312440872192383
2021-08-18,12.264028549194336
2021-08-19,11.787991523742676
2021-08-20,12.247893333435059
2021-08-23,12.425397872924805
2021-08-24,12.853025436401367
2021-08-25,12.780409812927246
2021-08-26,12.546425819396973
2021-08-27,12.990189552307129
2021-08-30,12.974051475524902
2021-08-31,13.119283676147461
2021-09-01,12.909505844116211
2021-09-02,13.24030876159668
2021-09-03,13.175763130187988
2021-09-07,13.764758110046387
2021-09-08,12.11072826385498
2021-09-09,12.33664321899414
2021-09-10,13.0628080368042
2021-09-13,13.79703140258789
2021-09-14,13.320995330810547
2021-09-15,13.676005363464355
2021-09-16,13.805103302001953
2021-09-17,13.788965225219727
2021-09-20,13.433954238891602
2021-09-21,13.224173545837402
2021-09-22,13.651799201965332
2021-09-23,13.918061256408691
2021-09-24,13.845443725585938
2021-09-27,14.386031150817871
2021-09-28,14.329549789428711
2021-09-29,14.40237045288086
2021-09-30,13.884532928466797
2021-10-01,14.31336784362793
2021-10-04,14.256731033325195
2021-10-05,14.483283042907715
2021-10-06,13.504244804382324
2021-10-07,13.463789939880371
2021-10-08,13.059228897094727
2021-10-11,12.865038871765137
2021-10-12,12.7679443359375
2021-10-13,12.27437973022461
2021-10-14,12.525205612182617
2021-10-15,12.169193267822266
2021-10-18,12.015462875366211
2021-10-19,11.991188049316406
2021-10-20,12.161103248596191
2021-10-21,12.055917739868164
2021-10-22,11.983097076416016
2021-10-25,12.039734840393066
2021-10-26,11.764633178710938
2021-10-27,11.594718933105469
2021-10-28,12.185378074645996
2021-10-29,12.225831985473633
2021-11-01,12.71130657196045
2021-11-02,12.654669761657715
2021-11-03,13.067322731018066
2021-11-04,13.488061904907227
2021-11-05,13.714617729187012
2021-11-08,14.281001091003418
2021-11-09,14.31336784362793
2021-11-10,14.3538236618042
2021-11-11,14.345732688903809
2021-11-12,14.40237045288086
2021-11-15,14.232455253601074
2021-11-16,14.321459770202637
2021-11-17,14.102997779846191
2021-11-18,13.965446472167969
2021-11-19,13.657976150512695
2021-11-22,14.143452644348145
2021-11-23,13.997810363769531
2021-11-24,13.973538398742676
2021-11-26,13.358603477478027
2021-11-29,13.172505378723145
2021-11-30,12.703214645385742
2021-12-01,12.492842674255371
2021-12-02,12.929767608642578
2021-12-03,12.840764999389648
2021-12-06,13.067322731018066
2021-12-07,13.253417015075684
2021-12-08,13.237235069274902
2021-12-09,13.180598258972168
2021-12-10,13.285783767700195
2021-12-13,13.123955726623535
2021-12-14,12.889313697814941
2021-12-15,9.604278564453125
2021-12-16,10.510493278503418
2021-12-17,10.850323677062988
2021-12-20,11.0687894821167
2021-12-21,10.915054321289062
2021-12-22,11.384346008300781
2021-12-23,11.327706336975098
2021-12-27,11.594718933105469
2021-12-28,11.505714416503906
2021-12-29,11.635172843933105
2021-12-30,11.700129508972168
2021-12-31,11.48902702331543
2022-01-03,11.732608795166016
2022-01-04,12.016788482666016
2022-01-05,11.708250045776367
2022-01-06,11.992429733276367
2022-01-07,11.789444923400879
2022-01-10,11.683889389038086
2022-01-11,11.480905532836914
2022-01-12,11.545858383178711
2022-01-13,11.261678695678711
2022-01-14,11.4646635055542
2022-01-18,10.912542343139648
2022-01-19,10.685195922851562
2022-01-20,10.465973854064941
2022-01-21,10.44161319732666
2022-01-24,10.38477897644043
2022-01-25,10.38477897644043
2022-01-26,10.555286407470703
2022-01-27,10.5958833694458
2022-01-28,10.612122535705566
2022-01-31,10.904423713684082
2022-02-01,11.245439529418945
2022-02-02,11.342872619628906
2022-02-03,10.920661926269531
2022-02-04,10.977498054504395
2022-02-07,11.05057430267334
2022-02-08,11.261678695678711
2022-02-09,11.399710655212402
2022-02-10,11.204843521118164
2022-02-11,11.156126022338867
2022-02-14,11.03433609008789
2022-02-15,11.472784996032715
2022-02-16,11.643293380737305
2022-02-17,11.123648643493652
2022-02-18,11.018094062805176
2022-02-22,10.920661926269531
2022-02-23,10.506569862365723
2022-02-24,10.693317413330078
2022-02-25,10.961260795593262
2022-02-28,10.977498054504395
2022-03-01,10.587763786315918
2022-03-02,11.066813468933105
2022-03-03,11.28603744506836
2022-03-04,11.066813468933105
2022-03-07,10.474089622497559
2022-03-08,10.5958833694458
2022-03-09,10.83134937286377
2022-03-10,11.221081733703613
2022-03-11,10.782631874084473
2022-03-14,10.5958833694458
2022-03-15,10.733915328979492
2022-03-16,10.920661926269531
2022-03-17,11.180485725402832
2022-03-18,10.961260795593262
2022-03-21,11.29415512084961
2022-03-22,10.936902046203613
2022-03-23,11.148005485534668
2022-03-24,11.156126022338867
2022-03-25,11.334752082824707
2022-03-28,11.26979923248291
2022-03-29,11.545858383178711
2022-03-30,11.179197311401367
2022-03-31,10.918455123901367
2022-04-01,10.861419677734375
2022-04-04,10.8858642578125
2022-04-05,10.315498352050781
2022-04-06,10.152534484863281
2022-04-07,10.22586727142334
2022-04-08,9.736981391906738
2022-04-11,9.90809154510498
2022-04-12,9.87549877166748
2022-04-13,10.062907218933105
2022-04-14,10.144386291503906
2022-04-18,9.97327709197998
2022-04-19,10.25846004486084
2022-04-20,10.339940071105957
2022-04-21,10.250312805175781
2022-04-22,9.826610565185547
2022-04-25,9.891796112060547
2022-04-26,9.696239471435547
2022-04-27,9.679943084716797
2022-04-28,9.794018745422363
2022-04-29,9.712536811828613
2022-05-02,9.867353439331055
2022-05-03,10.193275451660156
2022-05-04,10.600682258605957
2022-05-05,10.176977157592773
2022-05-06,9.965126991271973
2022-05-09,10.005868911743164
2022-05-10,9.777722358703613
2022-05-11,9.728832244873047
2022-05-12,9.802166938781738
2022-05-13,9.883647918701172
2022-05-16,9.867353439331055
2022-05-17,10.282903671264648
2022-05-18,9.810314178466797
2022-05-19,9.66364860534668
2022-05-20,9.41105842590332
2022-05-23,9.696239471435547
2022-05-24,9.606613159179688
2022-05-25,9.842907905578613
2022-05-26,10.095498085021973
2022-05-27,10.266609191894531
2022-05-31,9.997720718383789
2022-06-01,9.818460464477539
2022-06-02,10.005868911743164
2022-06-03,9.818460464477539
2022-06-06,9.916239738464355
2022-06-07,8.28662109375
2022-06-08,9.443650245666504
2022-06-09,8.995504379272461
2022-06-10,8.555506706237793
2022-06-13,8.42513656616211
2022-06-14,8.669581413269043
2022-06-15,9.093279838562012
2022-06-16,8.148101806640625
2022-06-17,8.44143295288086
2022-06-21,8.596245765686035
2022-06-22,8.628839492797852
2022-06-23,8.628839492797852
2022-06-24,9.117725372314453
2022-06-27,9.134020805358887
2022-06-28,8.995504379272461
2022-06-29,8.700839042663574
2022-06-30,8.8972806930542
2022-07-01,8.774504661560059
2022-07-05,8.774504661560059
2022-07-06,8.64354419708252
2022-07-07,8.93820858001709
2022-07-08,8.741765022277832
2022-07-11,8.651727676391602
2022-07-12,8.618988990783691
2022-07-13,8.553503036499023
2022-07-14,8.5862455368042
2022-07-15,8.749948501586914
2022-07-18,8.766318321228027
2022-07-19,9.241059303283691
2022-07-20,9.453874588012695
2022-07-21,9.31472396850586
2022-07-22,9.216503143310547
2022-07-25,9.249244689941406
2022-07-26,9.142837524414062
2022-07-27,9.241059303283691
2022-07-28,9.322912216186523
2022-07-29,9.527542114257812
2022-08-01,9.388392448425293
2022-08-02,9.355652809143066
2022-08-03,9.527542114257812
2022-08-04,9.470244407653809
2022-08-05,9.404763221740723
2022-08-08,9.412946701049805
2022-08-09,9.298354148864746
2022-08-10,9.552096366882324
2022-08-11,9.715800285339355
2022-08-12,9.879502296447754
2022-08-15,10.100502967834473
2022-08-16,10.354242324829102
2022-08-17,9.961353302001953
2022-08-18,10.043206214904785
2022-08-19,9.838579177856445
2022-08-22,9.552096366882324
2022-08-23,9.666688919067383
2022-08-24,9.863131523132324
2022-08-25,10.092317581176758
2022-08-26,9.74035358428955
2022-08-29,9.666688919067383
2022-08-30,9.65031909942627
2022-08-31,9.429319381713867
2022-09-01,9.265616416931152
2022-09-02,8.905468940734863
2022-09-06,8.946393013000488
2022-09-07,9.355652809143066
2022-09-08,9.601207733154297
2022-09-09,9.895872116088867
2022-09-12,9.879502296447754
2022-09-13,9.552096366882324
2022-09-14,9.478429794311523
2022-09-15,9.568466186523438
2022-09-16,9.666688919067383
2022-09-19,9.912243843078613
2022-09-20,10.01865005493164
2022-09-21,9.928614616394043
2022-09-22,9.5848388671875
2022-09-23,9.322912216186523
2022-09-26,9.273799896240234
2022-09-27,9.298354148864746
2022-09-28,9.601207733154297
2022-09-29,9.247736930847168
2022-09-30,9.066893577575684
2022-10-03,9.62586784362793
2022-10-04,9.954676628112793
2022-10-05,9.823151588439941
2022-10-06,9.897135734558105
2022-10-07,9.51900577545166
2022-10-10,9.601207733154297
2022-10-11,9.494344711303711
2022-10-12,9.699849128723145
2022-10-13,10.061540603637695
2022-10-14,9.888916015625
2022-10-17,10.176620483398438
2022-10-18,10.480769157409668
2022-10-19,10.497208595275879
2022-10-20,10.184843063354492
2022-10-21,10.702715873718262
2022-10-24,10.932880401611328
2022-10-25,10.982202529907227
2022-10-26,11.105504989624023
2022-10-27,11.130167007446289
2022-10-28,11.39321231842041
2022-10-31,11.294570922851562
2022-11-01,11.376771926879883
2022-11-02,11.015083312988281
2022-11-03,10.932880401611328
2022-11-04,11.319231033325195
2022-11-07,11.458974838256836
2022-11-08,11.384992599487305
2022-11-09,11.113724708557129
2022-11-10,11.500075340270996
2022-11-11,11.549395561218262
2022-11-14,11.639819145202637
2022-11-15,11.582279205322266
2022-11-16,11.31101131439209
2022-11-17,11.467194557189941
2022-11-18,11.442534446716309
2022-11-21,11.450754165649414
2022-11-22,11.549395561218262
2022-11-23,11.426094055175781
2022-11-25,11.483635902404785
2022-11-28,11.212368965148926
2022-11-29,11.04796314239502
2022-11-30,11.417874336242676
2022-12-01,11.557618141174316
2022-12-02,11.458974838256836
2022-12-05,11.319231033325195
2022-12-06,11.261689186096191
2022-12-07,10.891779899597168
2022-12-08,10.87533950805664
2022-12-09,10.752036094665527
2022-12-12,10.809576034545898
2022-12-13,10.916440963745117
2022-12-14,11.96863079071045
2022-12-15,10.497208595275879
2022-12-16,10.168399810791016
2022-12-19,10.423229217529297
2022-12-20,10.423229217529297
2022-12-21,10.661614418029785
2022-12-22,10.464327812194824
2022-12-23,10.604072570800781
2022-12-27,10.694496154785156
2022-12-28,10.406787872314453
2022-12-29,10.505820274353027
2022-12-30,10.415040969848633
2023-01-03,10.49756908416748
2023-01-04,10.778164863586426
2023-01-05,10.76165771484375
2023-01-06,10.967977523803711
2023-01-09,10.910210609436035
2023-01-10,10.99273681640625
2023-01-11,11.025749206542969
2023-01-12,11.14128589630127
2023-01-13,11.149539947509766
2023-01-17,11.0339994430542
2023-01-18,10.844186782836914
2023-01-19,10.703889846801758
2023-01-20,10.786417007446289
2023-01-23,10.901956558227539
2023-01-24,10.943219184875488
2023-01-25,10.89370346069336
2023-01-26,11.058757781982422
2023-01-27,10.802922248840332
2023-01-30,10.349018096923828
2023-01-31,10.571845054626465
2023-02-01,10.66262435913086
2023-02-02,10.868946075439453
2023-02-03,10.76165771484375
2023-02-06,10.51407527923584
2023-02-07,10.39028263092041
2023-02-08,10.29124927520752
2023-02-09,10.183961868286133
2023-02-10,10.117939949035645
2023-02-13,10.31600570678711
2023-02-14,10.241730690002441
2023-02-15,10.258237838745117
2023-02-16,10.299501419067383
2023-02-17,10.324258804321289
2023-02-21,10.142699241638184
2023-02-22,10.109686851501465
2023-02-23,10.109686851501465
2023-02-24,9.903367042541504
2023-02-27,9.672286987304688
2023-02-28,9.647529602050781
2023-03-01,9.6062650680542
2023-03-02,9.754816055297852
2023-03-03,9.94463062286377
2023-03-06,10.12619400024414
2023-03-07,10.258237838745117
2023-03-08,10.481063842773438
2023-03-09,10.563592910766602
2023-03-10,10.05191707611084
2023-03-13,9.639276504516602
2023-03-14,9.985894203186035
2023-03-15,9.771323204040527
2023-03-16,9.845597267150879
2023-03-17,9.449462890625
2023-03-20,9.399945259094238
2023-03-21,9.763069152832031
2023-03-22,9.58150577545166
2023-03-23,9.375186920166016
2023-03-24,9.416452407836914
2023-03-27,9.507233619689941
2023-03-28,9.54849624633789
2023-03-29,9.655780792236328
2023-03-30,9.755242347717285
2023-03-31,9.937582969665527
2023-04-03,9.804970741271973
2023-04-04,9.548036575317383
2023-04-05,9.390559196472168
2023-04-06,9.490018844604492
2023-04-10,9.56461238861084
2023-04-11,9.56461238861084
2023-04-12,9.622629165649414
2023-04-13,9.630918502807617
2023-04-14,9.53145980834961
2023-04-17,9.697221755981445
2023-04-18,9.539748191833496
2023-04-19,9.465153694152832
2023-04-20,9.315966606140137
2023-04-21,9.25794792175293
2023-04-24,9.291101455688477
2023-04-25,8.884978294372559
2023-04-26,8.744078636169434
2023-04-27,8.735790252685547
2023-04-28,8.893265724182129
2023-05-01,9.083894729614258
2023-05-02,8.934707641601562
2023-05-03,8.90984058380127
2023-05-04,8.594890594482422
2023-05-05,8.793807029724121
2023-05-08,8.802095413208008
2023-05-09,8.785518646240234
2023-05-10,8.586601257324219
2023-05-11,8.38768482208252
2023-05-12,8.412548065185547
2023-05-15,8.42912483215332
2023-05-16,8.213628768920898
2023-05-17,8.462279319763184
2023-05-18,8.45398998260498
2023-05-19,8.636330604553223
2023-05-22,8.744078636169434
2023-05-23,8.98443603515625
2023-05-24,8.835248947143555
2023-05-25,8.72750186920166
2023-05-26,8.744078636169434
2023-05-30,8.64461898803711
2023-05-31,8.404260635375977
2023-06-01,8.561737060546875
2023-06-02,9.233083724975586
2023-06-05,8.959572792053223
2023-06-06,9.36569595336914
2023-06-07,9.746953964233398
2023-06-08,10.625503540039062
2023-06-09,10.683523178100586
2023-06-12,11.189104080200195
2023-06-13,10.890728950500488
2023-06-14,10.542623519897461
2023-06-15,10.782981872558594
2023-06-16,10.749829292297363
2023-06-20,10.758115768432617
2023-06-21,10.7166748046875
2023-06-22,10.617218017578125
2023-06-23,10.666948318481445
2023-06-26,10.542623519897461
2023-06-27,10.724963188171387
2023-06-28,10.915593147277832
2023-06-29,11.090309143066406
2023-06-30,11.03207015991211
2023-07-03,11.065349578857422
2023-07-05,10.757515907287598
2023-07-06,10.5412015914917
2023-07-07,10.73255729675293
2023-07-10,10.774155616760254
2023-07-11,10.807435035705566
2023-07-12,10.90727424621582
2023-07-13,10.832395553588867
2023-07-14,10.9405517578125
2023-07-17,10.832395553588867
2023-07-18,10.90727424621582
2023-07-19,10.9655122756958
2023-07-20,10.9655122756958
2023-07-21,10.948871612548828
2023-07-24,11.048709869384766
2023-07-25,10.98215103149414
2023-07-26,10.849034309387207
2023-07-27,10.474642753601074
2023-07-28,10.499602317810059
2023-07-31,10.757515907287598
2023-08-01,11.273344039916992
2023-08-02,11.381502151489258
2023-08-03,11.37318229675293
2023-08-04,11.273344039916992
2023-08-07,11.331584930419922
2023-08-08,11.215106010437012
2023-08-09,11.273344039916992
2023-08-10,11.256705284118652
2023-08-11,11.456380844116211
2023-08-14,11.381502151489258
2023-08-15,11.190149307250977
2023-08-16,11.173506736755371
2023-08-17,11.281664848327637
2023-08-18,11.314945220947266
2023-08-21,11.331584930419922
2023-08-22,11.22342586517334
2023-08-23,11.015430450439453
2023-08-24,10.807435035705566
2023-08-25,10.815756797790527
2023-08-28,10.948871612548828
2023-08-29,11.140228271484375
2023-08-30,11.306624412536621
2023-08-31,11.298304557800293
2023-09-01,11.47301959991455
2023-09-05,11.131908416748047
2023-09-06,10.898953437805176
2023-09-07,10.665997505187988
2023-09-08,10.857354164123535
2023-09-11,10.832395553588867
2023-09-12,10.71591854095459
2023-09-13,11.639415740966797
2023-09-14,12.354921340942383
2023-09-15,12.371561050415039
2023-09-18,12.421478271484375
2023-09-19,12.562915802001953
2023-09-20,13.02050495147705
2023-09-21,13.062104225158691
2023-09-22,12.895709037780762
2023-09-25,12.895709037780762
2023-09-26,12.621153831481934
2023-09-27,13.153624534606934
2023-09-28,13.245431900024414
2023-09-29,13.353931427001953
2023-10-02,13.529202461242676
2023-10-03,13.437393188476562
2023-10-04,13.337238311767578
2023-10-05,13.529202461242676
2023-10-06,13.512510299682617
2023-10-09,13.387317657470703
2023-10-10,13.328893661499023
2023-10-11,13.67943286895752
2023-10-12,13.245431900024414
2023-10-13,12.828120231628418
2023-10-16,13.287161827087402
2023-10-17,13.103545188903809
2023-10-18,12.970006942749023
2023-10-19,12.469233512878418
2023-10-20,12.335693359375
2023-10-23,12.135384559631348
2023-10-24,12.27727222442627
2023-10-25,12.319002151489258
2023-10-26,12.410810470581055
2023-10-27,12.010190963745117
2023-10-30,12.035231590270996
2023-10-31,11.884998321533203
2023-11-01,11.993498802185059
2023-11-02,12.27727222442627
2023-11-03,12.60277271270752
2023-11-06,12.552695274353027
2023-11-07,12.243886947631836
2023-11-08,12.352386474609375
2023-11-09,12.285616874694824
2023-11-10,12.66954231262207
2023-11-13,12.561040878295898
2023-11-14,13.08685302734375
2023-11-15,13.17031478881836
2023-11-16,12.652850151062012
2023-11-17,12.727967262268066
2023-11-20,12.727967262268066
2023-11-21,12.444194793701172
2023-11-22,12.419156074523926
2023-11-24,12.552695274353027
2023-11-27,12.794734954833984
2023-11-28,12.794734954833984
2023-11-29,12.944967269897461
2023-11-30,13.178662300109863
2023-12-01,13.495817184448242
2023-12-04,13.587625503540039
2023-12-05,13.420701026916504
2023-12-06,13.387317657470703
2023-12-07,13.721165657043457
2023-12-08,13.64604663848877
2023-12-11,14.155167579650879
2023-12-12,14.238628387451172
2023-12-13,15.507253646850586
2023-12-14,15.599061965942383
2023-12-15,15.48221492767334
2023-12-18,15.023174285888672
2023-12-19,15.21513557434082
2023-12-20,14.806174278259277
2023-12-21,15.265213966369629
2023-12-22,15.323797225952148
2023-12-26,15.633453369140625
2023-12-27,15.725513458251953
2023-12-28,15.533024787902832
2023-12-29,15.206628799438477
2024-01-02,15.03924560546875
2024-01-03,14.537103652954102
2024-01-04,14.093541145324707
2024-01-05,14.311137199401855
2024-01-08,14.587316513061523
2024-01-09,14.503626823425293
2024-01-10,14.403196334838867
2024-01-11,14.495257377624512
2024-01-12,14.570579528808594
2024-01-16,14.587316513061523
2024-01-17,14.4701509475708
2024-01-18,14.654269218444824
2024-01-19,14.604055404663086
2024-01-22,14.83838939666748
2024-01-23,14.528733253479004
2024-01-24,14.595685958862305
2024-01-25,15.030877113342285
2024-01-26,15.089463233947754
2024-01-29,16.830230712890625
2024-01-30,16.754911422729492
2024-01-31,16.336456298828125
2024-02-01,16.29461097717285
2024-02-02,16.227657318115234
2024-02-05,16.361560821533203
2024-02-06,16.27787208557129
2024-02-07,16.361560821533203
2024-02-08,16.38133430480957
2024-02-09,17.13268280029297
2024-02-12,17.29085922241211
2024-02-13,16.66803550720215
2024-02-14,17.498470306396484
2024-02-15,18.052091598510742
2024-02-16,19.119796752929688
2024-02-20,18.882530212402344
2024-02-21,19.070363998413086
2024-02-22,19.228544235229492
2024-02-23,19.74262237548828
2024-02-26,19.396610260009766
2024-02-27,19.396610260009766
2024-02-28,20.049095153808594
2024-02-29,20.40499496459961
2024-03-01,20.54340171813965
2024-03-04,20.780668258666992
2024-03-05,20.523630142211914
2024-03-06,19.732736587524414
2024-03-07,19.169227600097656
2024-03-08,18.447540283203125
2024-03-11,18.190500259399414
2024-03-12,18.388221740722656
2024-03-13,18.971506118774414
2024-03-14,18.368450164794922
2024-03-15,18.368450164794922
2024-03-18,18.32890510559082
2024-03-19,18.566173553466797
2024-03-20,18.6057186126709
2024-03-21,18.6353759765625
2024-03-22,18.368450164794922
2024-03-25,18.378334045410156
2024-03-26,19.49547004699707
2024-03-27,20.446950912475586
2024-03-28,21.893999099731445
2024-04-01,21.735416412353516
2024-04-02,22.191335678100586
2024-04-03,22.211158752441406
2024-04-04,22.825658798217773
2024-04-05,23.331134796142578
2024-04-08,22.99414825439453
2024-04-09,23.202287673950195
2024-04-10,22.706722259521484
2024-04-11,22.825658798217773
2024-04-12,22.26071548461914
2024-04-15,21.90390968322754
2024-04-16,21.408344268798828
2024-04-17,21.051538467407227
2024-04-18,20.96233558654785
2024-04-19,21.021804809570312
2024-04-22,21.38852310180664
2024-04-23,21.606571197509766
2024-04-24,21.715595245361328
2024-04-25,21.5570125579834
2024-04-26,21.051538467407227
2024-04-29,21.358789443969727
2024-04-30,21.666038513183594
2024-05-01,21.715595245361328
2024-05-02,22.875213623046875
2024-05-03,23.043704986572266
2024-05-06,23.7077579498291
2024-05-07,23.95553970336914
2024-05-08,24.807910919189453
2024-05-09,26.106287002563477
2024-05-10,26.363981246948242
2024-05-13,24.99622344970703
2024-05-14,25.01604652404785
2024-05-15,25.769306182861328
2024-05-16,25.789127349853516
2024-05-17,25.620635986328125
2024-05-20,26.50273895263672
2024-05-21,26.8892765045166
2024-05-22,26.61176300048828
2024-05-23,26.23513412475586
2024-05-24,26.958660125732422
2024-05-28,25.521522521972656
2024-05-29,25.37285614013672
2024-05-30,26.264869689941406
2024-05-31,27.166793823242188
2024-06-03,25.81886100769043
2024-06-04,24.57004165649414
2024-06-05,27.54342269897461
2024-06-06,27.265907287597656
2024-06-07,26.621675491333008
2024-06-10,27.037948608398438
2024-06-11,25.898151397705078
2024-06-12,26.1756649017334
2024-06-13,26.02699851989746
2024-06-14,25.997262954711914
2024-06-17,27.04785919189453
2024-06-18,27.22626304626465
2024-06-20,25.858505249023438
2024-06-21,25.670190811157227
2024-06-24,25.164716720581055
2024-06-25,24.768264770507812
2024-06-26,24.7385311126709
2024-06-27,24.639421463012695
2024-06-28,24.718868255615234
2024-07-01,24.450727462768555
2024-07-02,24.80824851989746
2024-07-03,25.086326599121094
2024-07-05,24.569900512695312
2024-07-08,24.639419555664062
2024-07-09,24.341480255126953
2024-07-10,24.589765548706055
2024-07-11,25.135982513427734
2024-07-12,24.72879981994629
2024-07-15,25.19556999206543
2024-07-16,26.397249221801758
2024-07-17,23.94423484802246
2024-07-18,23.735675811767578
2024-07-19,24.410999298095703
2024-07-22,26.556150436401367
2024-07-23,27.191747665405273
2024-07-24,26.705116271972656
2024-07-25,27.221542358398438
2024-07-26,28.274255752563477
2024-07-29,28.085561752319336
2024-07-30,28.860197067260742
2024-07-31,28.979372024536133
2024-08-01,27.986249923706055
2024-08-02,26.51642417907715
2024-08-05,26.37738800048828
2024-08-06,27.45989227294922
2024-08-07,27.0030574798584
2024-08-08,27.638656616210938
2024-08-09,28.323911666870117
2024-08-12,28.085561752319336
2024-08-13,27.92666244506836
2024-08-14,28.07563018798828
2024-08-15,29.396484375
2024-08-16,28.790679931640625
2024-08-19,29.456071853637695
2024-08-20,29.257448196411133
2024-08-21,28.93964958190918
2024-08-22,29.14820671081543
2024-08-23,30.49885368347168
2024-08-26,30.379680633544922
2024-08-27,29.922840118408203
2024-08-28,29.833463668823242
2024-08-29,31.094728469848633
2024-08-30,31.62108612060547
2024-09-03,30.00229263305664
2024-09-04,26.675325393676758
2024-09-05,25.741788864135742
2024-09-06,24.768526077270508
2024-09-09,26.258214950561523
2024-09-10,25.821237564086914
2024-09-11,26.16883087158203
2024-09-12,26.82429313659668
2024-09-13,27.449962615966797
2024-09-16,27.26127052307129
2024-09-17,28.373567581176758
2024-09-18,28.204736709594727
2024-09-19,27.708173751831055
2024-09-20,27.420169830322266
2024-09-23,27.767759323120117
2024-09-24,27.668447494506836
2024-09-25,26.993125915527344
2024-09-26,26.43697738647461
2024-09-27,27.063819885253906
2024-09-30,27.919513702392578
2024-10-01,27.07377052307129
2024-10-02,27.42201805114746
2024-10-03,27.173269271850586
2024-10-04,27.42201805114746
2024-10-07,27.19316864013672
2024-10-08,27.183218002319336
2024-10-09,27.551368713378906
2024-10-10,26.367326736450195
2024-10-11,28.028963088989258
2024-10-14,27.720516204833984
2024-10-15,27.979215621948242
2024-10-16,28.984155654907227
2024-10-17,29.67070198059082
2024-10-18,29.67070198059082
2024-10-21,28.745357513427734
2024-10-22,27.451868057250977
2024-10-23,26.834972381591797
2024-10-24,26.45687484741211
2024-10-25,26.45687484741211
2024-10-28,28.058815002441406
2024-10-29,27.19316864013672
2024-10-30,26.645923614501953
2024-10-31,26.367326736450195
2024-11-01,26.218074798583984
2024-11-04,26.894672393798828
2024-11-05,27.7105655670166
2024-11-06,29.431903839111328
2024-11-07,29.412004470825195
2024-11-08,29.810001373291016
2024-11-11,30.645795822143555
2024-11-12,30.476646423339844
2024-11-13,30.22789764404297
2024-11-14,29.67070198059082
2024-11-15,29.531404495239258
2024-11-18,29.49160385131836
2024-11-19,29.083656311035156
2024-11-20,29.06375503540039
2024-11-21,29.67070198059082
2024-11-22,30.755245208740234
2024-11-25,31.790040969848633
2024-11-26,30.695547103881836
2024-11-27,30.695547103881836
2024-11-29,30.864694595336914
2024-12-02,30.90449333190918
2024-12-03,31.511438369750977
2024-12-04,32.3173828125
2024-12-05,30.635847091674805
2024-12-06,30.49654769897461
2024-12-09,29.710500717163086
2024-12-10,29.45180320739746
2024-12-11,33.521324157714844
2024-12-12,33.819828033447266
2024-12-13,35.05361557006836
2024-12-16,33.998924255371094
2024-12-17,32.43678283691406
2024-12-18,32.14823913574219
2024-12-19,31.949237823486328
2024-12-20,31.620891571044922
2024-12-23,30.67564582824707
2024-12-24,31.35224151611328
2024-12-26,31.75099754333496
2024-12-27,31.23261260986328
2024-12-30,31.222644805908203
2024-12-31,31.770936965942383
2025-01-02,31.74102783203125
2025-01-03,33.7846565246582
2025-01-06,33.625152587890625
2025-01-07,32.66814041137695
2025-01-08,32.987144470214844
2025-01-10,32.40894317626953
2025-01-13,31.920469284057617
2025-01-14,32.18962860107422
2025-01-15,33.33605194091797
2025-01-16,33.8444709777832
2025-01-17,34.342918395996094
2025-01-21,35.46940612792969
2025-01-22,35.040740966796875
2025-01-23,35.279991149902344
2025-01-24,34.661922454833984
2025-01-27,33.66503143310547
2025-01-28,33.714874267578125
2025-01-29,33.565338134765625
2025-01-30,34.392757415771484
2025-01-31,34.592140197753906
2025-02-03,33.306148529052734
2025-02-04,33.70490646362305
2025-02-05,34.26316452026367
2025-02-06,34.661922454833984
2025-02-07,33.96409606933594
2025-02-10,33.216426849365234
2025-02-11,32.658164978027344
2025-02-12,31.641338348388672
2025-02-13,32.73792266845703
2025-02-14,33.52546691894531
2025-02-18,33.01704788208008
2025-02-19,33.136680603027344
2025-02-20,33.06689453125
2025-02-21,31.162830352783203
2025-02-24,30.0562801361084
2025-02-25,29.98649787902832
2025-02-26,30.415163040161133
2025-02-27,30.295536041259766
2025-02-28,30.405193328857422
2025-03-03,28.002683639526367
2025-03-04,27.215139389038086
2025-03-05,27.86311912536621
2025-03-06,29.906747817993164
2025-03-07,30.91360855102539
2025-03-10,30.385255813598633
2025-03-11,30.764074325561523
2025-03-12,30.89366912841797
2025-03-13,30.066251754760742
2025-03-14,30.734167098999023
2025-03-17,29.876840591430664
2025-03-18,31.152862548828125
2025-03-19,31.82077980041504
2025-03-20,31.691184997558594
2025-03-21,31.41205406188965
2025-03-24,32.2893180847168
2025-03-25,33.22639846801758
2025-03-26,33.565338134765625
2025-03-27,33.22639846801758
2025-03-28,32.037960052490234
2025-03-31,31.55858612060547
2025-04-01,32.157798767089844
2025-04-02,32.687103271484375
2025-04-03,29.691036224365234
2025-04-04,29.22165298461914
2025-04-07,28.782228469848633
2025-04-08,28.82217788696289
2025-04-09,31.508649826049805
2025-04-10,30.889463424682617
2025-04-11,31.95806121826172
2025-04-14,31.84820556640625
2025-04-15,31.768310546875
2025-04-16,29.900760650634766
2025-04-17,29.78091812133789
2025-04-21,29.11179542541504
2025-04-22,30.430065155029297
2025-04-23,31.089200973510742
2025-04-24,32.22770690917969
2025-04-25,32.2476806640625
2025-04-28,32.037960052490234
2025-04-29,32.22770690917969
2025-04-30,32.65714645385742
2025-05-01,33.4261360168457
2025-05-02,34.97410202026367
2025-05-05,35.59328842163086
2025-05-06,35.523380279541016
2025-05-07,35.5034065246582
2025-05-08,35.75307846069336
2025-05-09,36.352294921875
2025-05-12,37.311038970947266
2025-05-13,38.35966110229492
2025-05-14,37.790409088134766
2025-05-15,37.77043151855469
2025-05-16,38.189884185791016
2025-05-19,38.27976608276367
2025-05-20,38.43955612182617
2025-05-21,37.50078582763672
2025-05-22,37.08134078979492
2025-05-23,36.981468200683594
2025-05-27,37.45085144042969
2025-05-28,37.56071090698242
2025-05-29,37.23114013671875
2025-05-30,37.44086837768555
2025-06-02,36.48212432861328
2025-06-03,37.17122268676758
2025-06-04,42.88372039794922
2025-06-05,42.863746643066406
2025-06-06,44.761260986328125
2025-06-09,45.879791259765625
2025-06-10,44.841156005859375
2025-06-11,45.050880432128906
2025-06-12,44.98097229003906
2025-06-13,44.17203140258789
2025-06-16,44.241939544677734
2025-06-17,43.492923736572266
2025-06-18,44.33182144165039
2025-06-20,43.67268753051758
2025-06-23,44.34181213378906
2025-06-24,44.611454010009766
2025-06-25,44.74128341674805
2025-06-26,45.720001220703125
2025-06-27,46.540000915527344
2025-06-30,47.59000015258789
2025-07-01,48.459999084472656
2025-07-02,49.54999923706055
2025-07-03,50.25
2025-07-07,49.79999923706055
2025-07-08,49.68000030517578
2025-07-09,49.060001373291016
2025-07-10,49.220001220703125
2025-07-11,48.4900016784668
2025-07-14,48.439998626708984
2025-07-15,47.5
2025-07-16,47.06999969482422
2025-07-17,46.65999984741211
2025-07-18,46.33000183105469
2025-07-21,46.09000015258789
2025-07-22,47.119998931884766
2025-07-23,47.689998626708984
2025-07-24,47.59000015258789
2025-07-25,47.939998626708984
2025-07-28,48.880001068115234
2025-07-29,48.810001373291016
2025-07-30,49.18000030517578
2025-07-31,49.54999923706055
2025-08-01,48.369998931884766
2025-08-04,49.54999923706055
2025-08-05,49.630001068115234
2025-08-06,49.7599983215332
2025-08-07,50.0099983215332
2025-08-08,50.0099983215332
2025-08-11,49.970001220703125
2025-08-12,52.099998474121094
2025-08-13,53.65999984741211
2025-08-14,52.959999084472656
2025-08-15,52.310001373291016
2025-08-18,52.880001068115234
2025-08-19,51.790000915527344
2025-08-20,50.90999984741211
2025-08-21,50.5
2025-08-22,52.310001373291016
2025-08-25,53.689998626708984
2025-08-26,54.06999969482422
2025-08-27,54.560001373291016
2025-08-28,53.779998779296875
2025-08-29,53.209999084472656
2025-09-02,51.79999923706055
2025-09-03,58.31999969482422
2025-09-04,61.560001373291016
2025-09-05,62.52000045776367
2025-09-08,62.189998626708984
2025-09-09,62.15999984741211
2025-09-10,62.7400016784668
2025-09-11,63.90999984741211
2025-09-12,61.810001373291016
2025-09-15,60.27000045776367
2025-09-16,59.650001525878906
2025-09-17,59.15999984741211
2025-09-18,59.36000061035156
2025-09-19,58.91999816894531
