Date,RYAM
2014-06-16,36.49453353881836
2014-06-17,35.910980224609375
2014-06-18,36.09054183959961
2014-06-19,35.09400939941406
2014-06-20,34.38477325439453
2014-06-23,34.11543273925781
2014-06-24,33.66654968261719
2014-06-25,32.993221282958984
2014-06-26,33.21766662597656
2014-06-27,33.15481948852539
2014-06-30,34.78877258300781
2014-07-01,35.07605743408203
2014-07-02,35.96486282348633
2014-07-03,38.82876205444336
2014-07-07,38.04769515991211
2014-07-08,36.736942291259766
2014-07-09,37.473114013671875
2014-07-10,37.266624450683594
2014-07-11,37.365379333496094
2014-07-14,38.200321197509766
2014-07-15,39.044227600097656
2014-07-16,39.169918060302734
2014-07-17,38.81079864501953
2014-07-18,37.69756317138672
2014-07-21,37.49108123779297
2014-07-22,36.84468460083008
2014-07-23,35.955875396728516
2014-07-24,35.857112884521484
2014-07-25,35.120948791503906
2014-07-28,34.375789642333984
2014-07-29,33.32539367675781
2014-07-30,29.949766159057617
2014-07-31,29.141765594482422
2014-08-01,30.07545280456543
2014-08-04,30.201143264770508
2014-08-05,29.940786361694336
2014-08-06,29.824079513549805
2014-08-07,29.09687614440918
2014-08-08,29.12381362915039
2014-08-11,29.8779354095459
2014-08-12,30.021589279174805
2014-08-13,30.578214645385742
2014-08-14,30.030563354492188
2014-08-15,28.989147186279297
2014-08-18,29.53679084777832
2014-08-19,29.797143936157227
2014-08-20,29.70737075805664
2014-08-21,29.375194549560547
2014-08-22,29.330297470092773
2014-08-25,29.55474090576172
2014-08-26,29.599634170532227
2014-08-27,29.590656280517578
2014-08-28,29.599634170532227
2014-08-29,29.815099716186523
2014-09-02,29.49189567565918
2014-09-03,29.7612361907959
2014-09-04,29.3662109375
2014-09-05,29.44701385498047
2014-09-08,29.635543823242188
2014-09-09,29.752254486083984
2014-09-10,29.15074920654297
2014-09-11,29.132795333862305
2014-09-12,28.78190040588379
2014-09-15,27.918170928955078
2014-09-16,27.522300720214844
2014-09-17,26.82951545715332
2014-09-18,27.126422882080078
2014-09-19,27.585281372070312
2014-09-22,27.531295776367188
2014-09-23,26.8115234375
2014-09-24,26.136737823486328
2014-09-25,27.441322326660156
2014-09-26,27.57628059387207
2014-09-29,29.024822235107422
2014-09-30,29.60964012145996
2014-10-01,29.78058433532715
2014-10-02,28.55697250366211
2014-10-03,27.59427261352539
2014-10-06,28.5479736328125
2014-10-07,28.74591064453125
2014-10-08,29.564655303955078
2014-10-09,27.036447525024414
2014-10-10,26.91948890686035
2014-10-13,26.83851432800293
2014-10-14,26.928485870361328
2014-10-15,26.83851432800293
2014-10-16,26.7215576171875
2014-10-17,26.30768394470215
2014-10-20,26.190719604492188
2014-10-21,26.163732528686523
2014-10-22,25.884817123413086
2014-10-23,25.938800811767578
2014-10-24,26.181724548339844
2014-10-27,26.631582260131836
2014-10-28,27.288375854492188
2014-10-29,25.54292106628418
2014-10-30,25.066076278686523
2014-10-31,25.668882369995117
2014-11-03,25.67788314819336
2014-11-04,25.219026565551758
2014-11-05,24.814157485961914
2014-11-06,25.282007217407227
2014-11-07,25.165042877197266
2014-11-10,23.55455780029297
2014-11-11,22.546871185302734
2014-11-12,23.266645431518555
2014-11-13,22.726816177368164
2014-11-14,23.176671981811523
2014-11-17,23.266645431518555
2014-11-18,23.266645431518555
2014-11-19,23.329626083374023
2014-11-20,23.12268829345703
2014-11-21,22.888763427734375
2014-11-24,22.798795700073242
2014-11-25,22.789796829223633
2014-11-26,22.573863983154297
2014-11-28,22.177989959716797
2014-12-01,22.05202865600586
2014-12-02,22.150999069213867
2014-12-03,21.899076461791992
2014-12-04,21.33225440979004
2014-12-05,20.945377349853516
2014-12-08,21.386241912841797
2014-12-09,21.773117065429688
2014-12-10,21.179304122924805
2014-12-11,20.801427841186523
2014-12-12,20.25259780883789
2014-12-15,19.566679000854492
2014-12-16,19.693031311035156
2014-12-17,20.48725700378418
2014-12-18,20.306747436523438
2014-12-19,20.234546661376953
2014-12-22,19.882566452026367
2014-12-23,20.16234588623047
2014-12-24,20.22551918029785
2014-12-26,20.216495513916016
2014-12-29,20.306747436523438
2014-12-30,20.234546661376953
2014-12-31,20.126243591308594
2015-01-02,20.342845916748047
2015-01-05,20.721904754638672
2015-01-06,21.06486701965332
2015-01-07,21.037792205810547
2015-01-08,21.452953338623047
2015-01-09,21.01071548461914
2015-01-12,20.054040908813477
2015-01-13,19.61180877685547
2015-01-14,19.268844604492188
2015-01-15,19.08834457397461
2015-01-16,19.413253784179688
2015-01-20,19.684011459350586
2015-01-21,19.684011459350586
2015-01-22,19.530580520629883
2015-01-23,17.46380615234375
2015-01-26,17.824811935424805
2015-01-27,17.05766487121582
2015-01-28,16.22735023498535
2015-01-29,15.460205078125
2015-01-30,15.451178550720215
2015-02-02,15.360926628112793
2015-02-03,15.207497596740723
2015-02-04,15.017964363098145
2015-02-05,15.60461139678955
2015-02-06,15.703886985778809
2015-02-09,15.631683349609375
2015-02-10,15.61363410949707
2015-02-11,15.658760070800781
2015-02-12,15.54142951965332
2015-02-13,15.866340637207031
2015-02-17,15.252622604370117
2015-02-18,15.505331039428711
2015-02-19,15.685831069946289
2015-02-20,15.749011993408203
2015-02-23,16.308576583862305
2015-02-24,17.012542724609375
2015-02-25,16.75983428955078
2015-02-26,16.732759475708008
2015-02-27,16.750810623168945
2015-03-02,16.660558700561523
2015-03-03,16.60640525817871
2015-03-04,16.5703067779541
2015-03-05,16.5703067779541
2015-03-06,15.351905822753906
2015-03-09,15.036020278930664
2015-03-10,14.8374662399292
2015-03-11,14.620859146118164
2015-03-12,14.539634704589844
2015-03-13,14.503375053405762
2015-03-16,14.240498542785645
2015-03-17,14.104533195495605
2015-03-18,14.122661590576172
2015-03-19,13.841659545898438
2015-03-20,13.488136291503906
2015-03-23,13.932303428649902
2015-03-24,13.714754104614258
2015-03-25,13.714754104614258
2015-03-26,13.605978012084961
2015-03-27,13.723816871643066
2015-03-30,14.041077613830566
2015-03-31,13.506267547607422
2015-04-01,13.877918243408203
2015-04-02,13.51533031463623
2015-04-06,13.587848663330078
2015-04-07,13.932303428649902
2015-04-08,13.886979103088379
2015-04-09,14.349275588989258
2015-04-10,13.968564987182617
2015-04-13,13.85072135925293
2015-04-14,13.633171081542969
2015-04-15,13.778206825256348
2015-04-16,13.859784126281738
2015-04-17,13.877918243408203
2015-04-20,14.068273544311523
2015-04-21,14.068273544311523
2015-04-22,13.97762393951416
2015-04-23,13.75101089477539
2015-04-24,13.886979103088379
2015-04-27,14.186111450195312
2015-04-28,15.056314468383789
2015-04-29,14.947538375854492
2015-04-30,15.146958351135254
2015-05-01,17.331533432006836
2015-05-04,17.032398223876953
2015-05-05,17.540016174316406
2015-05-06,17.4040470123291
2015-05-07,15.74522590637207
2015-05-08,15.636451721191406
2015-05-11,15.33731746673584
2015-05-12,15.029122352600098
2015-05-13,15.156028747558594
2015-05-14,15.10163688659668
2015-05-15,15.083503723144531
2015-05-18,15.174155235290527
2015-05-19,14.983798027038574
2015-05-20,15.119769096374512
2015-05-21,15.446094512939453
2015-05-22,15.545804977416992
2015-05-26,14.92940902709961
2015-05-27,14.575887680053711
2015-05-28,14.748119354248047
2015-05-29,14.947538375854492
2015-06-01,15.3101224899292
2015-06-02,15.500483512878418
2015-06-03,15.572996139526367
2015-06-04,15.772419929504395
2015-06-05,15.835871696472168
2015-06-08,15.754287719726562
2015-06-09,15.690837860107422
2015-06-10,15.654579162597656
2015-06-11,15.491416931152344
2015-06-12,15.673450469970703
2015-06-15,15.345786094665527
2015-06-16,15.20015811920166
2015-06-17,15.145539283752441
2015-06-18,14.70865535736084
2015-06-19,14.69955062866211
2015-06-22,14.58122730255127
2015-06-23,14.526615142822266
2015-06-24,14.644942283630371
2015-06-25,14.617632865905762
2015-06-26,14.945303916931152
2015-06-29,14.75416088104248
2015-06-30,14.799673080444336
2015-07-01,13.607324600219727
2015-07-02,13.689242362976074
2015-07-06,13.498102188110352
2015-07-07,13.470796585083008
2015-07-08,12.80635929107666
2015-07-09,12.560606956481934
2015-07-10,12.223838806152344
2015-07-13,12.323957443237305
2015-07-14,12.451384544372559
2015-07-15,12.333062171936035
2015-07-16,11.92347526550293
2015-07-17,11.614011764526367
2015-07-20,11.832456588745117
2015-07-21,11.532093048095703
2015-07-22,11.031489372253418
2015-07-23,10.83124828338623
2015-07-24,10.58549690246582
2015-07-27,10.73112678527832
2015-07-28,10.922266960144043
2015-07-29,11.086103439331055
2015-07-30,12.078206062316895
2015-07-31,12.788152694702148
2015-08-03,11.495686531066895
2015-08-04,11.513890266418457
2015-08-05,11.377362251281738
2015-08-06,12.041797637939453
2015-08-07,11.73233413696289
2015-08-10,12.487792015075684
2015-08-11,12.524199485778809
2015-08-12,12.569710731506348
2015-08-13,12.487792015075684
2015-08-14,12.715340614318848
2015-08-17,12.597016334533691
2015-08-18,12.405876159667969
2015-08-19,6.935639381408691
2015-08-20,5.970839023590088
2015-08-21,6.635277271270752
2015-08-24,6.280303478240967
2015-08-25,5.60676383972168
2015-08-26,6.252997398376465
2015-08-27,5.9435343742370605
2015-08-28,6.4441375732421875
2015-08-31,6.207489013671875
2015-09-01,5.670476913452148
2015-09-02,5.497541904449463
2015-09-03,5.843413352966309
2015-09-04,6.344017505645752
2015-09-08,6.025450706481934
2015-09-09,6.025450706481934
2015-09-10,6.061858177185059
2015-09-11,5.788802146911621
2015-09-14,5.531114101409912
2015-09-15,5.770394802093506
2015-09-16,5.85322380065918
2015-09-17,5.779598712921143
2015-09-18,5.558722496032715
2015-09-21,5.613942623138428
2015-09-22,5.567925453186035
2015-09-23,5.890037536621094
2015-09-24,6.110912799835205
2015-09-25,5.99127197265625
2015-09-28,5.890037536621094
2015-09-29,5.650753974914551
2015-09-30,5.632348537445068
2015-10-01,5.963662147521973
2015-10-02,6.377805233001709
2015-10-05,6.810355186462402
2015-10-06,6.856370449066162
2015-10-07,6.939199447631836
2015-10-08,7.178483009338379
2015-10-09,7.279716491699219
2015-10-12,7.058840751647949
2015-10-13,7.1140594482421875
2015-10-14,7.20609188079834
2015-10-15,7.3717498779296875
2015-10-16,7.5834221839904785
2015-10-19,7.288921356201172
2015-10-20,7.592624664306641
2015-10-21,7.334935665130615
2015-10-22,6.902386665344238
2015-10-23,7.242904186248779
2015-10-26,7.058840751647949
2015-10-27,7.104856014251709
2015-10-28,7.344139575958252
2015-10-29,9.2031831741333
2015-10-30,8.485334396362305
2015-11-02,9.193978309631348
2015-11-03,9.332027435302734
2015-11-04,9.295215606689453
2015-11-05,9.055932998657227
2015-11-06,9.525293350219727
2015-11-09,9.092744827270508
2015-11-10,8.853461265563965
2015-11-11,8.678601264953613
2015-11-12,8.246051788330078
2015-11-13,9.009917259216309
2015-11-16,9.157167434692383
2015-11-17,9.221590042114258
2015-11-18,9.552905082702637
2015-11-19,9.727763175964355
2015-11-20,9.773781776428223
2015-11-23,9.847407341003418
2015-11-24,10.776924133300781
2015-11-25,10.574456214904785
2015-11-27,9.801389694213867
2015-11-30,10.316767692565918
2015-12-01,10.960990905761719
2015-12-02,10.896570205688477
2015-12-03,10.905773162841797
2015-12-04,9.736968994140625
2015-12-07,9.055932998657227
2015-12-08,8.752226829528809
2015-12-09,8.761430740356445
2015-12-10,8.853461265563965
2015-12-11,8.41170883178711
2015-12-14,8.595772743225098
2015-12-15,8.799771308898926
2015-12-16,8.994498252868652
2015-12-17,8.82758903503418
2015-12-18,8.447409629821777
2015-12-21,8.215590476989746
2015-12-22,8.846136093139648
2015-12-23,9.179950714111328
2015-12-24,9.411767959594727
2015-12-28,8.753406524658203
2015-12-29,9.161406517028809
2015-12-30,8.957406044006348
2015-12-31,9.07795238494873
2016-01-04,8.82758903503418
2016-01-05,8.336136817932129
2016-01-06,8.113594055175781
2016-01-07,7.659231185913086
2016-01-08,7.835412502288818
2016-01-11,7.742687225341797
2016-01-12,7.269779205322266
2016-01-13,7.037962913513184
2016-01-14,7.390324115753174
2016-01-15,7.353233337402344
2016-01-19,6.527965068817139
2016-01-20,6.741235256195068
2016-01-21,7.149234294891357
2016-01-22,6.880327224731445
2016-01-25,6.3981475830078125
2016-01-26,6.527965068817139
2016-01-27,6.0643310546875
2016-01-28,6.490874767303467
2016-01-29,6.490874767303467
2016-02-01,6.6485090255737305
2016-02-02,6.463056564331055
2016-02-03,6.629964828491211
2016-02-04,6.425966262817383
2016-02-05,6.3425116539001465
2016-02-08,6.4074201583862305
2016-02-09,5.962331771850586
2016-02-10,6.0828776359558105
2016-02-11,5.563607215881348
2016-02-12,5.98087739944458
2016-02-16,6.027239799499512
2016-02-17,5.990149974822998
2016-02-18,6.4074201583862305
2016-02-19,6.388875484466553
2016-02-22,6.5094194412231445
2016-02-23,6.314693450927734
2016-02-24,6.500146389007568
2016-02-25,6.472329616546631
2016-02-26,6.537238597869873
2016-02-29,6.926690101623535
2016-03-01,6.574328422546387
2016-03-02,7.1955976486206055
2016-03-03,7.492323398590088
2016-03-04,7.7983222007751465
2016-03-07,7.8075947761535645
2016-03-08,8.020865440368652
2016-03-09,8.169228553771973
2016-03-10,8.354682922363281
2016-03-11,8.326864242553711
2016-03-14,8.289773941040039
2016-03-15,8.271082878112793
2016-03-16,8.252389907836914
2016-03-17,8.859869956970215
2016-03-18,9.19632339477539
2016-03-21,8.906600952148438
2016-03-22,8.953330039978027
2016-03-23,8.51407527923584
2016-03-24,8.934639930725098
2016-03-28,8.729029655456543
2016-03-29,8.813140869140625
2016-03-30,9.149591445922852
2016-03-31,8.878561973571777
2016-04-01,9.327163696289062
2016-04-04,9.093517303466797
2016-04-05,9.009404182434082
2016-04-06,8.878561973571777
2016-04-07,8.785103797912598
2016-04-08,8.841179847717285
2016-04-11,9.336509704589844
2016-04-12,10.20567512512207
2016-04-13,10.25240421295166
2016-04-14,10.271096229553223
2016-04-15,10.373899459838867
2016-04-18,10.364553451538086
2016-04-19,10.850539207458496
2016-04-20,10.635581970214844
2016-04-21,10.729042053222656
2016-04-22,10.962688446044922
2016-04-25,9.794456481933594
2016-04-26,10.121560096740723
2016-04-27,9.972027778625488
2016-04-28,9.841185569763184
2016-04-29,9.57950210571289
2016-05-02,9.52342700958252
2016-05-03,12.831859588623047
2016-05-04,12.336529731750488
2016-05-05,12.682324409484863
2016-05-06,13.45803165435791
2016-05-09,12.373912811279297
2016-05-10,12.850550651550293
2016-05-11,12.925318717956543
2016-05-12,12.588868141174316
2016-05-13,12.186996459960938
2016-05-16,12.644942283630371
2016-05-17,12.34587574005127
2016-05-18,12.000079154968262
2016-05-19,11.962695121765137
2016-05-20,12.373912811279297
2016-05-23,12.028116226196289
2016-05-24,12.018771171569824
2016-05-25,12.102885246276855
2016-05-26,12.028116226196289
2016-05-27,12.00942611694336
2016-05-31,12.112229347229004
2016-06-01,12.121574401855469
2016-06-02,12.383258819580078
2016-06-03,12.467370986938477
2016-06-06,12.831859588623047
2016-06-07,12.766438484191895
2016-06-08,12.71036434173584
2016-06-09,12.476717948913574
2016-06-10,12.065500259399414
2016-06-13,11.542132377624512
2016-06-14,11.814705848693848
2016-06-15,11.645523071289062
2016-06-16,11.645523071289062
2016-06-17,11.983891487121582
2016-06-20,12.444448471069336
2016-06-21,12.23766803741455
2016-06-22,12.453848838806152
2016-06-23,12.876809120178223
2016-06-24,12.284663200378418
2016-06-27,11.26015853881836
2016-06-28,11.67371940612793
2016-06-29,12.162473678588867
2016-06-30,12.773417472839355
2016-07-01,13.168181419372559
2016-07-05,12.1812744140625
2016-07-06,12.341058731079102
2016-07-07,12.397453308105469
2016-07-08,12.782816886901855
2016-07-11,13.318567276000977
2016-07-12,13.760326385498047
2016-07-13,13.920111656188965
2016-07-14,14.070500373840332
2016-07-15,13.957708358764648
2016-07-18,14.249080657958984
2016-07-19,14.042298316955566
2016-07-20,14.10809326171875
2016-07-21,14.333675384521484
2016-07-22,14.277276992797852
2016-07-25,14.173887252807617
2016-07-26,13.891914367675781
2016-07-27,13.609939575195312
2016-07-28,13.130585670471191
2016-07-29,12.94260311126709
2016-08-01,12.670027732849121
2016-08-02,13.553544044494629
2016-08-03,14.878822326660156
2016-08-04,12.134276390075684
2016-08-05,11.513933181762695
2016-08-08,11.871100425720215
2016-08-09,11.69251823425293
2016-08-10,11.194364547729492
2016-08-11,11.297755241394043
2016-08-12,11.22256088256836
2016-08-15,11.448142051696777
2016-08-16,11.579729080200195
2016-08-17,11.448142051696777
2016-08-18,11.448142051696777
2016-08-19,11.476338386535645
2016-08-22,11.495136260986328
2016-08-23,11.70191764831543
2016-08-24,11.382345199584961
2016-08-25,11.607925415039062
2016-08-26,11.33535099029541
2016-08-29,11.654921531677246
2016-08-30,11.542131423950195
2016-08-31,11.560929298400879
2016-09-01,11.213162422180176
2016-09-02,11.495136260986328
2016-09-06,10.555222511291504
2016-09-07,10.827797889709473
2016-09-08,10.705609321594238
2016-09-09,10.075868606567383
2016-09-12,10.423635482788086
2016-09-13,10.49882984161377
2016-09-14,10.725831031799316
2016-09-15,11.198750495910645
2016-09-16,10.94337272644043
2016-09-19,11.056873321533203
2016-09-20,11.066333770751953
2016-09-21,11.369003295898438
2016-09-22,11.832463264465332
2016-09-23,11.84192180633545
2016-09-26,11.539251327514648
2016-09-27,11.709504127502441
2016-09-28,12.050004959106445
2016-09-29,12.305384635925293
2016-09-30,12.645885467529297
2016-10-03,12.778304100036621
2016-10-04,12.23917293548584
2016-10-05,12.560758590698242
2016-10-06,12.352675437927246
2016-10-07,12.41888427734375
2016-10-10,12.664804458618164
2016-10-11,12.409425735473633
2016-10-12,12.48509407043457
2016-10-13,11.945964813232422
2016-10-14,12.154047966003418
2016-10-17,12.305384635925293
2016-10-18,12.399967193603516
2016-10-19,12.447258949279785
2016-10-20,12.65534496307373
2016-10-21,13.024222373962402
2016-10-24,12.891803741455078
2016-10-25,12.778304100036621
2016-10-26,12.409425735473633
2016-10-27,12.541842460632324
2016-10-28,12.494551658630371
2016-10-31,12.229716300964355
2016-11-01,11.794631004333496
2016-11-02,11.283876419067383
2016-11-03,11.435210227966309
2016-11-04,11.378459930419922
2016-11-07,11.58654499053955
2016-11-08,11.596003532409668
2016-11-09,11.964881896972656
2016-11-10,12.144590377807617
2016-11-11,12.664804458618164
2016-11-14,13.033682823181152
2016-11-15,12.976929664611816
2016-11-16,12.910720825195312
2016-11-17,13.080972671508789
2016-11-18,13.393099784851074
2016-11-21,13.412015914916992
2016-11-22,13.705225944519043
2016-11-23,13.724143981933594
2016-11-25,13.26068115234375
2016-11-28,12.976929664611816
2016-11-29,13.090432167053223
2016-11-30,13.128264427185059
2016-12-01,13.024222373962402
2016-12-02,13.128264427185059
2016-12-05,13.60118579864502
2016-12-06,13.78089427947998
2016-12-07,13.81872844696045
2016-12-08,14.547024726867676
2016-12-09,14.575401306152344
2016-12-12,14.783485412597656
2016-12-13,14.755110740661621
2016-12-14,14.574589729309082
2016-12-15,14.631597518920898
2016-12-16,14.878623008728027
2016-12-19,15.182656288146973
2016-12-20,15.26816463470459
2016-12-21,15.116148948669434
2016-12-22,15.116148948669434
2016-12-23,15.068642616271973
2016-12-27,15.144651412963867
2016-12-28,14.717105865478516
2016-12-29,14.774112701416016
2016-12-30,14.688602447509766
2017-01-03,14.973633766174316
2017-01-04,15.66720962524414
2017-01-05,15.562695503234863
2017-01-06,15.277666091918945
2017-01-09,14.888124465942383
2017-01-10,14.897624015808105
2017-01-11,15.363177299499512
2017-01-12,15.448686599731445
2017-01-13,15.458189010620117
2017-01-17,14.916627883911133
2017-01-18,14.793113708496094
2017-01-19,14.73610782623291
2017-01-20,14.831116676330566
2017-01-23,15.553197860717773
2017-01-24,15.619706153869629
2017-01-25,15.610207557678223
2017-01-26,15.249161720275879
2017-01-27,16.2752742767334
2017-01-30,15.942741394042969
2017-01-31,12.892906188964844
2017-02-01,12.864404678344727
2017-02-02,12.892906188964844
2017-02-03,13.092430114746094
2017-02-06,13.120932579040527
2017-02-07,12.626876831054688
2017-02-08,12.294339179992676
2017-02-09,12.588872909545898
2017-02-10,12.645878791809082
2017-02-13,12.49386215209961
2017-02-14,12.446358680725098
2017-02-15,12.474861145019531
2017-02-16,12.446358680725098
2017-02-17,12.170829772949219
2017-02-21,12.246835708618164
2017-02-22,11.923800468444824
2017-02-23,11.743281364440918
2017-02-24,11.69577693939209
2017-02-27,12.341846466064453
2017-02-28,12.598374366760254
2017-03-01,12.721888542175293
2017-03-02,12.49386215209961
2017-03-03,12.788394927978516
2017-03-06,12.721888542175293
2017-03-07,12.541369438171387
2017-03-08,12.265837669372559
2017-03-09,12.408353805541992
2017-03-10,12.49386215209961
2017-03-13,12.645878791809082
2017-03-14,12.598374366760254
2017-03-15,12.942228317260742
2017-03-16,12.789403915405273
2017-03-17,12.636580467224121
2017-03-20,12.798954963684082
2017-03-21,12.168559074401855
2017-03-22,12.063492774963379
2017-03-23,12.130353927612305
2017-03-24,11.891566276550293
2017-03-27,11.92977237701416
2017-03-28,12.397794723510742
2017-03-29,12.340485572814941
2017-03-30,12.54106616973877
2017-03-31,12.846712112426758
2017-04-03,12.015735626220703
2017-04-04,12.41689682006836
2017-04-05,11.891566276550293
2017-04-06,12.330934524536133
2017-04-07,12.359587669372559
2017-04-10,12.321382522583008
2017-04-11,12.741646766662598
2017-04-12,12.034838676452637
2017-04-13,11.94887638092041
2017-04-17,12.216316223144531
2017-04-18,12.149456024169922
2017-04-19,12.101698875427246
2017-04-20,12.311830520629883
2017-04-21,11.939324378967285
2017-04-24,12.550617218017578
2017-04-25,12.464654922485352
2017-04-26,12.722542762756348
2017-04-27,12.607926368713379
2017-04-28,12.655683517456055
2017-05-01,12.617478370666504
2017-05-02,11.63367748260498
2017-05-03,12.464654922485352
2017-05-04,12.655683517456055
2017-05-05,12.712990760803223
2017-05-08,12.531515121459961
2017-05-09,12.24497127532959
2017-05-10,12.684337615966797
2017-05-11,12.512412071228027
2017-05-12,12.216316223144531
2017-05-15,12.521963119506836
2017-05-16,12.66523551940918
2017-05-17,12.378691673278809
2017-05-18,12.225868225097656
2017-05-19,12.57927131652832
2017-05-22,12.569721221923828
2017-05-23,12.66523551940918
2017-05-24,12.655683517456055
2017-05-25,14.097953796386719
2017-05-26,15.330090522766113
2017-05-30,16.409406661987305
2017-05-31,16.6099853515625
2017-06-01,15.75035572052002
2017-06-02,16.0655517578125
2017-06-05,16.05600357055664
2017-06-06,16.208824157714844
2017-06-07,15.73125171661377
2017-06-08,15.912732124328613
2017-06-09,16.304340362548828
2017-06-12,16.02735137939453
2017-06-13,15.807665824890137
2017-06-14,15.654192924499512
2017-06-15,15.635008811950684
2017-06-16,15.635008811950684
2017-06-19,15.385618209838867
2017-06-20,15.011527061462402
2017-06-21,14.445598602294922
2017-06-22,14.455187797546387
2017-06-23,14.551108360290527
2017-06-26,14.54151725769043
2017-06-27,14.90601634979248
2017-06-28,14.886832237243652
2017-06-29,15.126631736755371
2017-06-30,15.0786714553833
2017-07-03,15.337655067443848
2017-07-05,15.030710220336914
2017-07-06,14.551108360290527
2017-07-07,15.059486389160156
2017-07-10,15.030710220336914
2017-07-11,14.97315788269043
2017-07-12,15.126631736755371
2017-07-13,15.0786714553833
2017-07-14,14.63743782043457
2017-07-17,14.77172565460205
2017-07-18,14.397637367248535
2017-07-19,14.263348579406738
2017-07-20,14.263348579406738
2017-07-21,14.004364013671875
2017-07-24,15.270511627197266
2017-07-25,15.251326560974121
2017-07-26,15.184183120727539
2017-07-27,15.06907844543457
2017-07-28,14.234572410583496
2017-07-31,14.301715850830078
2017-08-01,14.311307907104492
2017-08-02,14.138651847839355
2017-08-03,13.524761199951172
2017-08-04,13.227409362792969
2017-08-07,13.294553756713867
2017-08-08,12.901278495788574
2017-08-09,12.76699161529541
2017-08-10,12.699847221374512
2017-08-11,12.805359840393066
2017-08-14,13.121896743774414
2017-08-15,12.93964672088623
2017-08-16,12.891687393188477
2017-08-17,12.949240684509277
2017-08-18,13.332921028137207
2017-08-21,13.073938369750977
2017-08-22,12.997200965881348
2017-08-23,12.958831787109375
2017-08-24,13.237000465393066
2017-08-25,13.102712631225586
2017-08-28,13.016385078430176
2017-08-29,13.121896743774414
2017-08-30,13.093119621276855
2017-08-31,13.160264015197754
2017-09-01,13.294553756713867
2017-09-05,13.304145812988281
2017-09-06,13.160264015197754
2017-09-07,13.08353042602539
2017-09-08,13.400065422058105
2017-09-11,13.265777587890625
2017-09-12,13.102712631225586
2017-09-13,13.073938369750977
2017-09-14,13.257124900817871
2017-09-15,13.102861404418945
2017-09-18,13.1992769241333
2017-09-19,13.1992769241333
2017-09-20,13.179993629455566
2017-09-21,13.035371780395508
2017-09-22,13.064294815063477
2017-09-25,13.083579063415527
2017-09-26,13.141427993774414
2017-09-27,13.208917617797852
2017-09-28,13.218559265136719
2017-09-29,13.208917617797852
2017-10-02,13.179993629455566
2017-10-03,13.594578742980957
2017-10-04,13.507805824279785
2017-10-05,13.507805824279785
2017-10-06,13.392107009887695
2017-10-09,13.382466316223145
2017-10-10,13.690995216369629
2017-10-11,13.498165130615234
2017-10-12,13.247483253479004
2017-10-13,13.768128395080566
2017-10-16,13.392107009887695
2017-10-17,13.440315246582031
2017-10-18,13.353541374206543
2017-10-19,13.584939002990723
2017-10-20,13.536730766296387
2017-10-23,13.48852252960205
2017-10-24,13.584939002990723
2017-10-25,13.681353569030762
2017-10-26,13.642786979675293
2017-10-27,13.797052383422852
2017-10-30,13.700637817382812
2017-10-31,13.854901313781738
2017-11-01,13.719919204711914
2017-11-02,14.847981452941895
2017-11-03,16.255645751953125
2017-11-06,16.07245635986328
2017-11-07,16.467761993408203
2017-11-08,16.27492904663086
2017-11-09,16.255645751953125
2017-11-10,16.15923309326172
2017-11-13,16.13994598388672
2017-11-14,16.024250030517578
2017-11-15,15.898909568786621
2017-11-16,16.226720809936523
2017-11-17,16.13030433654785
2017-11-20,16.101381301879883
2017-11-21,17.80793571472168
2017-11-22,17.480121612548828
2017-11-24,17.624746322631836
2017-11-27,17.817577362060547
2017-11-28,17.82722282409668
2017-11-29,18.367141723632812
2017-11-30,18.116466522216797
2017-12-01,18.077899932861328
2017-12-04,17.885066986083984
2017-12-05,17.98148536682129
2017-12-06,18.068260192871094
2017-12-07,18.116466522216797
2017-12-08,18.27073097229004
2017-12-11,18.82994270324707
2017-12-12,18.424997329711914
2017-12-13,18.550336837768555
2017-12-14,17.960050582885742
2017-12-15,18.424537658691406
2017-12-18,19.1793212890625
2017-12-19,19.121265411376953
2017-12-20,19.4986572265625
2017-12-21,19.382535934448242
2017-12-22,19.32447624206543
2017-12-26,19.547040939331055
2017-12-27,20.04055404663086
2017-12-28,19.59542465209961
2017-12-29,19.788959503173828
2018-01-02,19.682514190673828
2018-01-03,19.885726928710938
2018-01-04,18.65677833557129
2018-01-05,19.024497985839844
2018-01-08,18.753543853759766
2018-01-09,18.63742446899414
2018-01-10,18.84063720703125
2018-01-11,19.47930145263672
2018-01-12,19.276092529296875
2018-01-16,18.8599910736084
2018-01-17,18.608394622802734
2018-01-18,18.589040756225586
2018-01-19,18.705162048339844
2018-01-22,19.150297164916992
2018-01-23,18.850313186645508
2018-01-24,18.8599910736084
2018-01-25,18.782575607299805
2018-01-26,18.579364776611328
2018-01-29,17.90199089050293
2018-01-30,18.105205535888672
2018-01-31,18.30841636657715
2018-02-01,18.260032653808594
2018-02-02,17.669750213623047
2018-02-05,17.689104080200195
2018-02-06,17.505245208740234
2018-02-07,17.621366500854492
2018-02-08,17.360095977783203
2018-02-09,17.20526695251465
2018-02-12,17.389122009277344
2018-02-13,17.505245208740234
2018-02-14,17.911670684814453
2018-02-15,17.660072326660156
2018-02-16,17.59233856201172
2018-02-20,19.87605094909668
2018-02-21,19.759929656982422
2018-02-22,19.159969329833984
2018-02-23,19.3922119140625
2018-02-26,19.372861862182617
2018-02-27,20.059907913208008
2018-02-28,19.711545944213867
2018-03-01,19.56639289855957
2018-03-02,20.679222106933594
2018-03-05,19.721223831176758
2018-03-06,19.459949493408203
2018-03-07,19.03417205810547
2018-03-08,18.76322364807129
2018-03-09,19.276092529296875
2018-03-12,18.97611427307129
2018-03-13,19.450271606445312
2018-03-14,18.956758499145508
2018-03-15,19.481178283691406
2018-03-16,19.84050178527832
2018-03-19,19.384061813354492
2018-03-20,19.85021209716797
2018-03-21,20.228960037231445
2018-03-22,19.374351501464844
2018-03-23,18.762527465820312
2018-03-26,18.908201217651367
2018-03-27,20.520299911499023
2018-03-28,20.75337791442871
2018-03-29,20.85049057006836
2018-04-02,20.12213134765625
2018-04-03,20.296937942504883
2018-04-04,20.355207443237305
2018-04-05,21.054431915283203
2018-04-06,20.71453285217285
2018-04-09,20.190114974975586
2018-04-10,20.403764724731445
2018-04-11,20.083288192749023
2018-04-12,20.15126609802246
2018-04-13,20.219247817993164
2018-04-16,20.617414474487305
2018-04-17,21.6662540435791
2018-04-18,21.656539916992188
2018-04-19,21.29722023010254
2018-04-20,21.433177947998047
2018-04-23,21.656539916992188
2018-04-24,21.093276977539062
2018-04-25,20.976741790771484
2018-04-26,20.685396194458008
2018-04-27,20.957317352294922
2018-04-30,20.782512664794922
2018-05-01,20.228960037231445
2018-05-02,20.12213134765625
2018-05-03,19.209257125854492
2018-05-04,19.665695190429688
2018-05-07,19.704540252685547
2018-05-08,17.956478118896484
2018-05-09,18.772239685058594
2018-05-10,19.053871154785156
2018-05-11,18.655702590942383
2018-05-14,18.655702590942383
2018-05-15,18.480897903442383
2018-05-16,18.59743309020996
2018-05-17,18.985891342163086
2018-05-18,18.733394622802734
2018-05-21,18.480897903442383
2018-05-22,17.73311424255371
2018-05-23,17.461193084716797
2018-05-24,17.78167152404785
2018-05-25,17.7039794921875
2018-05-29,17.33494758605957
2018-05-30,17.39321517944336
2018-05-31,17.39321517944336
2018-06-01,17.364078521728516
2018-06-04,17.470905303955078
2018-06-05,17.64571189880371
2018-06-06,17.771961212158203
2018-06-07,17.771961212158203
2018-06-08,18.043880462646484
2018-06-11,17.674846649169922
2018-06-12,17.48061752319336
2018-06-13,16.7619686126709
2018-06-14,16.527944564819336
2018-06-15,16.59620475769043
2018-06-18,16.55719757080078
2018-06-19,16.196413040161133
2018-06-20,16.118404388427734
2018-06-21,15.699111938476562
2018-06-22,16.00139045715332
2018-06-25,15.786869049072266
2018-06-26,15.933135986328125
2018-06-27,16.20616340637207
2018-06-28,16.352428436279297
2018-06-29,16.664461135864258
2018-07-02,16.732717514038086
2018-07-03,16.7619686126709
2018-07-05,16.937488555908203
2018-07-06,17.20076560974121
2018-07-09,17.54204750061035
2018-07-10,17.425039291381836
2018-07-11,17.15201187133789
2018-07-12,17.347030639648438
2018-07-13,17.181262969970703
2018-07-16,17.415287017822266
2018-07-17,17.78582191467285
2018-07-18,18.05885124206543
2018-07-19,18.05885124206543
2018-07-20,16.654708862304688
2018-07-23,16.586450576782227
2018-07-24,16.508441925048828
2018-07-25,16.800973892211914
2018-07-26,17.08375358581543
2018-07-27,16.849729537963867
2018-07-30,17.12275505065918
2018-07-31,17.590805053710938
2018-08-01,17.278770446777344
2018-08-02,17.46404266357422
2018-08-03,19.24847412109375
2018-08-06,19.901790618896484
2018-08-07,19.804283142089844
2018-08-08,19.970046997070312
2018-08-09,19.745777130126953
2018-08-10,19.79452896118164
2018-08-13,19.706771850585938
2018-08-14,19.911542892456055
2018-08-15,19.68726921081543
2018-08-16,19.79452896118164
2018-08-17,20.36983871459961
2018-08-20,20.613615036010742
2018-08-21,20.837890625
2018-08-22,20.564861297607422
2018-08-23,20.389341354370117
2018-08-24,20.50635528564453
2018-08-27,20.808635711669922
2018-08-28,20.711124420166016
2018-08-29,20.594112396240234
2018-08-30,20.291831970214844
2018-08-31,20.379589080810547
2018-09-04,20.0188045501709
2018-09-05,20.642866134643555
2018-09-06,20.81838607788086
2018-09-07,20.223573684692383
2018-09-10,20.633115768432617
2018-09-11,20.847637176513672
2018-09-12,21.00365447998047
2018-09-13,21.199312210083008
2018-09-14,21.08191680908203
2018-09-17,20.974308013916016
2018-09-18,20.768869400024414
2018-09-19,20.91560935974121
2018-09-20,20.602558135986328
2018-09-21,20.269943237304688
2018-09-24,20.289508819580078
2018-09-25,20.33842658996582
2018-09-26,20.191680908203125
2018-09-27,19.252534866333008
2018-09-28,18.029685974121094
2018-10-01,17.628591537475586
2018-10-02,17.863380432128906
2018-10-03,17.657939910888672
2018-10-04,17.501415252685547
2018-10-05,17.247060775756836
2018-10-08,17.17858123779297
2018-10-09,16.484004974365234
2018-10-10,15.750296592712402
2018-10-11,15.133979797363281
2018-10-12,14.312225341796875
2018-10-15,13.930695533752441
2018-10-16,14.33178997039795
2018-10-17,13.686126708984375
2018-10-18,13.128506660461426
2018-10-19,12.971982955932617
2018-10-22,12.649150848388672
2018-10-23,12.639368057250977
2018-10-24,11.7197847366333
2018-10-25,12.023051261901855
2018-10-26,11.944788932800293
2018-10-29,11.700218200683594
2018-10-30,11.837179183959961
2018-10-31,12.111096382141113
2018-11-01,12.512190818786621
2018-11-02,12.717630386352539
2018-11-05,13.069809913635254
2018-11-06,13.480687141418457
2018-11-07,13.98939323425293
2018-11-08,13.402424812316895
2018-11-09,13.470906257629395
2018-11-12,13.177422523498535
2018-11-13,13.549166679382324
2018-11-14,13.646994590759277
2018-11-15,14.194831848144531
2018-11-16,14.410052299499512
2018-11-19,14.214396476745605
2018-11-20,13.999175071716309
2018-11-21,14.2241792678833
2018-11-23,13.930695533752441
2018-11-26,14.762232780456543
2018-11-27,14.507881164550781
2018-11-28,14.762232780456543
2018-11-29,14.586143493652344
2018-11-30,14.429617881774902
2018-12-03,14.429617881774902
2018-12-04,13.353510856628418
2018-12-06,13.519818305969238
2018-12-07,13.226335525512695
2018-12-10,12.903502464294434
2018-12-11,11.53391170501709
2018-12-12,11.582826614379883
2018-12-13,11.259993553161621
2018-12-14,11.368263244628906
2018-12-17,10.777703285217285
2018-12-18,10.767860412597656
2018-12-19,10.718647956848145
2018-12-20,10.354469299316406
2018-12-21,9.891865730285645
2018-12-24,9.724539756774902
2018-12-26,10.177302360534668
2018-12-27,10.452896118164062
2018-12-28,10.059189796447754
2018-12-31,10.482423782348633
2019-01-02,10.659591674804688
2019-01-03,10.561164855957031
2019-01-04,11.348576545715332
2019-01-07,11.850552558898926
2019-01-08,11.958821296691895
2019-01-09,12.185202598571777
2019-01-10,12.460796356201172
2019-01-11,13.031670570373535
2019-01-14,13.061199188232422
2019-01-15,12.824974060058594
2019-01-16,12.884031295776367
2019-01-17,13.198995590209961
2019-01-18,13.228523254394531
2019-01-22,12.972615242004395
2019-01-23,12.815132141113281
2019-01-24,13.051356315612793
2019-01-25,13.996251106262207
2019-01-28,13.484432220458984
2019-01-29,13.612387657165527
2019-01-30,14.035621643066406
2019-01-31,14.252159118652344
2019-02-01,14.28168773651123
2019-02-04,14.41948413848877
2019-02-05,14.468697547912598
2019-02-06,14.508068084716797
2019-02-07,14.29153060913086
2019-02-08,14.134047508239746
2019-02-11,13.848610877990723
2019-02-12,14.399799346923828
2019-02-13,14.734450340270996
2019-02-14,13.533645629882812
2019-02-15,13.868295669555664
2019-02-19,14.72460651397705
2019-02-20,15.069099426269531
2019-02-21,14.783662796020508
2019-02-22,14.744292259216309
2019-02-25,14.803348541259766
2019-02-26,14.32105827331543
2019-02-27,14.468697547912598
2019-02-28,13.868295669555664
2019-03-01,13.878138542175293
2019-03-04,13.89782428741455
2019-03-05,13.789554595947266
2019-03-06,13.454904556274414
2019-03-07,12.421426773071289
2019-03-08,12.421426773071289
2019-03-11,12.854503631591797
2019-03-12,12.805290222167969
2019-03-13,12.933244705200195
2019-03-14,12.67596435546875
2019-03-15,12.577011108398438
2019-03-18,13.071779251098633
2019-03-19,13.131152153015137
2019-03-20,12.992616653442383
2019-03-21,13.47748851776123
2019-03-22,12.537429809570312
2019-03-25,12.388998985290527
2019-03-26,12.448370933532715
2019-03-27,12.646278381347656
2019-03-28,13.299371719360352
2019-03-29,13.41811752319336
2019-04-01,13.92278003692627
2019-04-02,14.100896835327148
2019-04-03,14.40765380859375
2019-04-04,14.40765380859375
2019-04-05,14.37796688079834
2019-04-08,14.506607055664062
2019-04-09,14.001943588256836
2019-04-10,14.269118309020996
2019-04-11,14.565979957580566
2019-04-12,15.001375198364258
2019-04-15,14.961793899536133
2019-04-16,15.347713470458984
2019-04-17,15.13001537322998
2019-04-18,14.872735023498535
2019-04-22,14.467025756835938
2019-04-23,15.327922821044922
2019-04-24,15.011270523071289
2019-04-25,14.655037879943848
2019-04-26,14.932107925415039
2019-04-29,15.060748100280762
2019-04-30,14.684723854064941
2019-05-01,14.496711730957031
2019-05-02,14.476921081542969
2019-05-03,15.070642471313477
2019-05-06,14.763886451721191
2019-05-07,14.130582809448242
2019-05-08,13.804036140441895
2019-05-09,9.153213500976562
2019-05-10,9.074050903320312
2019-05-13,8.480328559875488
2019-05-14,9.123528480529785
2019-05-15,8.569387435913086
2019-05-16,8.351688385009766
2019-05-17,8.015247344970703
2019-05-20,7.728281021118164
2019-05-21,7.837130069732666
2019-05-22,7.3720479011535645
2019-05-23,7.1147685050964355
2019-05-24,6.956442832946777
2019-05-28,6.768430709838867
2019-05-29,6.62000036239624
2019-05-30,6.441883563995361
2019-05-31,6.461674690246582
2019-06-03,6.679372310638428
2019-06-04,7.1840362548828125
2019-06-05,6.728849411010742
2019-06-06,6.51115083694458
2019-06-07,6.649685859680176
2019-06-10,6.491360187530518
2019-06-11,6.43198823928833
2019-06-12,6.62000036239624
2019-06-13,6.800000190734863
2019-06-14,6.489999771118164
2019-06-17,6.440000057220459
2019-06-18,6.590000152587891
2019-06-19,6.550000190734863
2019-06-20,6.829999923706055
2019-06-21,6.679999828338623
2019-06-24,6.320000171661377
2019-06-25,6.090000152587891
2019-06-26,6.150000095367432
2019-06-27,6.210000038146973
2019-06-28,6.489999771118164
2019-07-01,6.429999828338623
2019-07-02,6.230000019073486
2019-07-03,6.079999923706055
2019-07-05,6.179999828338623
2019-07-08,5.75
2019-07-09,5.400000095367432
2019-07-10,5.28000020980835
2019-07-11,5.510000228881836
2019-07-12,5.429999828338623
2019-07-15,5.150000095367432
2019-07-16,5.059999942779541
2019-07-17,4.96999979019165
2019-07-18,4.599999904632568
2019-07-19,5.039999961853027
2019-07-22,4.820000171661377
2019-07-23,5.0
2019-07-24,4.989999771118164
2019-07-25,4.880000114440918
2019-07-26,4.690000057220459
2019-07-29,4.610000133514404
2019-07-30,4.820000171661377
2019-07-31,4.650000095367432
2019-08-01,4.989999771118164
2019-08-02,4.849999904632568
2019-08-05,4.889999866485596
2019-08-06,4.96999979019165
2019-08-07,5.0
2019-08-08,2.9700000286102295
2019-08-09,2.869999885559082
2019-08-12,2.9000000953674316
2019-08-13,3.059999942779541
2019-08-14,2.7300000190734863
2019-08-15,2.5299999713897705
2019-08-16,2.8399999141693115
2019-08-19,3.0199999809265137
2019-08-20,2.990000009536743
2019-08-21,2.990000009536743
2019-08-22,2.869999885559082
2019-08-23,2.890000104904175
2019-08-26,2.9600000381469727
2019-08-27,3.0199999809265137
2019-08-28,3.1500000953674316
2019-08-29,3.5399999618530273
2019-08-30,3.509999990463257
2019-09-03,3.1600000858306885
2019-09-04,3.4800000190734863
2019-09-05,3.7799999713897705
2019-09-06,3.8399999141693115
2019-09-09,3.9600000381469727
2019-09-10,4.25
2019-09-11,4.860000133514404
2019-09-12,4.449999809265137
2019-09-13,4.409999847412109
2019-09-16,4.400000095367432
2019-09-17,4.21999979019165
2019-09-18,4.179999828338623
2019-09-19,4.090000152587891
2019-09-20,4.090000152587891
2019-09-23,4.150000095367432
2019-09-24,3.9800000190734863
2019-09-25,4.139999866485596
2019-09-26,4.079999923706055
2019-09-27,4.389999866485596
2019-09-30,4.329999923706055
2019-10-01,4.510000228881836
2019-10-02,4.440000057220459
2019-10-03,4.5
2019-10-04,4.409999847412109
2019-10-07,4.360000133514404
2019-10-08,4.070000171661377
2019-10-09,4.130000114440918
2019-10-10,4.480000019073486
2019-10-11,4.619999885559082
2019-10-14,4.510000228881836
2019-10-15,4.699999809265137
2019-10-16,4.300000190734863
2019-10-17,4.309999942779541
2019-10-18,4.019999980926514
2019-10-21,4.21999979019165
2019-10-22,4.510000228881836
2019-10-23,4.53000020980835
2019-10-24,4.489999771118164
2019-10-25,4.46999979019165
2019-10-28,4.260000228881836
2019-10-29,4.150000095367432
2019-10-30,4.239999771118164
2019-10-31,4.170000076293945
2019-11-01,4.309999942779541
2019-11-04,4.380000114440918
2019-11-05,3.509999990463257
2019-11-06,4.010000228881836
2019-11-07,3.8299999237060547
2019-11-08,4.349999904632568
2019-11-11,4.389999866485596
2019-11-12,4.460000038146973
2019-11-13,4.110000133514404
2019-11-14,4.170000076293945
2019-11-15,3.9800000190734863
2019-11-18,3.940000057220459
2019-11-19,3.690000057220459
2019-11-20,3.5999999046325684
2019-11-21,3.4800000190734863
2019-11-22,3.509999990463257
2019-11-25,3.8499999046325684
2019-11-26,3.869999885559082
2019-11-27,3.859999895095825
2019-11-29,3.9200000762939453
2019-12-02,3.7899999618530273
2019-12-03,3.809999942779541
2019-12-04,3.930000066757202
2019-12-05,3.799999952316284
2019-12-06,3.8299999237060547
2019-12-09,3.8499999046325684
2019-12-10,3.7699999809265137
2019-12-11,3.7899999618530273
2019-12-12,3.950000047683716
2019-12-13,3.9700000286102295
2019-12-16,3.9800000190734863
2019-12-17,4.119999885559082
2019-12-18,4.099999904632568
2019-12-19,4.199999809265137
2019-12-20,4.0
2019-12-23,3.890000104904175
2019-12-24,3.799999952316284
2019-12-26,3.75
2019-12-27,3.7300000190734863
2019-12-30,3.759999990463257
2019-12-31,3.8399999141693115
2020-01-02,4.0
2020-01-03,3.9200000762939453
2020-01-06,3.990000009536743
2020-01-07,3.869999885559082
2020-01-08,3.8299999237060547
2020-01-09,3.859999895095825
2020-01-10,3.9200000762939453
2020-01-13,3.930000066757202
2020-01-14,3.809999942779541
2020-01-15,3.859999895095825
2020-01-16,3.7799999713897705
2020-01-17,3.9000000953674316
2020-01-21,3.9000000953674316
2020-01-22,3.7699999809265137
2020-01-23,3.809999942779541
2020-01-24,3.7200000286102295
2020-01-27,3.3499999046325684
2020-01-28,3.359999895095825
2020-01-29,3.25
2020-01-30,3.1700000762939453
2020-01-31,3.0799999237060547
2020-02-03,2.9700000286102295
2020-02-04,3.059999942779541
2020-02-05,3.2100000381469727
2020-02-06,3.240000009536743
2020-02-07,2.950000047683716
2020-02-10,2.9000000953674316
2020-02-11,2.9100000858306885
2020-02-12,2.990000009536743
2020-02-13,2.9600000381469727
2020-02-14,2.869999885559082
2020-02-18,2.9100000858306885
2020-02-19,2.8499999046325684
2020-02-20,2.799999952316284
2020-02-21,2.75
2020-02-24,2.700000047683716
2020-02-25,2.4000000953674316
2020-02-26,2.2200000286102295
2020-02-27,2.059999942779541
2020-02-28,2.450000047683716
2020-03-02,2.25
2020-03-03,2.0899999141693115
2020-03-04,2.0799999237060547
2020-03-05,1.9600000381469727
2020-03-06,1.7599999904632568
2020-03-09,1.5
2020-03-10,1.4700000286102295
2020-03-11,1.3200000524520874
2020-03-12,1.0
2020-03-13,1.2200000286102295
2020-03-16,1.1299999952316284
2020-03-17,1.0499999523162842
2020-03-18,0.9800000190734863
2020-03-19,1.159999966621399
2020-03-20,1.399999976158142
2020-03-23,1.2200000286102295
2020-03-24,1.190000057220459
2020-03-25,1.090000033378601
2020-03-26,1.2100000381469727
2020-03-27,1.100000023841858
2020-03-30,1.1200000047683716
2020-03-31,1.059999942779541
2020-04-01,0.9700000286102295
2020-04-02,0.9800000190734863
2020-04-03,0.9700000286102295
2020-04-06,1.1100000143051147
2020-04-07,1.090000033378601
2020-04-08,1.1399999856948853
2020-04-09,1.2100000381469727
2020-04-13,1.1299999952316284
2020-04-14,1.090000033378601
2020-04-15,1.0700000524520874
2020-04-16,1.0800000429153442
2020-04-17,1.1200000047683716
2020-04-20,1.0199999809265137
2020-04-21,1.0
2020-04-22,1.0299999713897705
2020-04-23,1.0700000524520874
2020-04-24,1.0499999523162842
2020-04-27,1.090000033378601
2020-04-28,1.350000023841858
2020-04-29,1.7799999713897705
2020-04-30,1.7799999713897705
2020-05-01,1.4700000286102295
2020-05-04,1.3899999856948853
2020-05-05,1.3200000524520874
2020-05-06,1.5199999809265137
2020-05-07,1.8899999856948853
2020-05-08,1.9700000286102295
2020-05-11,1.9700000286102295
2020-05-12,1.9900000095367432
2020-05-13,1.940000057220459
2020-05-14,1.9500000476837158
2020-05-15,1.840000033378601
2020-05-18,1.9500000476837158
2020-05-19,1.899999976158142
2020-05-20,2.0
2020-05-21,1.8799999952316284
2020-05-22,1.850000023841858
2020-05-26,1.9299999475479126
2020-05-27,2.069999933242798
2020-05-28,2.130000114440918
2020-05-29,2.1700000762939453
2020-06-01,2.390000104904175
2020-06-02,2.430000066757202
2020-06-03,3.109999895095825
2020-06-04,3.2100000381469727
2020-06-05,2.7300000190734863
2020-06-08,3.140000104904175
2020-06-09,3.0199999809265137
2020-06-10,2.740000009536743
2020-06-11,2.309999942779541
2020-06-12,2.559999942779541
2020-06-15,2.5199999809265137
2020-06-16,2.619999885559082
2020-06-17,2.4600000381469727
2020-06-18,2.450000047683716
2020-06-19,2.869999885559082
2020-06-22,3.0299999713897705
2020-06-23,2.859999895095825
2020-06-24,2.700000047683716
2020-06-25,2.569999933242798
2020-06-26,2.3399999141693115
2020-06-29,2.6600000858306885
2020-06-30,2.809999942779541
2020-07-01,2.7799999713897705
2020-07-02,2.75
2020-07-06,2.8399999141693115
2020-07-07,2.609999895095825
2020-07-08,2.8399999141693115
2020-07-09,2.75
2020-07-10,2.809999942779541
2020-07-13,2.630000114440918
2020-07-14,2.7100000381469727
2020-07-15,2.7799999713897705
2020-07-16,2.859999895095825
2020-07-17,3.049999952316284
2020-07-20,3.059999942779541
2020-07-21,3.200000047683716
2020-07-22,3.2200000286102295
2020-07-23,3.0
2020-07-24,2.9800000190734863
2020-07-27,3.1600000858306885
2020-07-28,3.0899999141693115
2020-07-29,3.259999990463257
2020-07-30,3.069999933242798
2020-07-31,2.9100000858306885
2020-08-03,2.8499999046325684
2020-08-04,2.9800000190734863
2020-08-05,3.140000104904175
2020-08-06,3.130000114440918
2020-08-07,3.1600000858306885
2020-08-10,3.3399999141693115
2020-08-11,3.2699999809265137
2020-08-12,3.1600000858306885
2020-08-13,3.1600000858306885
2020-08-14,3.0999999046325684
2020-08-17,3.109999895095825
2020-08-18,3.0399999618530273
2020-08-19,3.0799999237060547
2020-08-20,2.9800000190734863
2020-08-21,2.950000047683716
2020-08-24,3.0299999713897705
2020-08-25,3.0
2020-08-26,2.9600000381469727
2020-08-27,2.9700000286102295
2020-08-28,3.2699999809265137
2020-08-31,3.1600000858306885
2020-09-01,3.2100000381469727
2020-09-02,3.390000104904175
2020-09-03,3.190000057220459
2020-09-04,3.2699999809265137
2020-09-08,3.380000114440918
2020-09-09,3.4800000190734863
2020-09-10,3.6600000858306885
2020-09-11,4.039999961853027
2020-09-14,4.119999885559082
2020-09-15,4.170000076293945
2020-09-16,4.059999942779541
2020-09-17,4.489999771118164
2020-09-18,4.639999866485596
2020-09-21,4.090000152587891
2020-09-22,4.03000020980835
2020-09-23,3.5199999809265137
2020-09-24,3.309999942779541
2020-09-25,3.25
2020-09-28,3.4100000858306885
2020-09-29,3.2100000381469727
2020-09-30,3.200000047683716
2020-10-01,3.049999952316284
2020-10-02,3.4200000762939453
2020-10-05,3.819999933242798
2020-10-06,4.010000228881836
2020-10-07,4.099999904632568
2020-10-08,4.139999866485596
2020-10-09,4.059999942779541
2020-10-12,3.7799999713897705
2020-10-13,3.890000104904175
2020-10-14,3.9700000286102295
2020-10-15,4.039999961853027
2020-10-16,4.070000171661377
2020-10-19,4.090000152587891
2020-10-20,4.210000038146973
2020-10-21,4.639999866485596
2020-10-22,4.539999961853027
2020-10-23,4.309999942779541
2020-10-26,4.010000228881836
2020-10-27,4.099999904632568
2020-10-28,3.759999990463257
2020-10-29,3.640000104904175
2020-10-30,3.430000066757202
2020-11-02,3.4700000286102295
2020-11-03,3.869999885559082
2020-11-04,3.5899999141693115
2020-11-05,4.369999885559082
2020-11-06,4.309999942779541
2020-11-09,4.309999942779541
2020-11-10,4.429999828338623
2020-11-11,4.409999847412109
2020-11-12,4.300000190734863
2020-11-13,4.460000038146973
2020-11-16,4.730000019073486
2020-11-17,5.400000095367432
2020-11-18,5.480000019073486
2020-11-19,5.739999771118164
2020-11-20,5.409999847412109
2020-11-23,5.480000019073486
2020-11-24,7.019999980926514
2020-11-25,6.570000171661377
2020-11-27,6.5
2020-11-30,6.46999979019165
2020-12-01,7.260000228881836
2020-12-02,7.369999885559082
2020-12-03,7.360000133514404
2020-12-04,8.3100004196167
2020-12-07,8.079999923706055
2020-12-08,8.149999618530273
2020-12-09,8.180000305175781
2020-12-10,7.46999979019165
2020-12-11,6.639999866485596
2020-12-14,6.25
2020-12-15,6.449999809265137
2020-12-16,6.480000019073486
2020-12-17,6.389999866485596
2020-12-18,6.480000019073486
2020-12-21,6.239999771118164
2020-12-22,6.269999980926514
2020-12-23,6.320000171661377
2020-12-24,6.409999847412109
2020-12-28,6.389999866485596
2020-12-29,6.25
2020-12-30,6.579999923706055
2020-12-31,6.519999980926514
2021-01-04,6.559999942779541
2021-01-05,6.809999942779541
2021-01-06,7.400000095367432
2021-01-07,7.150000095367432
2021-01-08,7.039999961853027
2021-01-11,7.130000114440918
2021-01-12,7.889999866485596
2021-01-13,7.079999923706055
2021-01-14,7.619999885559082
2021-01-15,7.380000114440918
2021-01-19,7.150000095367432
2021-01-20,7.320000171661377
2021-01-21,7.480000019073486
2021-01-22,7.420000076293945
2021-01-25,7.139999866485596
2021-01-26,6.809999942779541
2021-01-27,6.75
2021-01-28,6.789999961853027
2021-01-29,6.920000076293945
2021-02-01,7.429999828338623
2021-02-02,7.980000019073486
2021-02-03,8.680000305175781
2021-02-04,8.579999923706055
2021-02-05,8.199999809265137
2021-02-08,8.970000267028809
2021-02-09,8.819999694824219
2021-02-10,8.800000190734863
2021-02-11,8.850000381469727
2021-02-12,9.010000228881836
2021-02-16,8.65999984741211
2021-02-17,8.380000114440918
2021-02-18,8.270000457763672
2021-02-19,8.699999809265137
2021-02-22,8.770000457763672
2021-02-23,8.720000267028809
2021-02-24,9.0
2021-02-25,8.039999961853027
2021-02-26,9.25
2021-03-01,10.699999809265137
2021-03-02,10.15999984741211
2021-03-03,10.15999984741211
2021-03-04,9.210000038146973
2021-03-05,9.739999771118164
2021-03-08,10.5600004196167
2021-03-09,10.09000015258789
2021-03-10,10.430000305175781
2021-03-11,10.649999618530273
2021-03-12,10.59000015258789
2021-03-15,10.75
2021-03-16,10.029999732971191
2021-03-17,10.40999984741211
2021-03-18,10.25
2021-03-19,9.640000343322754
2021-03-22,9.4399995803833
2021-03-23,8.779999732971191
2021-03-24,8.609999656677246
2021-03-25,9.029999732971191
2021-03-26,9.420000076293945
2021-03-29,8.899999618530273
2021-03-30,9.079999923706055
2021-03-31,9.069999694824219
2021-04-01,9.460000038146973
2021-04-05,9.640000343322754
2021-04-06,9.770000457763672
2021-04-07,9.5600004196167
2021-04-08,9.729999542236328
2021-04-09,9.649999618530273
2021-04-12,8.699999809265137
2021-04-13,8.600000381469727
2021-04-14,9.109999656677246
2021-04-15,9.420000076293945
2021-04-16,9.3100004196167
2021-04-19,9.5600004196167
2021-04-20,8.729999542236328
2021-04-21,9.020000457763672
2021-04-22,9.020000457763672
2021-04-23,9.380000114440918
2021-04-26,9.699999809265137
2021-04-27,9.369999885559082
2021-04-28,9.529999732971191
2021-04-29,9.329999923706055
2021-04-30,9.09000015258789
2021-05-03,9.529999732971191
2021-05-04,9.109999656677246
2021-05-05,6.989999771118164
2021-05-06,7.110000133514404
2021-05-07,7.769999980926514
2021-05-10,8.390000343322754
2021-05-11,8.5
2021-05-12,8.3100004196167
2021-05-13,7.420000076293945
2021-05-14,7.75
2021-05-17,7.889999866485596
2021-05-18,7.539999961853027
2021-05-19,7.519999980926514
2021-05-20,7.409999847412109
2021-05-21,7.440000057220459
2021-05-24,7.53000020980835
2021-05-25,7.360000133514404
2021-05-26,7.53000020980835
2021-05-27,7.989999771118164
2021-05-28,7.71999979019165
2021-06-01,7.949999809265137
2021-06-02,7.679999828338623
2021-06-03,7.880000114440918
2021-06-04,7.829999923706055
2021-06-07,7.829999923706055
2021-06-08,7.849999904632568
2021-06-09,7.900000095367432
2021-06-10,7.510000228881836
2021-06-11,7.769999980926514
2021-06-14,7.619999885559082
2021-06-15,7.800000190734863
2021-06-16,7.71999979019165
2021-06-17,7.119999885559082
2021-06-18,7.110000133514404
2021-06-21,6.960000038146973
2021-06-22,6.639999866485596
2021-06-23,6.639999866485596
2021-06-24,6.739999771118164
2021-06-25,6.610000133514404
2021-06-28,6.429999828338623
2021-06-29,6.519999980926514
2021-06-30,6.690000057220459
2021-07-01,6.639999866485596
2021-07-02,6.679999828338623
2021-07-06,6.860000133514404
2021-07-07,6.840000152587891
2021-07-08,7.0
2021-07-09,7.110000133514404
2021-07-12,7.239999771118164
2021-07-13,6.980000019073486
2021-07-14,6.980000019073486
2021-07-15,6.849999904632568
2021-07-16,6.630000114440918
2021-07-19,5.989999771118164
2021-07-20,6.159999847412109
2021-07-21,6.570000171661377
2021-07-22,6.429999828338623
2021-07-23,6.429999828338623
2021-07-26,6.849999904632568
2021-07-27,6.78000020980835
2021-07-28,6.860000133514404
2021-07-29,7.039999961853027
2021-07-30,6.96999979019165
2021-08-02,6.989999771118164
2021-08-03,7.150000095367432
2021-08-04,6.690000057220459
2021-08-05,6.480000019073486
2021-08-06,7.159999847412109
2021-08-09,6.869999885559082
2021-08-10,7.210000038146973
2021-08-11,7.170000076293945
2021-08-12,7.090000152587891
2021-08-13,6.929999828338623
2021-08-16,6.800000190734863
2021-08-17,6.349999904632568
2021-08-18,6.440000057220459
2021-08-19,6.190000057220459
2021-08-20,6.25
2021-08-23,6.46999979019165
2021-08-24,6.570000171661377
2021-08-25,6.739999771118164
2021-08-26,6.659999847412109
2021-08-27,7.010000228881836
2021-08-30,6.889999866485596
2021-08-31,7.059999942779541
2021-09-01,7.079999923706055
2021-09-02,7.199999809265137
2021-09-03,7.050000190734863
2021-09-07,6.920000076293945
2021-09-08,6.75
2021-09-09,6.800000190734863
2021-09-10,7.179999828338623
2021-09-13,7.010000228881836
2021-09-14,6.769999980926514
2021-09-15,6.920000076293945
2021-09-16,6.829999923706055
2021-09-17,7.050000190734863
2021-09-20,6.960000038146973
2021-09-21,6.880000114440918
2021-09-22,7.050000190734863
2021-09-23,7.349999904632568
2021-09-24,7.369999885559082
2021-09-27,7.71999979019165
2021-09-28,7.559999942779541
2021-09-29,7.409999847412109
2021-09-30,7.5
2021-10-01,7.739999771118164
2021-10-04,7.550000190734863
2021-10-05,7.570000171661377
2021-10-06,7.489999771118164
2021-10-07,7.679999828338623
2021-10-08,7.659999847412109
2021-10-11,8.010000228881836
2021-10-12,8.050000190734863
2021-10-13,8.069999694824219
2021-10-14,8.050000190734863
2021-10-15,7.670000076293945
2021-10-18,7.489999771118164
2021-10-19,7.25
2021-10-20,7.510000228881836
2021-10-21,7.449999809265137
2021-10-22,7.429999828338623
2021-10-25,7.429999828338623
2021-10-26,7.139999866485596
2021-10-27,7.119999885559082
2021-10-28,7.130000114440918
2021-10-29,7.179999828338623
2021-11-01,7.489999771118164
2021-11-02,7.559999942779541
2021-11-03,7.090000152587891
2021-11-04,6.639999866485596
2021-11-05,6.730000019073486
2021-11-08,6.829999923706055
2021-11-09,6.659999847412109
2021-11-10,6.539999961853027
2021-11-11,6.610000133514404
2021-11-12,6.579999923706055
2021-11-15,6.53000020980835
2021-11-16,6.360000133514404
2021-11-17,6.25
2021-11-18,6.190000057220459
2021-11-19,5.929999828338623
2021-11-22,6.0
2021-11-23,5.929999828338623
2021-11-24,5.929999828338623
2021-11-26,5.710000038146973
2021-11-29,5.71999979019165
2021-11-30,5.480000019073486
2021-12-01,5.409999847412109
2021-12-02,5.539999961853027
2021-12-03,5.539999961853027
2021-12-06,5.630000114440918
2021-12-07,5.840000152587891
2021-12-08,6.010000228881836
2021-12-09,5.960000038146973
2021-12-10,5.980000019073486
2021-12-13,5.840000152587891
2021-12-14,5.659999847412109
2021-12-15,5.489999771118164
2021-12-16,5.320000171661377
2021-12-17,5.360000133514404
2021-12-20,5.050000190734863
2021-12-21,5.210000038146973
2021-12-22,5.360000133514404
2021-12-23,5.550000190734863
2021-12-27,5.590000152587891
2021-12-28,5.550000190734863
2021-12-29,5.489999771118164
2021-12-30,5.570000171661377
2021-12-31,5.710000038146973
2022-01-03,5.840000152587891
2022-01-04,5.920000076293945
2022-01-05,5.96999979019165
2022-01-06,6.019999980926514
2022-01-07,6.019999980926514
2022-01-10,6.150000095367432
2022-01-11,6.199999809265137
2022-01-12,6.460000038146973
2022-01-13,6.619999885559082
2022-01-14,6.599999904632568
2022-01-18,6.760000228881836
2022-01-19,6.699999809265137
2022-01-20,6.670000076293945
2022-01-21,6.46999979019165
2022-01-24,6.320000171661377
2022-01-25,6.389999866485596
2022-01-26,6.210000038146973
2022-01-27,6.059999942779541
2022-01-28,6.170000076293945
2022-01-31,6.230000019073486
2022-02-01,6.190000057220459
2022-02-02,6.159999847412109
2022-02-03,5.610000133514404
2022-02-04,5.480000019073486
2022-02-07,5.480000019073486
2022-02-08,5.480000019073486
2022-02-09,5.309999942779541
2022-02-10,5.150000095367432
2022-02-11,5.230000019073486
2022-02-14,5.130000114440918
2022-02-15,5.239999771118164
2022-02-16,5.230000019073486
2022-02-17,5.199999809265137
2022-02-18,5.409999847412109
2022-02-22,5.179999828338623
2022-02-23,5.150000095367432
2022-02-24,5.510000228881836
2022-02-25,6.019999980926514
2022-02-28,5.869999885559082
2022-03-01,5.760000228881836
2022-03-02,6.059999942779541
2022-03-03,6.289999961853027
2022-03-04,6.25
2022-03-07,6.179999828338623
2022-03-08,6.039999961853027
2022-03-09,6.210000038146973
2022-03-10,6.460000038146973
2022-03-11,6.409999847412109
2022-03-14,6.239999771118164
2022-03-15,6.460000038146973
2022-03-16,6.210000038146973
2022-03-17,6.260000228881836
2022-03-18,6.730000019073486
2022-03-21,6.789999961853027
2022-03-22,6.789999961853027
2022-03-23,6.570000171661377
2022-03-24,6.659999847412109
2022-03-25,6.730000019073486
2022-03-28,6.619999885559082
2022-03-29,6.579999923706055
2022-03-30,6.480000019073486
2022-03-31,6.570000171661377
2022-04-01,6.619999885559082
2022-04-04,6.639999866485596
2022-04-05,6.380000114440918
2022-04-06,5.869999885559082
2022-04-07,5.849999904632568
2022-04-08,6.050000190734863
2022-04-11,5.71999979019165
2022-04-12,5.409999847412109
2022-04-13,5.460000038146973
2022-04-14,5.519999980926514
2022-04-18,5.46999979019165
2022-04-19,5.539999961853027
2022-04-20,5.800000190734863
2022-04-21,5.760000228881836
2022-04-22,5.300000190734863
2022-04-25,5.119999885559082
2022-04-26,5.150000095367432
2022-04-27,4.980000019073486
2022-04-28,5.119999885559082
2022-04-29,5.130000114440918
2022-05-02,4.860000133514404
2022-05-03,5.159999847412109
2022-05-04,5.559999942779541
2022-05-05,5.369999885559082
2022-05-06,5.119999885559082
2022-05-09,4.920000076293945
2022-05-10,4.760000228881836
2022-05-11,4.849999904632568
2022-05-12,4.769999980926514
2022-05-13,4.860000133514404
2022-05-16,4.980000019073486
2022-05-17,5.199999809265137
2022-05-18,4.900000095367432
2022-05-19,4.690000057220459
2022-05-20,4.619999885559082
2022-05-23,4.210000038146973
2022-05-24,4.0
2022-05-25,4.010000228881836
2022-05-26,4.159999847412109
2022-05-27,4.070000171661377
2022-05-31,3.8499999046325684
2022-06-01,3.609999895095825
2022-06-02,3.609999895095825
2022-06-03,3.4800000190734863
2022-06-06,3.6500000953674316
2022-06-07,3.759999990463257
2022-06-08,3.7799999713897705
2022-06-09,3.859999895095825
2022-06-10,3.7200000286102295
2022-06-13,3.380000114440918
2022-06-14,3.3399999141693115
2022-06-15,3.1500000953674316
2022-06-16,2.890000104904175
2022-06-17,2.7300000190734863
2022-06-21,2.7899999618530273
2022-06-22,2.7300000190734863
2022-06-23,2.630000114440918
2022-06-24,2.6500000953674316
2022-06-27,2.7100000381469727
2022-06-28,2.5899999141693115
2022-06-29,2.5399999618530273
2022-06-30,2.619999885559082
2022-07-01,2.7899999618530273
2022-07-05,2.7300000190734863
2022-07-06,2.75
2022-07-07,2.8399999141693115
2022-07-08,2.8399999141693115
2022-07-11,2.700000047683716
2022-07-12,2.6700000762939453
2022-07-13,2.6500000953674316
2022-07-14,2.6500000953674316
2022-07-15,2.819999933242798
2022-07-18,3.0999999046325684
2022-07-19,3.0999999046325684
2022-07-20,3.0799999237060547
2022-07-21,2.9200000762939453
2022-07-22,3.009999990463257
2022-07-25,3.0899999141693115
2022-07-26,3.049999952316284
2022-07-27,3.240000009536743
2022-07-28,3.390000104904175
2022-07-29,3.5399999618530273
2022-08-01,3.619999885559082
2022-08-02,3.7300000190734863
2022-08-03,4.03000020980835
2022-08-04,4.300000190734863
2022-08-05,4.760000228881836
2022-08-08,4.71999979019165
2022-08-09,4.929999828338623
2022-08-10,5.03000020980835
2022-08-11,4.949999809265137
2022-08-12,5.360000133514404
2022-08-15,5.309999942779541
2022-08-16,5.389999866485596
2022-08-17,5.159999847412109
2022-08-18,5.25
2022-08-19,5.050000190734863
2022-08-22,4.849999904632568
2022-08-23,4.820000171661377
2022-08-24,4.809999942779541
2022-08-25,5.230000019073486
2022-08-26,4.920000076293945
2022-08-29,4.820000171661377
2022-08-30,4.510000228881836
2022-08-31,4.519999980926514
2022-09-01,4.239999771118164
2022-09-02,4.28000020980835
2022-09-06,4.110000133514404
2022-09-07,4.360000133514404
2022-09-08,4.420000076293945
2022-09-09,4.659999847412109
2022-09-12,4.880000114440918
2022-09-13,4.619999885559082
2022-09-14,4.679999828338623
2022-09-15,4.619999885559082
2022-09-16,4.420000076293945
2022-09-19,4.420000076293945
2022-09-20,4.21999979019165
2022-09-21,4.090000152587891
2022-09-22,4.139999866485596
2022-09-23,3.7100000381469727
2022-09-26,3.559999942779541
2022-09-27,3.559999942779541
2022-09-28,3.6700000762939453
2022-09-29,3.309999942779541
2022-09-30,3.1500000953674316
2022-10-03,3.2799999713897705
2022-10-04,3.3399999141693115
2022-10-05,3.369999885559082
2022-10-06,3.1600000858306885
2022-10-07,3.180000066757202
2022-10-10,3.059999942779541
2022-10-11,3.2100000381469727
2022-10-12,3.0299999713897705
2022-10-13,3.2100000381469727
2022-10-14,3.049999952316284
2022-10-17,3.3499999046325684
2022-10-18,3.4700000286102295
2022-10-19,3.3399999141693115
2022-10-20,3.2899999618530273
2022-10-21,3.630000114440918
2022-10-24,3.6700000762939453
2022-10-25,3.890000104904175
2022-10-26,4.019999980926514
2022-10-27,4.170000076293945
2022-10-28,4.360000133514404
2022-10-31,4.550000190734863
2022-11-01,4.46999979019165
2022-11-02,6.0
2022-11-03,6.309999942779541
2022-11-04,7.139999866485596
2022-11-07,7.190000057220459
2022-11-08,7.420000076293945
2022-11-09,6.199999809265137
2022-11-10,6.989999771118164
2022-11-11,7.090000152587891
2022-11-14,7.260000228881836
2022-11-15,7.659999847412109
2022-11-16,7.550000190734863
2022-11-17,7.679999828338623
2022-11-18,7.650000095367432
2022-11-21,7.389999866485596
2022-11-22,7.739999771118164
2022-11-23,7.840000152587891
2022-11-25,7.75
2022-11-28,7.559999942779541
2022-11-29,7.559999942779541
2022-11-30,7.739999771118164
2022-12-01,7.909999847412109
2022-12-02,8.0
2022-12-05,8.039999961853027
2022-12-06,8.109999656677246
2022-12-07,8.25
2022-12-08,8.359999656677246
2022-12-09,8.180000305175781
2022-12-12,8.25
2022-12-13,8.649999618530273
2022-12-14,8.819999694824219
2022-12-15,8.420000076293945
2022-12-16,8.149999618530273
2022-12-19,8.0600004196167
2022-12-20,8.390000343322754
2022-12-21,8.569999694824219
2022-12-22,8.199999809265137
2022-12-23,8.59000015258789
2022-12-27,8.729999542236328
2022-12-28,8.699999809265137
2022-12-29,9.229999542236328
2022-12-30,9.600000381469727
2023-01-03,9.319999694824219
2023-01-04,9.609999656677246
2023-01-05,8.8100004196167
2023-01-06,9.0
2023-01-09,9.15999984741211
2023-01-10,6.070000171661377
2023-01-11,5.980000019073486
2023-01-12,6.449999809265137
2023-01-13,6.710000038146973
2023-01-17,7.28000020980835
2023-01-18,7.409999847412109
2023-01-19,6.78000020980835
2023-01-20,5.679999828338623
2023-01-23,5.860000133514404
2023-01-24,6.0
2023-01-25,6.139999866485596
2023-01-26,6.179999828338623
2023-01-27,6.75
2023-01-30,6.690000057220459
2023-01-31,6.929999828338623
2023-02-01,7.210000038146973
2023-02-02,7.519999980926514
2023-02-03,7.429999828338623
2023-02-06,7.320000171661377
2023-02-07,7.150000095367432
2023-02-08,6.900000095367432
2023-02-09,6.800000190734863
2023-02-10,6.659999847412109
2023-02-13,6.929999828338623
2023-02-14,7.019999980926514
2023-02-15,7.03000020980835
2023-02-16,7.099999904632568
2023-02-17,6.989999771118164
2023-02-21,6.599999904632568
2023-02-22,6.730000019073486
2023-02-23,6.679999828338623
2023-02-24,6.409999847412109
2023-02-27,6.71999979019165
2023-02-28,8.199999809265137
2023-03-01,8.390000343322754
2023-03-02,8.34000015258789
2023-03-03,8.350000381469727
2023-03-06,7.610000133514404
2023-03-07,7.980000019073486
2023-03-08,8.0
2023-03-09,7.699999809265137
2023-03-10,6.840000152587891
2023-03-13,6.179999828338623
2023-03-14,6.590000152587891
2023-03-15,6.360000133514404
2023-03-16,6.449999809265137
2023-03-17,6.010000228881836
2023-03-20,6.090000152587891
2023-03-21,6.400000095367432
2023-03-22,6.309999942779541
2023-03-23,5.980000019073486
2023-03-24,5.989999771118164
2023-03-27,6.090000152587891
2023-03-28,6.050000190734863
2023-03-29,6.170000076293945
2023-03-30,6.159999847412109
2023-03-31,6.269999980926514
2023-04-03,6.28000020980835
2023-04-04,5.840000152587891
2023-04-05,5.579999923706055
2023-04-06,5.590000152587891
2023-04-10,5.710000038146973
2023-04-11,5.800000190734863
2023-04-12,5.690000057220459
2023-04-13,5.679999828338623
2023-04-14,5.389999866485596
2023-04-17,5.440000057220459
2023-04-18,5.650000095367432
2023-04-19,5.570000171661377
2023-04-20,5.440000057220459
2023-04-21,5.300000190734863
2023-04-24,5.510000228881836
2023-04-25,5.380000114440918
2023-04-26,5.130000114440918
2023-04-27,5.21999979019165
2023-04-28,5.440000057220459
2023-05-01,5.489999771118164
2023-05-02,5.260000228881836
2023-05-03,5.409999847412109
2023-05-04,5.300000190734863
2023-05-05,5.639999866485596
2023-05-08,5.539999961853027
2023-05-09,5.480000019073486
2023-05-10,4.570000171661377
2023-05-11,4.760000228881836
2023-05-12,4.369999885559082
2023-05-15,4.630000114440918
2023-05-16,4.300000190734863
2023-05-17,4.25
2023-05-18,4.210000038146973
2023-05-19,4.340000152587891
2023-05-22,4.449999809265137
2023-05-23,4.199999809265137
2023-05-24,4.059999942779541
2023-05-25,3.950000047683716
2023-05-26,4.039999961853027
2023-05-30,3.690000057220459
2023-05-31,3.4000000953674316
2023-06-01,3.490000009536743
2023-06-02,3.75
2023-06-05,3.630000114440918
2023-06-06,3.930000066757202
2023-06-07,4.360000133514404
2023-06-08,4.400000095367432
2023-06-09,4.349999904632568
2023-06-12,4.309999942779541
2023-06-13,4.260000228881836
2023-06-14,4.239999771118164
2023-06-15,4.260000228881836
2023-06-16,4.179999828338623
2023-06-20,4.309999942779541
2023-06-21,4.099999904632568
2023-06-22,4.059999942779541
2023-06-23,4.150000095367432
2023-06-26,3.9800000190734863
2023-06-27,4.079999923706055
2023-06-28,4.0
2023-06-29,4.190000057220459
2023-06-30,4.28000020980835
2023-07-03,4.440000057220459
2023-07-05,4.050000190734863
2023-07-06,4.130000114440918
2023-07-07,4.269999980926514
2023-07-10,4.139999866485596
2023-07-11,4.380000114440918
2023-07-12,4.489999771118164
2023-07-13,4.590000152587891
2023-07-14,4.510000228881836
2023-07-17,4.579999923706055
2023-07-18,4.840000152587891
2023-07-19,4.789999961853027
2023-07-20,4.739999771118164
2023-07-21,4.909999847412109
2023-07-24,4.960000038146973
2023-07-25,4.880000114440918
2023-07-26,4.900000095367432
2023-07-27,4.78000020980835
2023-07-28,4.630000114440918
2023-07-31,4.730000019073486
2023-08-01,4.820000171661377
2023-08-02,4.46999979019165
2023-08-03,4.510000228881836
2023-08-04,4.289999961853027
2023-08-07,4.269999980926514
2023-08-08,4.25
2023-08-09,3.2699999809265137
2023-08-10,3.25
2023-08-11,3.2799999713897705
2023-08-14,3.180000066757202
2023-08-15,2.990000009536743
2023-08-16,2.9100000858306885
2023-08-17,2.9200000762939453
2023-08-18,3.0899999141693115
2023-08-21,3.0299999713897705
2023-08-22,3.140000104904175
2023-08-23,3.2799999713897705
2023-08-24,3.259999990463257
2023-08-25,3.319999933242798
2023-08-28,3.5799999237060547
2023-08-29,3.6700000762939453
2023-08-30,3.6600000858306885
2023-08-31,3.5299999713897705
2023-09-01,3.549999952316284
2023-09-05,3.2100000381469727
2023-09-06,3.069999933242798
2023-09-07,2.9800000190734863
2023-09-08,3.140000104904175
2023-09-11,3.130000114440918
2023-09-12,3.1600000858306885
2023-09-13,3.140000104904175
2023-09-14,3.3299999237060547
2023-09-15,3.140000104904175
2023-09-18,3.0
2023-09-19,2.9000000953674316
2023-09-20,2.8499999046325684
2023-09-21,2.7699999809265137
2023-09-22,2.819999933242798
2023-09-25,3.190000057220459
2023-09-26,3.200000047683716
2023-09-27,3.2300000190734863
2023-09-28,3.490000009536743
2023-09-29,3.5399999618530273
2023-10-02,3.509999990463257
2023-10-03,3.309999942779541
2023-10-04,3.390000104904175
2023-10-05,3.380000114440918
2023-10-06,3.3299999237060547
2023-10-09,3.180000066757202
2023-10-10,3.2699999809265137
2023-10-11,3.1500000953674316
2023-10-12,2.869999885559082
2023-10-13,2.809999942779541
2023-10-16,2.8499999046325684
2023-10-17,3.049999952316284
2023-10-18,2.950000047683716
2023-10-19,2.930000066757202
2023-10-20,2.940000057220459
2023-10-23,2.930000066757202
2023-10-24,2.819999933242798
2023-10-25,2.7899999618530273
2023-10-26,2.8499999046325684
2023-10-27,2.75
2023-10-30,2.819999933242798
2023-10-31,2.7699999809265137
2023-11-01,2.75
2023-11-02,2.7300000190734863
2023-11-03,2.9200000762939453
2023-11-06,2.9700000286102295
2023-11-07,3.049999952316284
2023-11-08,3.0999999046325684
2023-11-09,3.119999885559082
2023-11-10,3.1700000762939453
2023-11-13,3.240000009536743
2023-11-14,3.430000066757202
2023-11-15,3.359999895095825
2023-11-16,3.1600000858306885
2023-11-17,3.259999990463257
2023-11-20,3.380000114440918
2023-11-21,3.130000114440918
2023-11-22,3.0899999141693115
2023-11-24,3.069999933242798
2023-11-27,3.109999895095825
2023-11-28,3.0999999046325684
2023-11-29,3.2899999618530273
2023-11-30,3.299999952316284
2023-12-01,3.5199999809265137
2023-12-04,3.509999990463257
2023-12-05,3.4600000381469727
2023-12-06,3.4800000190734863
2023-12-07,3.490000009536743
2023-12-08,3.4600000381469727
2023-12-11,3.4600000381469727
2023-12-12,3.319999933242798
2023-12-13,3.5299999713897705
2023-12-14,3.680000066757202
2023-12-15,3.819999933242798
2023-12-18,3.809999942779541
2023-12-19,3.9200000762939453
2023-12-20,3.890000104904175
2023-12-21,3.950000047683716
2023-12-22,4.059999942779541
2023-12-26,4.110000133514404
2023-12-27,4.119999885559082
2023-12-28,4.079999923706055
2023-12-29,4.050000190734863
2024-01-02,4.199999809265137
2024-01-03,4.28000020980835
2024-01-04,4.199999809265137
2024-01-05,4.260000228881836
2024-01-08,4.199999809265137
2024-01-09,4.25
2024-01-10,4.260000228881836
2024-01-11,4.25
2024-01-12,4.110000133514404
2024-01-16,4.179999828338623
2024-01-17,4.110000133514404
2024-01-18,4.079999923706055
2024-01-19,4.170000076293945
2024-01-22,4.210000038146973
2024-01-23,4.159999847412109
2024-01-24,4.239999771118164
2024-01-25,4.25
2024-01-26,4.369999885559082
2024-01-29,4.550000190734863
2024-01-30,4.409999847412109
2024-01-31,4.340000152587891
2024-02-01,4.539999961853027
2024-02-02,4.5
2024-02-05,4.239999771118164
2024-02-06,4.329999923706055
2024-02-07,4.440000057220459
2024-02-08,4.570000171661377
2024-02-09,4.639999866485596
2024-02-12,4.610000133514404
2024-02-13,4.329999923706055
2024-02-14,4.429999828338623
2024-02-15,4.650000095367432
2024-02-16,4.619999885559082
2024-02-20,4.619999885559082
2024-02-21,4.489999771118164
2024-02-22,4.380000114440918
2024-02-23,4.349999904632568
2024-02-26,4.380000114440918
2024-02-27,4.340000152587891
2024-02-28,3.4200000762939453
2024-02-29,3.390000104904175
2024-03-01,3.7799999713897705
2024-03-04,3.9100000858306885
2024-03-05,3.569999933242798
2024-03-06,3.740000009536743
2024-03-07,3.799999952316284
2024-03-08,3.9200000762939453
2024-03-11,4.170000076293945
2024-03-12,4.130000114440918
2024-03-13,4.079999923706055
2024-03-14,4.090000152587891
2024-03-15,4.130000114440918
2024-03-18,4.070000171661377
2024-03-19,4.070000171661377
2024-03-20,4.440000057220459
2024-03-21,4.5
2024-03-22,4.329999923706055
2024-03-25,4.449999809265137
2024-03-26,4.510000228881836
2024-03-27,4.769999980926514
2024-03-28,4.78000020980835
2024-04-01,4.679999828338623
2024-04-02,4.5
2024-04-03,4.659999847412109
2024-04-04,4.5
2024-04-05,4.46999979019165
2024-04-08,4.599999904632568
2024-04-09,4.809999942779541
2024-04-10,4.590000152587891
2024-04-11,4.659999847412109
2024-04-12,4.53000020980835
2024-04-15,4.449999809265137
2024-04-16,4.28000020980835
2024-04-17,4.230000019073486
2024-04-18,4.260000228881836
2024-04-19,4.300000190734863
2024-04-22,4.199999809265137
2024-04-23,4.059999942779541
2024-04-24,4.119999885559082
2024-04-25,3.880000114440918
2024-04-26,3.890000104904175
2024-04-29,4.130000114440918
2024-04-30,3.7300000190734863
2024-05-01,3.8499999046325684
2024-05-02,3.950000047683716
2024-05-03,3.9800000190734863
2024-05-06,4.090000152587891
2024-05-07,4.0
2024-05-08,4.070000171661377
2024-05-09,4.440000057220459
2024-05-10,4.590000152587891
2024-05-13,4.369999885559082
2024-05-14,4.489999771118164
2024-05-15,4.570000171661377
2024-05-16,4.53000020980835
2024-05-17,4.920000076293945
2024-05-20,5.010000228881836
2024-05-21,5.090000152587891
2024-05-22,5.360000133514404
2024-05-23,5.369999885559082
2024-05-24,5.690000057220459
2024-05-28,5.559999942779541
2024-05-29,5.550000190734863
2024-05-30,5.480000019073486
2024-05-31,5.650000095367432
2024-06-03,5.639999866485596
2024-06-04,5.53000020980835
2024-06-05,5.659999847412109
2024-06-06,5.599999904632568
2024-06-07,5.679999828338623
2024-06-10,5.480000019073486
2024-06-11,5.579999923706055
2024-06-12,5.630000114440918
2024-06-13,5.590000152587891
2024-06-14,5.610000133514404
2024-06-17,5.650000095367432
2024-06-18,5.829999923706055
2024-06-20,5.730000019073486
2024-06-21,5.590000152587891
2024-06-24,5.760000228881836
2024-06-25,5.599999904632568
2024-06-26,5.320000171661377
2024-06-27,5.329999923706055
2024-06-28,5.440000057220459
2024-07-01,5.260000228881836
2024-07-02,5.400000095367432
2024-07-03,5.429999828338623
2024-07-05,5.329999923706055
2024-07-08,5.420000076293945
2024-07-09,5.429999828338623
2024-07-10,5.139999866485596
2024-07-11,5.409999847412109
2024-07-12,5.46999979019165
2024-07-15,5.610000133514404
2024-07-16,5.900000095367432
2024-07-17,5.869999885559082
2024-07-18,5.840000152587891
2024-07-19,5.840000152587891
2024-07-22,6.150000095367432
2024-07-23,6.079999923706055
2024-07-24,5.980000019073486
2024-07-25,6.179999828338623
2024-07-26,6.360000133514404
2024-07-29,6.269999980926514
2024-07-30,6.429999828338623
2024-07-31,6.650000095367432
2024-08-01,6.570000171661377
2024-08-02,5.960000038146973
2024-08-05,5.46999979019165
2024-08-06,5.610000133514404
2024-08-07,7.300000190734863
2024-08-08,7.480000019073486
2024-08-09,7.110000133514404
2024-08-12,7.130000114440918
2024-08-13,7.340000152587891
2024-08-14,7.440000057220459
2024-08-15,7.369999885559082
2024-08-16,7.480000019073486
2024-08-19,7.679999828338623
2024-08-20,7.449999809265137
2024-08-21,7.489999771118164
2024-08-22,7.460000038146973
2024-08-23,7.5
2024-08-26,7.579999923706055
2024-08-27,7.409999847412109
2024-08-28,7.349999904632568
2024-08-29,7.53000020980835
2024-08-30,7.980000019073486
2024-09-03,7.590000152587891
2024-09-04,7.460000038146973
2024-09-05,7.650000095367432
2024-09-06,7.460000038146973
2024-09-09,7.360000133514404
2024-09-10,7.409999847412109
2024-09-11,7.360000133514404
2024-09-12,7.480000019073486
2024-09-13,7.75
2024-09-16,7.75
2024-09-17,7.860000133514404
2024-09-18,7.800000190734863
2024-09-19,8.3100004196167
2024-09-20,8.069999694824219
2024-09-23,8.020000457763672
2024-09-24,8.600000381469727
2024-09-25,8.710000038146973
2024-09-26,8.619999885559082
2024-09-27,8.5
2024-09-30,8.5600004196167
2024-10-01,8.600000381469727
2024-10-02,8.699999809265137
2024-10-03,8.600000381469727
2024-10-04,8.789999961853027
2024-10-07,8.760000228881836
2024-10-08,8.699999809265137
2024-10-09,8.609999656677246
2024-10-10,8.699999809265137
2024-10-11,8.949999809265137
2024-10-14,8.140000343322754
2024-10-15,8.180000305175781
2024-10-16,8.229999542236328
2024-10-17,8.119999885559082
2024-10-18,7.980000019073486
2024-10-21,7.340000152587891
2024-10-22,7.25
2024-10-23,7.420000076293945
2024-10-24,7.510000228881836
2024-10-25,7.960000038146973
2024-10-28,8.100000381469727
2024-10-29,7.909999847412109
2024-10-30,8.029999732971191
2024-10-31,7.960000038146973
2024-11-01,8.100000381469727
2024-11-04,8.130000114440918
2024-11-05,8.130000114440918
2024-11-06,9.829999923706055
2024-11-07,10.0
2024-11-08,9.960000038146973
2024-11-11,9.979999542236328
2024-11-12,9.600000381469727
2024-11-13,9.539999961853027
2024-11-14,9.34000015258789
2024-11-15,9.210000038146973
2024-11-18,9.149999618530273
2024-11-19,9.050000190734863
2024-11-20,8.869999885559082
2024-11-21,8.90999984741211
2024-11-22,8.890000343322754
2024-11-25,8.90999984741211
2024-11-26,8.819999694824219
2024-11-27,8.720000267028809
2024-11-29,8.8100004196167
2024-12-02,8.670000076293945
2024-12-03,8.699999809265137
2024-12-04,8.579999923706055
2024-12-05,8.5600004196167
2024-12-06,8.529999732971191
2024-12-09,8.260000228881836
2024-12-10,8.170000076293945
2024-12-11,8.130000114440918
2024-12-12,8.069999694824219
2024-12-13,7.829999923706055
2024-12-16,7.949999809265137
2024-12-17,7.659999847412109
2024-12-18,7.289999961853027
2024-12-19,7.409999847412109
2024-12-20,7.46999979019165
2024-12-23,7.429999828338623
2024-12-24,7.480000019073486
2024-12-26,7.739999771118164
2024-12-27,7.570000171661377
2024-12-30,8.079999923706055
2024-12-31,8.25
2025-01-02,8.3100004196167
2025-01-03,8.079999923706055
2025-01-06,8.069999694824219
2025-01-07,7.920000076293945
2025-01-08,7.809999942779541
2025-01-10,7.510000228881836
2025-01-13,7.71999979019165
2025-01-14,7.400000095367432
2025-01-15,7.670000076293945
2025-01-16,7.639999866485596
2025-01-17,7.53000020980835
2025-01-21,7.889999866485596
2025-01-22,7.909999847412109
2025-01-23,8.09000015258789
2025-01-24,8.079999923706055
2025-01-27,7.960000038146973
2025-01-28,8.069999694824219
2025-01-29,8.369999885559082
2025-01-30,8.220000267028809
2025-01-31,8.0
2025-02-03,7.699999809265137
2025-02-04,7.650000095367432
2025-02-05,7.5
2025-02-06,7.480000019073486
2025-02-07,7.289999961853027
2025-02-10,7.269999980926514
2025-02-11,7.130000114440918
2025-02-12,7.070000171661377
2025-02-13,7.28000020980835
2025-02-14,7.300000190734863
2025-02-18,7.389999866485596
2025-02-19,7.139999866485596
2025-02-20,7.079999923706055
2025-02-21,7.380000114440918
2025-02-24,7.21999979019165
2025-02-25,7.559999942779541
2025-02-26,7.739999771118164
2025-02-27,7.639999866485596
2025-02-28,7.699999809265137
2025-03-03,7.579999923706055
2025-03-04,7.480000019073486
2025-03-05,7.489999771118164
2025-03-06,6.170000076293945
2025-03-07,5.980000019073486
2025-03-10,5.489999771118164
2025-03-11,5.389999866485596
2025-03-12,5.449999809265137
2025-03-13,5.239999771118164
2025-03-14,5.420000076293945
2025-03-17,5.460000038146973
2025-03-18,5.329999923706055
2025-03-19,5.489999771118164
2025-03-20,5.429999828338623
2025-03-21,5.349999904632568
2025-03-24,5.489999771118164
2025-03-25,5.679999828338623
2025-03-26,5.699999809265137
2025-03-27,5.769999980926514
2025-03-28,5.559999942779541
2025-03-31,5.75
2025-04-01,5.650000095367432
2025-04-02,5.730000019073486
2025-04-03,5.230000019073486
2025-04-04,4.980000019073486
2025-04-07,4.900000095367432
2025-04-08,4.789999961853027
2025-04-09,4.960000038146973
2025-04-10,4.760000228881836
2025-04-11,4.679999828338623
2025-04-14,4.730000019073486
2025-04-15,4.690000057220459
2025-04-16,4.440000057220459
2025-04-17,4.400000095367432
2025-04-21,4.090000152587891
2025-04-22,4.380000114440918
2025-04-23,4.329999923706055
2025-04-24,4.360000133514404
2025-04-25,4.349999904632568
2025-04-28,4.28000020980835
2025-04-29,4.329999923706055
2025-04-30,4.260000228881836
2025-05-01,4.309999942779541
2025-05-02,4.46999979019165
2025-05-05,4.260000228881836
2025-05-06,4.21999979019165
2025-05-07,3.940000057220459
2025-05-08,3.759999990463257
2025-05-09,3.630000114440918
2025-05-12,3.9200000762939453
2025-05-13,4.019999980926514
2025-05-14,3.9600000381469727
2025-05-15,3.9100000858306885
2025-05-16,4.190000057220459
2025-05-19,4.059999942779541
2025-05-20,4.239999771118164
2025-05-21,3.9700000286102295
2025-05-22,3.930000066757202
2025-05-23,3.890000104904175
2025-05-27,4.070000171661377
2025-05-28,3.9600000381469727
2025-05-29,3.940000057220459
2025-05-30,3.8499999046325684
2025-06-02,3.740000009536743
2025-06-03,3.869999885559082
2025-06-04,3.859999895095825
2025-06-05,3.859999895095825
2025-06-06,3.9000000953674316
2025-06-09,3.9100000858306885
2025-06-10,3.990000009536743
2025-06-11,4.050000190734863
2025-06-12,4.050000190734863
2025-06-13,3.869999885559082
2025-06-16,3.950000047683716
2025-06-17,3.880000114440918
2025-06-18,3.859999895095825
2025-06-20,3.859999895095825
2025-06-23,3.819999933242798
2025-06-24,3.859999895095825
2025-06-25,3.7799999713897705
2025-06-26,3.8299999237060547
2025-06-27,3.809999942779541
2025-06-30,3.8499999046325684
2025-07-01,4.0
2025-07-02,4.110000133514404
2025-07-03,4.150000095367432
2025-07-07,4.139999866485596
2025-07-08,4.139999866485596
2025-07-09,4.28000020980835
2025-07-10,4.489999771118164
2025-07-11,4.329999923706055
2025-07-14,4.300000190734863
2025-07-15,4.139999866485596
2025-07-16,4.119999885559082
2025-07-17,4.170000076293945
2025-07-18,4.139999866485596
2025-07-21,4.380000114440918
2025-07-22,4.369999885559082
2025-07-23,4.409999847412109
2025-07-24,4.230000019073486
2025-07-25,4.320000171661377
2025-07-28,4.159999847412109
2025-07-29,4.03000020980835
2025-07-30,3.9200000762939453
2025-07-31,3.8399999141693115
2025-08-01,3.630000114440918
2025-08-04,3.7300000190734863
2025-08-05,3.8299999237060547
2025-08-06,3.859999895095825
2025-08-07,4.369999885559082
2025-08-08,4.550000190734863
2025-08-11,4.46999979019165
2025-08-12,4.739999771118164
2025-08-13,5.050000190734863
2025-08-14,5.050000190734863
2025-08-15,5.150000095367432
2025-08-18,5.139999866485596
2025-08-19,4.949999809265137
2025-08-20,5.0
2025-08-21,5.070000171661377
2025-08-22,5.570000171661377
2025-08-25,5.369999885559082
2025-08-26,5.420000076293945
2025-08-27,5.28000020980835
2025-08-28,5.550000190734863
2025-08-29,5.570000171661377
2025-09-02,5.619999885559082
2025-09-03,5.650000095367432
2025-09-04,5.659999847412109
2025-09-05,5.929999828338623
2025-09-08,6.010000228881836
2025-09-09,5.96999979019165
2025-09-10,6.0
2025-09-11,6.139999866485596
2025-09-12,6.289999961853027
2025-09-15,6.539999961853027
2025-09-16,6.610000133514404
2025-09-17,6.949999809265137
2025-09-18,7.130000114440918
2025-09-19,7.130000114440918
