Date,SPFI
2019-05-09,16.101213455200195
2019-05-10,16.39214324951172
2019-05-13,16.273950576782227
2019-05-14,16.3648681640625
2019-05-15,16.310321807861328
2019-05-16,16.32849884033203
2019-05-17,16.12848663330078
2019-05-20,16.501239776611328
2019-05-21,16.68307113647461
2019-05-22,16.655799865722656
2019-05-23,16.446691513061523
2019-05-24,16.528518676757812
2019-05-28,15.919379234313965
2019-05-29,15.873922348022461
2019-05-30,15.419342994689941
2019-05-31,15.955743789672852
2019-06-03,16.237585067749023
2019-06-04,16.355775833129883
2019-06-05,16.728530883789062
2019-06-06,16.14666748046875
2019-06-07,15.892104148864746
2019-06-10,15.992109298706055
2019-06-11,15.928470611572266
2019-06-12,15.937562942504883
2019-06-13,16.33759307861328
2019-06-14,16.34668731689453
2019-06-17,16.246675491333008
2019-06-18,16.101213455200195
2019-06-19,16.00119972229004
2019-06-20,15.91028881072998
2019-06-21,15.69208812713623
2019-06-24,15.501167297363281
2019-06-25,15.337517738342285
2019-06-26,15.22841739654541
2019-06-27,14.919303894042969
2019-06-28,15.001126289367676
2019-07-01,15.22841739654541
2019-07-02,15.346607208251953
2019-07-03,15.210235595703125
2019-07-05,15.437528610229492
2019-07-08,15.455706596374512
2019-07-09,15.664812088012695
2019-07-10,15.746636390686035
2019-07-11,15.819372177124023
2019-07-12,16.101213455200195
2019-07-15,16.264863967895508
2019-07-16,16.201217651367188
2019-07-17,16.228500366210938
2019-07-18,16.15576171875
2019-07-19,15.837553024291992
2019-07-22,15.873922348022461
2019-07-23,16.138036727905273
2019-07-24,16.065170288085938
2019-07-25,16.056066513061523
2019-07-26,16.074283599853516
2019-07-29,16.138036727905273
2019-07-30,15.84659481048584
2019-07-31,15.896685600280762
2019-08-01,15.873924255371094
2019-08-02,15.91945743560791
2019-08-05,15.482306480407715
2019-08-06,15.637133598327637
2019-08-07,15.482306480407715
2019-08-08,15.482306480407715
2019-08-09,15.363916397094727
2019-08-12,15.136236190795898
2019-08-13,15.300164222717285
2019-08-14,14.580693244934082
2019-08-15,14.471405982971191
2019-08-16,14.571586608886719
2019-08-19,14.826590538024902
2019-08-20,14.81748104095459
2019-08-21,14.571586608886719
2019-08-22,14.571586608886719
2019-08-23,14.562479972839355
2019-08-26,14.790159225463867
2019-08-27,14.762839317321777
2019-08-28,14.78105354309082
2019-08-29,15.291059494018555
2019-08-30,14.899446487426758
2019-09-03,14.6171236038208
2019-09-04,14.926766395568848
2019-09-05,14.890340805053711
2019-09-06,14.863017082214355
2019-09-09,15.026947021484375
2019-09-10,14.708192825317383
2019-09-11,15.026947021484375
2019-09-12,15.245523452758789
2019-09-13,15.664462089538574
2019-09-16,15.491419792175293
2019-09-17,14.808374404907227
2019-09-18,14.890340805053711
2019-09-19,14.753730773925781
2019-09-20,15.026947021484375
2019-09-23,14.799264907836914
2019-09-24,14.844803810119629
2019-09-25,14.926766395568848
2019-09-26,14.917659759521484
2019-09-27,14.863017082214355
2019-09-30,14.844803810119629
2019-10-01,14.844803810119629
2019-10-02,14.844803810119629
2019-10-03,15.008729934692383
2019-10-04,14.844803810119629
2019-10-07,14.589798927307129
2019-10-08,14.753730773925781
2019-10-09,14.726408958435059
2019-10-10,14.708192825317383
2019-10-11,14.826590538024902
2019-10-14,14.762839317321777
2019-10-15,14.708192825317383
2019-10-16,14.96319580078125
2019-10-17,14.708192825317383
2019-10-18,15.017838478088379
2019-10-21,15.008729934692383
2019-10-22,14.790159225463867
2019-10-23,14.662657737731934
2019-10-24,15.709990501403809
2019-10-25,15.262957572937012
2019-10-28,15.463665008544922
2019-10-29,15.591389656066895
2019-10-30,15.792096138000488
2019-10-31,15.281204223632812
2019-11-01,15.554901123046875
2019-11-04,15.50015926361084
2019-11-05,15.591389656066895
2019-11-06,15.792096138000488
2019-11-07,15.855962753295898
2019-11-08,15.965437889099121
2019-11-11,15.828590393066406
2019-11-12,15.828590393066406
2019-11-13,16.020177841186523
2019-11-14,16.55843734741211
2019-11-15,17.22442626953125
2019-11-18,17.33390235900879
2019-11-19,17.352148056030273
2019-11-20,17.279165267944336
2019-11-21,17.279165267944336
2019-11-22,17.315658569335938
2019-11-25,17.21530532836914
2019-11-26,17.21530532836914
2019-11-27,17.11495018005371
2019-11-29,17.315658569335938
2019-12-02,17.12407112121582
2019-12-03,17.270038604736328
2019-12-04,17.352148056030273
2019-12-05,17.279165267944336
2019-12-06,17.62584686279297
2019-12-09,17.589351654052734
2019-12-10,18.009017944335938
2019-12-11,18.091123580932617
2019-12-12,18.027257919311523
2019-12-13,18.027257919311523
2019-12-16,17.926908493041992
2019-12-17,18.227962493896484
2019-12-18,18.866588592529297
2019-12-19,18.675003051757812
2019-12-20,18.985185623168945
2019-12-23,18.93044662475586
2019-12-24,19.05817222595215
2019-12-26,19.2862491607666
2019-12-27,19.12203598022461
2019-12-30,19.15852165222168
2019-12-31,19.03993034362793
2020-01-02,19.15852165222168
2020-01-03,19.112911224365234
2020-01-06,19.030805587768555
2020-01-07,18.985185623168945
2020-01-08,19.085538864135742
2020-01-09,19.05817222595215
2020-01-10,19.085538864135742
2020-01-13,18.839216232299805
2020-01-14,19.05817222595215
2020-01-15,18.939571380615234
2020-01-16,19.003433227539062
2020-01-17,19.09466552734375
2020-01-21,19.09466552734375
2020-01-22,18.966943740844727
2020-01-23,19.149402618408203
2020-01-24,19.450899124145508
2020-01-27,19.907711029052734
2020-01-28,19.843753814697266
2020-01-29,19.68843650817871
2020-01-30,19.642751693725586
2020-01-31,19.871158599853516
2020-02-03,19.83461570739746
2020-02-04,19.450899124145508
2020-02-05,19.68843650817871
2020-02-06,19.724979400634766
2020-02-07,19.54225730895996
2020-02-10,19.377805709838867
2020-02-11,19.441762924194336
2020-02-12,19.195083618164062
2020-02-13,19.058042526245117
2020-02-14,18.902725219726562
2020-02-18,19.121999740600586
2020-02-19,19.012361526489258
2020-02-20,19.094585418701172
2020-02-21,19.058042526245117
2020-02-24,18.92099380493164
2020-02-25,18.720003128051758
2020-02-26,18.729143142700195
2020-02-27,18.308874130249023
2020-02-28,18.299739837646484
2020-03-02,18.190105438232422
2020-03-03,17.258214950561523
2020-03-04,17.258214950561523
2020-03-05,15.72334098815918
2020-03-06,16.353742599487305
2020-03-09,14.243284225463867
2020-03-10,14.617863655090332
2020-03-11,15.750752449035645
2020-03-12,14.654409408569336
2020-03-13,15.394437789916992
2020-03-16,13.302254676818848
2020-03-17,13.795609474182129
2020-03-18,13.3388032913208
2020-03-19,12.744950294494629
2020-03-20,13.475842475891113
2020-03-23,12.388640403747559
2020-03-24,13.813880920410156
2020-03-25,14.051422119140625
2020-03-26,14.389461517333984
2020-03-27,11.228347778320312
2020-03-30,13.475842475891113
2020-03-31,14.151917457580566
2020-04-01,11.730835914611816
2020-04-02,11.785653114318848
2020-04-03,11.246623039245605
2020-04-06,12.306414604187012
2020-04-07,12.141963958740234
2020-04-08,12.543953895568848
2020-04-09,14.343778610229492
2020-04-13,12.068875312805176
2020-04-14,11.401933670043945
2020-04-15,10.78067684173584
2020-04-16,11.39279842376709
2020-04-17,11.877013206481934
2020-04-20,11.39279842376709
2020-04-21,10.78067684173584
2020-04-22,10.917717933654785
2020-04-23,10.689311981201172
2020-04-24,10.716792106628418
2020-04-27,11.449564933776855
2020-04-28,12.420489311218262
2020-04-29,12.823512077331543
2020-04-30,11.385445594787598
2020-05-01,11.715194702148438
2020-05-04,11.815950393676758
2020-05-05,11.486204147338867
2020-05-06,10.899984359741211
2020-05-07,11.092338562011719
2020-05-08,11.84343147277832
2020-05-11,11.632757186889648
2020-05-12,10.808390617370605
2020-05-13,11.248052597045898
2020-05-14,10.936625480651855
2020-05-15,10.945786476135254
2020-05-18,11.403768539428711
2020-05-19,11.211413383483887
2020-05-20,11.815950393676758
2020-05-21,11.605279922485352
2020-05-22,11.696876525878906
2020-05-26,12.044942855834961
2020-05-27,13.05250358581543
2020-05-28,12.09990119934082
2020-05-29,12.090741157531738
2020-06-01,11.440406799316406
2020-06-02,11.596118927001953
2020-06-03,12.86931037902832
2020-06-04,12.741073608398438
2020-06-05,13.180739402770996
2020-06-08,13.968469619750977
2020-06-09,13.739479064941406
2020-06-10,13.290656089782715
2020-06-11,11.889228820800781
2020-06-12,11.715194702148438
2020-06-15,12.246454238891602
2020-06-16,13.098302841186523
2020-06-17,12.420489311218262
2020-06-18,12.567042350769043
2020-06-19,12.832674026489258
2020-06-22,12.447968482971191
2020-06-23,12.38385009765625
2020-06-24,11.614439010620117
2020-06-25,12.273932456970215
2020-06-26,11.449564933776855
2020-06-29,12.594521522521973
2020-06-30,13.043343544006348
2020-07-01,13.28149700164795
2020-07-02,12.521245002746582
2020-07-06,12.127379417419434
2020-07-07,11.669398307800293
2020-07-08,12.218976974487305
2020-07-09,11.614439010620117
2020-07-10,11.999144554138184
2020-07-13,11.999144554138184
2020-07-14,11.999144554138184
2020-07-15,12.154858589172363
2020-07-16,12.127379417419434
2020-07-17,11.999144554138184
2020-07-20,12.02662467956543
2020-07-21,12.36552906036377
2020-07-22,12.218976974487305
2020-07-23,12.09990119934082
2020-07-24,11.861207008361816
2020-07-27,12.109079360961914
2020-07-28,11.980554580688477
2020-07-29,12.109079360961914
2020-07-30,12.623186111450195
2020-07-31,12.265148162841797
2020-08-03,12.255970001220703
2020-08-04,12.96286678314209
2020-08-05,13.256643295288086
2020-08-06,13.311727523803711
2020-08-07,13.770751953125
2020-08-10,13.724849700927734
2020-08-11,13.807474136352539
2020-08-12,13.67894458770752
2020-08-13,13.76156997680664
2020-08-14,13.770751953125
2020-08-17,13.532060623168945
2020-08-18,13.568779945373535
2020-08-19,13.467795372009277
2020-08-20,13.431071281433105
2020-08-21,13.017948150634766
2020-08-24,13.23828411102295
2020-08-25,13.403532981872559
2020-08-26,13.229101181030273
2020-08-27,13.07303237915039
2020-08-28,12.907785415649414
2020-08-31,13.109755516052246
2020-09-01,13.26582145690918
2020-09-02,13.715666770935059
2020-09-03,13.752389907836914
2020-09-04,13.219922065734863
2020-09-08,13.633045196533203
2020-09-09,13.724849700927734
2020-09-10,13.605500221252441
2020-09-11,13.458613395690918
2020-09-14,13.706487655639648
2020-09-15,13.706487655639648
2020-09-16,13.724849700927734
2020-09-17,13.183197975158691
2020-09-18,12.366133689880371
2020-09-21,11.04414176940918
2020-09-22,10.658560752868652
2020-09-23,10.649380683898926
2020-09-24,11.236930847167969
2020-09-25,10.842169761657715
2020-09-28,11.007420539855957
2020-09-29,11.007420539855957
2020-09-30,11.392999649047852
2020-10-01,11.640876770019531
2020-10-02,11.695958137512207
2020-10-05,11.792352676391602
2020-10-06,11.833666801452637
2020-10-07,12.43957805633545
2020-10-08,12.797618865966797
2020-10-09,13.08221435546875
2020-10-12,13.51369857788086
2020-10-13,13.458613395690918
2020-10-14,13.495335578918457
2020-10-15,13.541236877441406
2020-10-16,13.39434814453125
2020-10-19,13.137296676635742
2020-10-20,13.403532981872559
2020-10-21,13.67894458770752
2020-10-22,13.67894458770752
2020-10-23,13.697306632995605
2020-10-26,13.330086708068848
2020-10-27,13.027129173278809
2020-10-28,13.229101181030273
2020-10-29,13.330086708068848
2020-10-30,13.495906829833984
2020-11-02,13.726212501525879
2020-11-03,14.34343147277832
2020-11-04,13.680152893066406
2020-11-05,14.196037292480469
2020-11-06,14.159186363220215
2020-11-09,15.154105186462402
2020-11-10,16.121387481689453
2020-11-11,15.679206848144531
2020-11-12,15.402832984924316
2020-11-13,15.973999977111816
2020-11-16,16.31484603881836
2020-11-17,16.25957679748535
2020-11-18,16.305635452270508
2020-11-19,16.397756576538086
2020-11-20,16.48988151550293
2020-11-23,16.729400634765625
2020-11-24,17.411100387573242
2020-11-25,17.34661865234375
2020-11-27,17.088674545288086
2020-11-30,16.25957679748535
2020-12-01,16.600427627563477
2020-12-02,17.05182456970215
2020-12-03,16.747819900512695
2020-12-04,16.996553421020508
2020-12-07,16.950489044189453
2020-12-08,17.15316390991211
2020-12-09,17.143945693969727
2020-12-10,17.49401092529297
2020-12-11,17.134737014770508
2020-12-14,16.867582321166992
2020-12-15,17.46637725830078
2020-12-16,17.107099533081055
2020-12-17,17.328189849853516
2020-12-18,17.67825698852539
2020-12-21,17.420316696166992
2020-12-22,17.46637725830078
2020-12-23,17.586135864257812
2020-12-24,17.411100387573242
2020-12-28,17.60455894470215
2020-12-29,17.318979263305664
2020-12-30,17.484798431396484
2020-12-31,17.457164764404297
2021-01-04,17.540077209472656
2021-01-05,17.318979263305664
2021-01-06,17.982261657714844
2021-01-07,18.129655838012695
2021-01-08,17.871713638305664
2021-01-11,18.175716400146484
2021-01-12,18.3231143951416
2021-01-13,18.10201644897461
2021-01-14,18.286264419555664
2021-01-15,18.055953979492188
2021-01-19,18.194143295288086
2021-01-20,18.092811584472656
2021-01-21,18.230993270874023
2021-01-22,18.507360458374023
2021-01-25,18.212568283081055
2021-01-26,18.019105911254883
2021-01-27,17.49401092529297
2021-01-28,17.49401092529297
2021-01-29,17.401647567749023
2021-02-01,17.669506072998047
2021-02-02,17.789581298828125
2021-02-03,17.72492790222168
2021-02-04,17.99278450012207
2021-02-05,18.09438705444336
2021-02-08,18.09438705444336
2021-02-09,18.389957427978516
2021-02-10,18.24217414855957
2021-02-11,18.223695755004883
2021-02-12,18.473087310791016
2021-02-16,18.454614639282227
2021-02-17,18.011260986328125
2021-02-18,17.641801834106445
2021-02-19,18.066675186157227
2021-02-22,18.177515029907227
2021-02-23,18.12209701538086
2021-02-24,18.71323585510254
2021-02-25,17.863475799560547
2021-02-26,17.826528549194336
2021-03-01,18.82407569885254
2021-03-02,18.814836502075195
2021-03-03,19.747730255126953
2021-03-04,19.747730255126953
2021-03-05,21.1978702545166
2021-03-08,21.77052879333496
2021-03-09,21.890600204467773
2021-03-10,22.57411003112793
2021-03-11,23.017465591430664
2021-03-12,22.81426239013672
2021-03-15,22.28777503967285
2021-03-16,21.59503746032715
2021-03-17,21.234811782836914
2021-03-18,21.22557258605957
2021-03-19,22.546398162841797
2021-03-22,21.585803985595703
2021-03-23,20.726806640625
2021-03-24,20.699094772338867
2021-03-25,21.80748176574707
2021-03-26,21.81671142578125
2021-03-29,21.419546127319336
2021-03-30,20.782222747802734
2021-03-31,20.98542594909668
2021-04-01,21.05931854248047
2021-04-05,21.133209228515625
2021-04-06,20.782222747802734
2021-04-07,20.163373947143555
2021-04-08,20.87458610534668
2021-04-09,20.837636947631836
2021-04-12,19.92322540283203
2021-04-13,19.849327087402344
2021-04-14,19.858566284179688
2021-04-15,20.034059524536133
2021-04-16,19.858566284179688
2021-04-19,19.766202926635742
2021-04-20,19.396739959716797
2021-04-21,19.489107131958008
2021-04-22,19.369035720825195
2021-04-23,19.710784912109375
2021-04-26,19.67383575439453
2021-04-27,19.80314826965332
2021-04-28,20.837636947631836
2021-04-29,21.050081253051758
2021-04-30,21.16126251220703
2021-05-03,21.763486862182617
2021-05-04,21.56892204284668
2021-05-05,21.744956970214844
2021-05-06,21.89319610595703
2021-05-07,21.94878578186035
2021-05-10,21.411420822143555
2021-05-11,21.587451934814453
2021-05-12,21.031551361083984
2021-05-13,21.2539119720459
2021-05-14,22.004371643066406
2021-05-17,21.61524772644043
2021-05-18,21.365089416503906
2021-05-19,21.216854095458984
2021-05-20,21.967313766479492
2021-05-21,21.883934020996094
2021-05-24,21.411420822143555
2021-05-25,21.04081916809082
2021-05-26,21.300233840942383
2021-05-27,21.467008590698242
2021-05-28,21.735692977905273
2021-06-01,21.346559524536133
2021-06-02,21.68010139465332
2021-06-03,21.763486862182617
2021-06-04,21.587451934814453
2021-06-07,22.541749954223633
2021-06-08,22.699251174926758
2021-06-09,22.495426177978516
2021-06-10,22.004371643066406
2021-06-11,22.374977111816406
2021-06-14,22.013639450073242
2021-06-15,22.532485961914062
2021-06-16,22.337921142578125
2021-06-17,22.106294631958008
2021-06-18,21.89319610595703
2021-06-21,22.050701141357422
2021-06-22,21.819076538085938
2021-06-23,21.726430892944336
2021-06-24,21.772754669189453
2021-06-25,21.60598373413086
2021-06-28,21.309499740600586
2021-06-29,21.216854095458984
2021-06-30,21.429948806762695
2021-07-01,21.707897186279297
2021-07-02,21.32802963256836
2021-07-06,20.91110610961914
2021-07-07,21.198320388793945
2021-07-08,21.40215492248535
2021-07-09,21.494802474975586
2021-07-12,21.494802474975586
2021-07-13,21.56892204284668
2021-07-14,21.782014846801758
2021-07-15,22.04143714904785
2021-07-16,21.809816360473633
2021-07-19,21.411420822143555
2021-07-20,21.504064559936523
2021-07-21,21.84687042236328
2021-07-22,21.68010139465332
2021-07-23,21.772754669189453
2021-07-26,21.84687042236328
2021-07-27,21.661569595336914
2021-07-28,21.809816360473633
2021-07-29,22.059967041015625
2021-07-30,21.390356063842773
2021-08-02,21.483360290527344
2021-08-03,21.771663665771484
2021-08-04,21.548460006713867
2021-08-05,21.34385871887207
2021-08-06,22.08786392211914
2021-08-09,21.808866500854492
2021-08-10,22.27387237548828
2021-08-11,22.171571731567383
2021-08-12,21.948368072509766
2021-08-13,22.162275314331055
2021-08-16,21.901865005493164
2021-08-17,21.455459594726562
2021-08-18,21.222951889038086
2021-08-19,20.627744674682617
2021-08-20,21.222951889038086
2021-08-23,21.2973575592041
2021-08-24,21.092750549316406
2021-08-25,21.325258255004883
2021-08-26,21.325258255004883
2021-08-27,21.762361526489258
2021-08-30,21.27875328063965
2021-08-31,21.576358795166016
2021-09-01,21.371753692626953
2021-09-02,21.715862274169922
2021-09-03,21.687963485717773
2021-09-07,21.613563537597656
2021-09-08,21.325258255004883
2021-09-09,21.139251708984375
2021-09-10,21.12065315246582
2021-09-13,21.2973575592041
2021-09-14,21.092750549316406
2021-09-15,21.49266242980957
2021-09-16,21.371753692626953
2021-09-17,21.074146270751953
2021-09-20,20.60914421081543
2021-09-21,21.390356063842773
2021-09-22,21.455459594726562
2021-09-23,21.790264129638672
2021-09-24,21.948368072509766
2021-09-27,22.37617301940918
2021-09-28,22.208770751953125
2021-09-29,22.76677703857422
2021-09-30,22.673778533935547
2021-10-01,22.91558074951172
2021-10-04,22.831880569458008
2021-10-05,22.77607536315918
2021-10-06,22.85978126525879
2021-10-07,23.148086547851562
2021-10-08,23.203886032104492
2021-10-11,22.896982192993164
2021-10-12,22.943479537963867
2021-10-13,23.157386779785156
2021-10-14,23.222488403320312
2021-10-15,22.869083404541016
2021-10-18,22.61798095703125
2021-10-19,22.78537940979004
2021-10-20,22.803977966308594
2021-10-21,22.971384048461914
2021-10-22,23.23178482055664
2021-10-25,23.250385284423828
2021-10-26,23.250385284423828
2021-10-27,23.854894638061523
2021-10-28,24.626811981201172
2021-10-29,24.31885528564453
2021-11-01,24.8601016998291
2021-11-02,24.64547348022461
2021-11-03,24.54282569885254
2021-11-04,24.44950294494629
2021-11-05,24.54282569885254
2021-11-08,24.636140823364258
2021-11-09,24.496164321899414
2021-11-10,24.533493041992188
2021-11-11,24.60814666748047
2021-11-12,24.496164321899414
2021-11-15,24.62681007385254
2021-11-16,24.682802200317383
2021-11-17,24.21620750427246
2021-11-18,24.617473602294922
2021-11-19,24.44950294494629
2021-11-22,24.82278060913086
2021-11-23,24.916099548339844
2021-11-24,25.317365646362305
2021-11-26,24.094894409179688
2021-11-29,23.70295524597168
2021-11-30,23.32967758178711
2021-12-01,23.59096908569336
2021-12-02,24.253536224365234
2021-12-03,23.70295524597168
2021-12-06,24.570819854736328
2021-12-07,24.738794326782227
2021-12-08,25.056074142456055
2021-12-09,24.962757110595703
2021-12-10,25.205387115478516
2021-12-13,24.953426361083984
2021-12-14,25.03740882873535
2021-12-15,24.738794326782227
2021-12-16,24.682802200317383
2021-12-17,25.942604064941406
2021-12-20,24.505495071411133
2021-12-21,24.62681007385254
2021-12-22,24.953426361083984
2021-12-23,25.10273551940918
2021-12-27,26.073251724243164
2021-12-28,26.119905471801758
2021-12-29,26.110578536987305
2021-12-30,26.063922882080078
2021-12-31,25.951936721801758
2022-01-03,25.998592376708984
2022-01-04,26.063922882080078
2022-01-05,26.362539291381836
2022-01-06,26.959779739379883
2022-01-07,26.90378761291504
2022-01-10,26.92245101928711
2022-01-11,26.89445686340332
2022-01-12,27.2210750579834
2022-01-13,27.389041900634766
2022-01-14,27.482364654541016
2022-01-18,27.491695404052734
2022-01-19,27.183738708496094
2022-01-20,27.249065399169922
2022-01-21,27.015769958496094
2022-01-24,27.333057403564453
2022-01-25,27.006437301635742
2022-01-26,26.791799545288086
2022-01-27,26.446521759033203
2022-01-28,26.971153259277344
2022-01-31,27.102304458618164
2022-02-01,26.49336814880371
2022-02-02,26.54957389831543
2022-02-03,27.12103843688965
2022-02-04,27.3271427154541
2022-02-07,27.34587860107422
2022-02-08,27.72997283935547
2022-02-09,27.261560440063477
2022-02-10,26.989885330200195
2022-02-11,27.214717864990234
2022-02-14,26.56831169128418
2022-02-15,27.34587860107422
2022-02-16,27.046092987060547
2022-02-17,26.446521759033203
2022-02-18,26.63389015197754
2022-02-22,26.03432273864746
2022-02-23,25.828218460083008
2022-02-24,25.35044288635254
2022-02-25,26.306005477905273
2022-02-28,25.921903610229492
2022-03-01,24.966344833374023
2022-03-02,25.91253662109375
2022-03-03,26.184215545654297
2022-03-04,25.444124221801758
2022-03-07,25.444124221801758
2022-03-08,25.15370750427246
2022-03-09,25.58464813232422
2022-03-10,25.594018936157227
2022-03-11,25.893798828125
2022-03-14,26.2591609954834
2022-03-15,25.865694046020508
2022-03-16,26.409055709838867
2022-03-17,26.324739456176758
2022-03-18,26.877466201782227
2022-03-21,26.37158203125
2022-03-22,26.60578155517578
2022-03-23,25.903169631958008
2022-03-24,25.950010299682617
2022-03-25,26.174848556518555
2022-03-28,25.856325149536133
2022-03-29,26.43715476989746
2022-03-30,25.416017532348633
2022-03-31,24.900766372680664
2022-04-01,24.75087547302246
2022-04-04,24.50730323791504
2022-04-05,24.273096084594727
2022-04-06,24.15131378173828
2022-04-07,24.066991806030273
2022-04-08,24.113834381103516
2022-04-11,23.739107131958008
2022-04-12,23.682891845703125
2022-04-13,24.291833877563477
2022-04-14,24.029518127441406
2022-04-18,24.179414749145508
2022-04-19,24.66655921936035
2022-04-20,25.06002426147461
2022-04-21,24.563508987426758
2022-04-22,23.645423889160156
2022-04-25,24.07636260986328
2022-04-26,23.504901885986328
2022-04-27,23.083328247070312
2022-04-28,23.223852157592773
2022-04-29,22.725122451782227
2022-05-02,22.838043212890625
2022-05-03,23.223852157592773
2022-05-04,23.98606300354004
2022-05-05,23.139162063598633
2022-05-06,23.035654067993164
2022-05-09,22.57456398010254
2022-05-10,22.640432357788086
2022-05-11,22.43341636657715
2022-05-12,22.63102149963379
2022-05-13,22.57456398010254
2022-05-16,22.207576751708984
2022-05-17,22.471054077148438
2022-05-18,21.97232437133789
2022-05-19,21.633562088012695
2022-05-20,21.69002342224121
2022-05-23,22.132293701171875
2022-05-24,22.329904556274414
2022-05-25,22.424009323120117
2022-05-26,22.74394416809082
2022-05-27,23.073291778564453
2022-05-31,23.261493682861328
2022-06-01,22.583974838256836
2022-06-02,22.583974838256836
2022-06-03,22.489871978759766
2022-06-06,22.583974838256836
2022-06-07,22.583974838256836
2022-06-08,22.264034271240234
2022-06-09,22.09465217590332
2022-06-10,21.5018253326416
2022-06-13,21.351266860961914
2022-06-14,21.426546096801758
2022-06-15,21.737075805664062
2022-06-16,21.210113525390625
2022-06-17,22.499284744262695
2022-06-21,22.4804630279541
2022-06-22,22.329904556274414
2022-06-23,22.29226303100586
2022-06-24,23.280309677124023
2022-06-27,23.054473876953125
2022-06-28,23.242677688598633
2022-06-29,22.894506454467773
2022-06-30,22.715713500976562
2022-07-01,22.612201690673828
2022-07-05,22.25462532043457
2022-07-06,21.784120559692383
2022-07-07,22.245214462280273
2022-07-08,22.14170265197754
2022-07-11,21.68061637878418
2022-07-12,21.962913513183594
2022-07-13,21.91586685180664
2022-07-14,21.633562088012695
2022-07-15,22.245214462280273
2022-07-18,22.207576751708984
2022-07-19,22.43341636657715
2022-07-20,22.452234268188477
2022-07-21,22.471054077148438
2022-07-22,22.838043212890625
2022-07-25,23.71317481994629
2022-07-26,23.666122436523438
2022-07-27,23.891963958740234
2022-07-28,24.29659080505371
2022-07-29,24.97727394104004
2022-08-01,25.213624954223633
2022-08-02,24.996179580688477
2022-08-03,25.28925132751465
2022-08-04,25.052906036376953
2022-08-05,25.28925132751465
2022-08-08,24.343862533569336
2022-08-09,24.1547794342041
2022-08-10,24.107511520385742
2022-08-11,24.01297378540039
2022-08-12,24.01297378540039
2022-08-15,24.91109848022461
2022-08-16,24.98672866821289
2022-08-17,25.14744758605957
2022-08-18,25.119083404541016
2022-08-19,25.01508903503418
2022-08-22,25.327072143554688
2022-08-23,25.14744758605957
2022-08-24,25.279800415039062
2022-08-25,25.695770263671875
2022-08-26,25.72413444519043
2022-08-29,25.317615509033203
2022-08-30,25.686321258544922
2022-08-31,25.64849853515625
2022-09-01,25.55396270751953
2022-09-02,25.28925132751465
2022-09-06,25.137989044189453
2022-09-07,25.4688777923584
2022-09-08,25.667409896850586
2022-09-09,26.121198654174805
2022-09-12,26.433177947998047
2022-09-13,25.913211822509766
2022-09-14,26.083383560180664
2022-09-15,26.244102478027344
2022-09-16,26.574989318847656
2022-09-19,26.70734405517578
2022-09-20,26.678977966308594
2022-09-21,26.69788932800293
2022-09-22,26.40481948852539
2022-09-23,25.922664642333984
2022-09-26,25.9982967376709
2022-09-27,25.875396728515625
2022-09-28,26.244102478027344
2022-09-29,26.055021286010742
2022-09-30,26.055021286010742
2022-10-03,26.442628860473633
2022-10-04,26.915327072143555
2022-10-05,26.660076141357422
2022-10-06,26.924785614013672
2022-10-07,26.612802505493164
2022-10-10,26.650619506835938
2022-10-11,26.905874252319336
2022-10-12,26.820791244506836
2022-10-13,27.93635368347168
2022-10-14,28.040348052978516
2022-10-17,28.286151885986328
2022-10-18,28.342876434326172
2022-10-19,28.314516067504883
2022-10-20,27.851268768310547
2022-10-21,28.106523513793945
2022-10-24,27.614917755126953
2022-10-25,28.087617874145508
2022-10-26,28.522497177124023
2022-10-27,29.259904861450195
2022-10-28,29.60157012939453
2022-10-31,29.677494049072266
2022-11-01,29.15550422668457
2022-11-02,29.013141632080078
2022-11-03,28.78536605834961
2022-11-04,29.373794555664062
2022-11-07,28.870784759521484
2022-11-08,28.889766693115234
2022-11-09,28.870784759521484
2022-11-10,29.97170639038086
2022-11-11,29.316844940185547
2022-11-14,29.20296287536621
2022-11-15,29.221939086914062
2022-11-16,29.383283615112305
2022-11-17,29.326337814331055
2022-11-18,29.45920753479004
2022-11-21,29.668004989624023
2022-11-22,29.58258628845215
2022-11-23,29.421245574951172
2022-11-25,29.59208106994629
2022-11-28,28.69045639038086
2022-11-29,28.880273818969727
2022-11-30,29.383283615112305
2022-12-01,29.316844940185547
2022-12-02,29.48767852783203
2022-12-05,28.728425979614258
2022-12-06,28.96569061279297
2022-12-07,28.90874481201172
2022-12-08,28.89925765991211
2022-12-09,28.55759048461914
2022-12-12,28.434207916259766
2022-12-13,28.026113510131836
2022-12-14,27.49462890625
2022-12-15,26.39370346069336
2022-12-16,26.42217445373535
2022-12-19,26.39370346069336
2022-12-20,26.55504608154297
2022-12-21,27.001113891601562
2022-12-22,27.001113891601562
2022-12-23,26.820789337158203
2022-12-27,26.630971908569336
2022-12-28,26.39370346069336
2022-12-29,26.488611221313477
2022-12-30,26.127965927124023
2023-01-03,26.355745315551758
2023-01-04,26.41268539428711
2023-01-05,26.61199188232422
2023-01-06,27.10550880432129
2023-01-09,26.431665420532227
2023-01-10,26.488611221313477
2023-01-11,26.46013832092285
2023-01-12,26.906200408935547
2023-01-13,27.361759185791016
2023-01-17,26.934673309326172
2023-01-18,26.34625244140625
2023-01-19,26.023563385009766
2023-01-20,26.64046287536621
2023-01-23,26.94416618347168
2023-01-24,26.53606414794922
2023-01-25,26.34625244140625
2023-01-26,26.279815673828125
2023-01-27,26.861480712890625
2023-01-30,26.422849655151367
2023-01-31,26.794734954833984
2023-02-01,26.727983474731445
2023-02-02,26.909156799316406
2023-02-03,27.061723709106445
2023-02-06,26.747055053710938
2023-02-07,27.157081604003906
2023-02-08,26.832874298095703
2023-02-09,26.441917419433594
2023-02-10,26.413312911987305
2023-02-13,26.48959732055664
2023-02-14,26.060497283935547
2023-02-15,26.23213768005371
2023-02-16,25.803037643432617
2023-02-17,26.337026596069336
2023-02-21,25.860254287719727
2023-02-22,25.51697540283203
2023-02-23,25.593259811401367
2023-02-24,25.602792739868164
2023-02-27,25.421621322631836
2023-02-28,25.068809509277344
2023-03-01,24.916242599487305
2023-03-02,24.49667739868164
2023-03-03,24.792278289794922
2023-03-06,24.391788482666016
2023-03-07,24.134328842163086
2023-03-08,24.258291244506836
2023-03-09,23.42870330810547
2023-03-10,22.456083297729492
2023-03-13,21.388105392456055
2023-03-14,22.04606056213379
2023-03-15,21.69324493408203
2023-03-16,21.86488151550293
2023-03-17,20.930404663085938
2023-03-20,21.0257568359375
2023-03-21,21.68370819091797
2023-03-22,20.806442260742188
2023-03-23,20.36781120300293
2023-03-24,20.892261505126953
2023-03-27,21.016223907470703
2023-03-28,20.663410186767578
2023-03-29,20.663410186767578
2023-03-30,20.167566299438477
2023-03-31,20.415485382080078
2023-04-03,20.358274459838867
2023-04-04,19.9482479095459
2023-04-05,20.110349655151367
2023-04-06,20.119890213012695
2023-04-10,20.262920379638672
2023-04-11,20.358274459838867
2023-04-12,19.9482479095459
2023-04-13,20.119890213012695
2023-04-14,20.110349655151367
2023-04-17,20.301063537597656
2023-04-18,19.833824157714844
2023-04-19,19.995927810668945
2023-04-20,20.15802764892578
2023-04-21,19.910104751586914
2023-04-24,19.98638916015625
2023-04-25,19.471473693847656
2023-04-26,19.261693954467773
2023-04-27,19.6907901763916
2023-04-28,19.70038604736328
2023-05-01,19.63321304321289
2023-05-02,19.2973575592041
2023-05-03,19.07665252685547
2023-05-04,18.40494155883789
2023-05-05,19.306955337524414
2023-05-08,19.335739135742188
2023-05-09,19.239784240722656
2023-05-10,19.441299438476562
2023-05-11,19.36452865600586
2023-05-12,19.2973575592041
2023-05-15,19.460487365722656
2023-05-16,19.594831466674805
2023-05-17,20.49684715270996
2023-05-18,21.024620056152344
2023-05-19,20.947851181030273
2023-05-22,20.40088653564453
2023-05-23,21.274112701416016
2023-05-24,20.909473419189453
2023-05-25,20.83270263671875
2023-05-26,21.17815589904785
2023-05-30,20.9670467376709
2023-05-31,21.264516830444336
2023-06-01,21.16855812072754
2023-06-02,22.713497161865234
2023-06-05,21.561986923217773
2023-06-06,21.87865447998047
2023-06-07,23.106929779052734
2023-06-08,22.771074295043945
2023-06-09,22.339258193969727
2023-06-12,22.540771484375
2023-06-13,22.876628875732422
2023-06-14,22.723094940185547
2023-06-15,22.9342041015625
2023-06-16,22.943801879882812
2023-06-20,22.59834861755371
2023-06-21,22.40642738342285
2023-06-22,22.051380157470703
2023-06-23,21.73471450805664
2023-06-26,21.897846221923828
2023-06-27,21.87865447998047
2023-06-28,21.926637649536133
2023-06-29,21.85946273803711
2023-06-30,21.600374221801758
2023-07-03,22.10895538330078
2023-07-05,22.01300048828125
2023-07-06,21.74431037902832
2023-07-07,21.9746150970459
2023-07-10,22.060977935791016
2023-07-11,22.20491600036621
2023-07-12,22.607942581176758
2023-07-13,22.876628875732422
2023-07-14,22.627134323120117
2023-07-17,23.24127197265625
2023-07-18,23.912986755371094
2023-07-19,24.008949279785156
2023-07-20,24.383188247680664
2023-07-21,24.25843620300293
2023-07-24,24.48874282836914
2023-07-25,24.34480094909668
2023-07-26,25.218029022216797
2023-07-27,25.150856018066406
2023-07-28,25.86449432373047
2023-07-31,25.893423080444336
2023-08-01,25.555896759033203
2023-08-02,25.816274642944336
2023-08-03,25.8355655670166
2023-08-04,25.768056869506836
2023-08-07,25.8355655670166
2023-08-08,26.153806686401367
2023-08-09,25.9898624420166
2023-08-10,25.748767852783203
2023-08-11,25.854846954345703
2023-08-14,25.86449432373047
2023-08-15,26.057369232177734
2023-08-16,25.9320011138916
2023-08-17,25.9802188873291
2023-08-18,26.2406005859375
2023-08-21,25.565540313720703
2023-08-22,25.16050148010254
2023-08-23,24.87118911743164
2023-08-24,25.391952514648438
2023-08-25,25.343732833862305
2023-08-28,25.343732833862305
2023-08-29,25.43052864074707
2023-08-30,25.15085792541504
2023-08-31,25.295515060424805
2023-09-01,26.230955123901367
2023-09-05,25.700551986694336
2023-09-06,25.324445724487305
2023-09-07,25.420883178710938
2023-09-08,25.459457397460938
2023-09-11,25.449810028076172
2023-09-12,25.768056869506836
2023-09-13,25.53660774230957
2023-09-14,25.498031616210938
2023-09-15,25.806631088256836
2023-09-18,25.633045196533203
2023-09-19,25.449810028076172
2023-09-20,25.334089279174805
2023-09-21,24.813329696655273
2023-09-22,25.141212463378906
2023-09-25,25.604114532470703
2023-09-26,25.266582489013672
2023-09-27,25.247295379638672
2023-09-28,25.43052864074707
2023-09-29,25.498031616210938
2023-10-02,25.449810028076172
2023-10-03,25.102638244628906
2023-10-04,25.43052864074707
2023-10-05,25.922353744506836
2023-10-06,25.87413787841797
2023-10-09,25.893423080444336
2023-10-10,25.9802188873291
2023-10-11,26.105587005615234
2023-10-12,25.84520721435547
2023-10-13,25.68126106262207
2023-10-16,25.796987533569336
2023-10-17,26.057369232177734
2023-10-18,25.787343978881836
2023-10-19,25.247295379638672
2023-10-20,24.278099060058594
2023-10-23,24.10933494567871
2023-10-24,24.10933494567871
2023-10-25,24.687957763671875
2023-10-26,25.449810028076172
2023-10-27,25.24629020690918
2023-10-30,25.8471622467041
2023-10-31,25.992536544799805
2023-11-01,25.885929107666016
2023-11-02,25.876237869262695
2023-11-03,26.20574951171875
2023-11-06,25.759939193725586
2023-11-07,25.624258041381836
2023-11-08,25.381975173950195
2023-11-09,24.965240478515625
2023-11-10,25.02338981628418
2023-11-13,24.53881072998047
2023-11-14,26.43834686279297
2023-11-15,26.20574951171875
2023-11-16,26.040992736816406
2023-11-17,26.302661895751953
2023-11-20,26.011919021606445
2023-11-21,25.585493087768555
2023-11-22,25.498268127441406
2023-11-24,25.80839729309082
2023-11-27,25.31413459777832
2023-11-28,25.120304107666016
2023-11-29,25.440120697021484
2023-11-30,25.19783592224121
2023-12-01,26.43834686279297
2023-12-04,26.612789154052734
2023-12-05,26.68062973022461
2023-12-06,27.28150177001953
2023-12-07,27.56255531311035
2023-12-08,27.581937789916992
2023-12-11,27.620704650878906
2023-12-12,27.310579299926758
2023-12-13,28.754606246948242
2023-12-14,28.638309478759766
2023-12-15,28.105276107788086
2023-12-18,28.657691955566406
2023-12-19,29.025970458984375
2023-12-20,28.1924991607666
2023-12-21,28.5898494720459
2023-12-22,28.628618240356445
2023-12-26,28.9581241607666
2023-12-27,28.87090301513672
2023-12-28,28.657691955566406
2023-12-29,28.066509246826172
2024-01-02,28.415403366088867
2024-01-03,27.620704650878906
2024-01-04,27.872682571411133
2024-01-05,27.795148849487305
2024-01-08,27.85329818725586
2024-01-09,27.22335433959961
2024-01-10,27.378414154052734
2024-01-11,27.116744995117188
2024-01-12,27.048906326293945
2024-01-16,26.554643630981445
2024-01-17,26.496492385864258
2024-01-18,26.23482322692871
2024-01-19,26.97137451171875
2024-01-22,27.67885398864746
2024-01-23,27.07798194885254
2024-01-24,27.136133193969727
2024-01-25,27.55286407470703
2024-01-26,27.747581481933594
2024-01-29,28.224645614624023
2024-01-30,28.04939842224121
2024-01-31,26.365070343017578
2024-02-01,26.345598220825195
2024-02-02,25.965896606445312
2024-02-05,25.917219161987305
2024-02-06,25.333057403564453
2024-02-07,24.787837982177734
2024-02-08,25.284374237060547
2024-02-09,25.917219161987305
2024-02-12,25.634872436523438
2024-02-13,24.320512771606445
2024-02-14,25.216224670410156
2024-02-15,26.38454246520996
2024-02-16,25.81985855102539
2024-02-20,26.05352210998535
2024-02-21,25.65434455871582
2024-02-22,25.303848266601562
2024-02-23,25.294111251831055
2024-02-26,25.449886322021484
2024-02-27,25.323318481445312
2024-02-28,25.333057403564453
2024-02-29,25.97563362121582
2024-03-01,25.109128952026367
2024-03-04,25.401208877563477
2024-03-05,25.449886322021484
2024-03-06,25.284374237060547
2024-03-07,24.778106689453125
2024-03-08,25.167543411254883
2024-03-11,25.89774513244629
2024-03-12,25.148073196411133
2024-03-13,25.118864059448242
2024-03-14,24.48602294921875
2024-03-15,25.128599166870117
2024-03-18,24.04790496826172
2024-03-19,24.534704208374023
2024-03-20,25.342790603637695
2024-03-21,25.556983947753906
2024-03-22,24.96308708190918
2024-03-25,25.644609451293945
2024-03-26,24.94361686706543
2024-03-27,25.936689376831055
2024-03-28,26.05352210998535
2024-04-01,24.953351974487305
2024-04-02,24.72942543029785
2024-04-03,24.73916244506836
2024-04-04,25.089656829833984
2024-04-05,25.02150535583496
2024-04-08,24.48602294921875
2024-04-09,24.33998680114746
2024-04-10,23.872657775878906
2024-04-11,24.252361297607422
2024-04-12,24.008962631225586
2024-04-15,24.632062911987305
2024-04-16,24.5444393157959
2024-04-17,24.641799926757812
2024-04-18,24.75863265991211
2024-04-19,25.313583374023438
2024-04-22,25.430418014526367
2024-04-23,25.70302391052246
2024-04-24,26.024309158325195
2024-04-25,25.81985855102539
2024-04-26,25.379413604736328
2024-04-29,26.084123611450195
2024-04-30,25.369625091552734
2024-05-01,25.516437530517578
2024-05-02,26.01561164855957
2024-05-03,26.319026947021484
2024-05-06,26.544143676757812
2024-05-07,26.632230758666992
2024-05-08,27.053102493286133
2024-05-09,27.288005828857422
2024-05-10,27.11182975769043
2024-05-13,26.642017364501953
2024-05-14,26.41690444946289
2024-05-15,26.42669105529785
2024-05-16,26.42669105529785
2024-05-17,26.80841064453125
2024-05-20,26.857349395751953
2024-05-21,27.27821922302246
2024-05-22,26.99437713623047
2024-05-23,26.397327423095703
2024-05-24,26.534358978271484
2024-05-28,25.839431762695312
2024-05-29,25.506650924682617
2024-05-30,26.02539825439453
2024-05-31,26.573505401611328
2024-06-03,26.230937957763672
2024-06-04,26.01561164855957
2024-06-05,25.78070831298828
2024-06-06,25.89815902709961
2024-06-07,25.60452651977539
2024-06-10,25.408775329589844
2024-06-11,25.4283504486084
2024-06-12,25.741554260253906
2024-06-13,25.08578109741211
2024-06-14,24.733427047729492
2024-06-17,25.721981048583984
2024-06-18,25.917734146118164
2024-06-20,25.467500686645508
2024-06-21,25.516437530517578
2024-06-24,25.565378189086914
2024-06-25,25.261960983276367
2024-06-26,25.575162887573242
2024-06-27,25.927522659301758
2024-06-28,26.42669105529785
2024-07-01,27.29779624938965
2024-07-02,27.102041244506836
2024-07-03,26.651805877685547
2024-07-05,25.907943725585938
2024-07-08,26.230937957763672
2024-07-09,26.681171417236328
2024-07-10,27.150978088378906
2024-07-11,28.061233520507812
2024-07-12,28.570192337036133
2024-07-15,29.186813354492188
2024-07-16,30.087276458740234
2024-07-17,30.73326301574707
2024-07-18,30.292821884155273
2024-07-19,30.586448669433594
2024-07-22,31.526063919067383
2024-07-23,33.03335952758789
2024-07-24,32.18184280395508
2024-07-25,32.348228454589844
2024-07-26,32.37759780883789
2024-07-29,32.02374267578125
2024-07-30,32.49554443359375
2024-07-31,31.886125564575195
2024-08-01,31.188251495361328
2024-08-02,30.28395652770996
2024-08-05,29.576251983642578
2024-08-06,29.566421508789062
2024-08-07,29.7531795501709
2024-08-08,30.107030868530273
2024-08-09,30.303617477416992
2024-08-12,30.04805564880371
2024-08-13,30.6378116607666
2024-08-14,30.6378116607666
2024-08-15,31.571592330932617
2024-08-16,31.699371337890625
2024-08-19,32.32844161987305
2024-08-20,31.876300811767578
2024-08-21,32.26947021484375
2024-08-22,32.31861877441406
2024-08-23,33.57676315307617
2024-08-26,33.56693649291992
2024-08-27,33.50796127319336
2024-08-28,33.6947135925293
2024-08-29,33.901126861572266
2024-08-30,34.31395721435547
2024-09-03,33.8421516418457
2024-09-04,33.44898223876953
2024-09-05,32.98700714111328
2024-09-06,32.26947021484375
2024-09-09,32.43656539916992
2024-09-10,32.43656539916992
2024-09-11,31.856639862060547
2024-09-12,31.954927444458008
2024-09-13,32.42674255371094
2024-09-16,32.633155822753906
2024-09-17,33.00666809082031
2024-09-18,33.17375946044922
2024-09-19,34.196006774902344
2024-09-20,33.31137466430664
2024-09-23,33.12461853027344
2024-09-24,32.68229675292969
2024-09-25,32.51520538330078
2024-09-26,32.633155822753906
2024-09-27,32.4857177734375
2024-09-30,33.340858459472656
2024-10-01,32.131858825683594
2024-10-02,31.53227424621582
2024-10-03,31.384836196899414
2024-10-04,31.925443649291992
2024-10-07,32.10237121582031
2024-10-08,31.954927444458008
2024-10-09,32.31861877441406
2024-10-10,32.33827209472656
2024-10-11,33.37034606933594
2024-10-14,33.50796127319336
2024-10-15,33.93061447143555
2024-10-16,34.422080993652344
2024-10-17,34.58917236328125
2024-10-18,34.60883331298828
2024-10-21,33.49812698364258
2024-10-22,33.75368881225586
2024-10-23,33.439151763916016
2024-10-24,33.22290802001953
2024-10-25,32.90837097167969
2024-10-28,34.09319305419922
2024-10-29,33.945091247558594
2024-10-30,34.261043548583984
2024-10-31,33.2736930847168
2024-11-01,33.00710678100586
2024-11-04,33.15521240234375
2024-11-05,34.02407455444336
2024-11-06,39.40513229370117
2024-11-07,37.63777542114258
2024-11-08,38.635005950927734
2024-11-11,39.99753952026367
2024-11-12,39.37551498413086
2024-11-13,38.694244384765625
2024-11-14,38.30917739868164
2024-11-15,38.38816452026367
2024-11-18,37.50942611694336
2024-11-19,37.48967742919922
2024-11-20,37.41069030761719
2024-11-21,37.83525085449219
2024-11-22,38.9608268737793
2024-11-25,39.02006912231445
2024-11-26,38.19069290161133
2024-11-27,38.358543395996094
2024-11-29,38.398033142089844
2024-12-02,38.506649017333984
2024-12-03,38.012969970703125
2024-12-04,38.348670959472656
2024-12-05,38.358543395996094
2024-12-06,37.81549835205078
2024-12-09,37.469932556152344
2024-12-10,37.795753479003906
2024-12-11,39.26690673828125
2024-12-12,38.57575607299805
2024-12-13,38.15119934082031
2024-12-16,38.694244384765625
2024-12-17,37.776004791259766
2024-12-18,35.12990951538086
2024-12-19,34.804080963134766
2024-12-20,35.376747131347656
2024-12-23,34.853450775146484
2024-12-24,35.26813888549805
2024-12-26,35.554466247558594
2024-12-27,34.57699203491211
2024-12-30,34.42888641357422
2024-12-31,34.31040954589844
2025-01-02,33.66862869262695
2025-01-03,34.05863571166992
2025-01-06,33.57976531982422
2025-01-07,33.08116149902344
2025-01-08,33.066349029541016
2025-01-10,31.94076919555664
2025-01-13,32.9478645324707
2025-01-14,33.60939407348633
2025-01-15,34.33015441894531
2025-01-16,34.23141860961914
2025-01-17,34.5572509765625
2025-01-21,34.88307571411133
2025-01-22,34.112937927246094
2025-01-23,34.43876647949219
2025-01-24,36.28511047363281
2025-01-27,36.166629791259766
2025-01-28,35.979026794433594
2025-01-29,35.702571868896484
2025-01-30,35.50510025024414
2025-01-31,35.47547912597656
2025-02-03,34.99956512451172
2025-02-04,35.71343994140625
2025-02-05,35.84233474731445
2025-02-06,36.37773513793945
2025-02-07,35.55480194091797
2025-02-10,35.66386413574219
2025-02-11,36.33808135986328
2025-02-12,35.13837432861328
2025-02-13,35.34659194946289
2025-02-14,35.1978645324707
2025-02-18,35.07888412475586
2025-02-19,34.99956512451172
2025-02-20,34.424503326416016
2025-02-21,33.512332916259766
2025-02-24,33.601566314697266
2025-02-25,33.91884231567383
2025-02-26,34.30552291870117
2025-02-27,34.335269927978516
2025-02-28,34.94007873535156
2025-03-03,34.622798919677734
2025-03-04,33.65114212036133
2025-03-05,33.38343811035156
2025-03-06,33.56190872192383
2025-03-07,33.50242233276367
2025-03-10,32.46135711669922
2025-03-11,32.22339630126953
2025-03-12,32.342376708984375
2025-03-13,32.10441970825195
2025-03-14,32.6695671081543
2025-03-17,32.679481506347656
2025-03-18,32.619991302490234
2025-03-19,32.917442321777344
2025-03-20,32.63982009887695
2025-03-21,32.30271911621094
2025-03-24,33.254547119140625
2025-03-25,33.274375915527344
2025-03-26,33.31403350830078
2025-03-27,33.522247314453125
2025-03-28,32.798465728759766
2025-03-31,32.83811950683594
2025-04-01,32.8876953125
2025-04-02,32.798465728759766
2025-04-03,31.182334899902344
2025-04-04,30.944374084472656
2025-04-07,30.914630889892578
2025-04-08,30.66676139831543
2025-04-09,32.01518630981445
2025-04-10,30.68659019470215
2025-04-11,30.468461990356445
2025-04-14,30.90471649169922
2025-04-15,31.519441604614258
2025-04-16,31.380630493164062
2025-04-17,31.925952911376953
2025-04-21,31.608673095703125
2025-04-22,32.65965270996094
2025-04-23,32.74888610839844
2025-04-24,32.95709991455078
2025-04-25,33.433013916015625
2025-04-28,33.69195556640625
2025-04-29,34.20983123779297
2025-04-30,33.57244110107422
2025-05-01,33.60232162475586
2025-05-02,34.03056335449219
2025-05-05,33.70191192626953
2025-05-06,33.55252456665039
2025-05-07,33.721832275390625
2025-05-08,34.43889617919922
2025-05-09,34.389095306396484
2025-05-12,35.0962028503418
2025-05-13,35.54436111450195
2025-05-14,35.64395523071289
2025-05-15,36.171791076660156
2025-05-16,36.12697982788086
2025-05-19,35.86305618286133
2025-05-20,36.20166778564453
2025-05-21,35.20574951171875
2025-05-22,35.0962028503418
2025-05-23,34.65799331665039
2025-05-27,35.65391540527344
2025-05-28,35.30534362792969
2025-05-29,35.91285705566406
2025-05-30,35.82322311401367
2025-06-02,35.32526397705078
2025-06-03,35.524444580078125
2025-06-04,35.13603591918945
2025-06-05,35.15595245361328
2025-06-06,36.12199783325195
2025-06-09,36.08216094970703
2025-06-10,36.56019973754883
2025-06-11,36.26142501831055
2025-06-12,36.28134536743164
2025-06-13,35.34518051147461
2025-06-16,35.225669860839844
2025-06-17,34.98664855957031
2025-06-18,34.827301025390625
2025-06-20,35.05636215209961
2025-06-23,35.763465881347656
2025-06-24,36.042320251464844
2025-06-25,35.44477081298828
2025-06-26,35.70370864868164
2025-06-27,35.574241638183594
2025-06-30,35.89293670654297
2025-07-01,37.08803939819336
2025-07-02,37.32706069946289
2025-07-03,37.73538589477539
2025-07-07,36.83906173706055
2025-07-08,37.05815887451172
2025-07-09,36.97848892211914
2025-07-10,37.24738693237305
2025-07-11,36.35105895996094
2025-07-14,37.48640441894531
2025-07-15,36.48052978515625
2025-07-16,36.6099967956543
2025-07-17,40.434326171875
2025-07-18,40.83269500732422
2025-07-21,41.50992202758789
2025-07-22,41.00199890136719
2025-07-23,41.07171630859375
2025-07-24,39.72722625732422
2025-07-25,39.04999923706055
2025-07-28,38.97999954223633
2025-07-29,38.5099983215332
2025-07-30,37.90999984741211
2025-07-31,37.11000061035156
2025-08-01,36.0099983215332
2025-08-04,36.84000015258789
2025-08-05,36.599998474121094
2025-08-06,36.81999969482422
2025-08-07,36.0099983215332
2025-08-08,36.720001220703125
2025-08-11,37.08000183105469
2025-08-12,38.790000915527344
2025-08-13,39.560001373291016
2025-08-14,39.79999923706055
2025-08-15,38.86000061035156
2025-08-18,39.16999816894531
2025-08-19,39.1150016784668
2025-08-20,39.63999938964844
2025-08-21,39.59000015258789
2025-08-22,41.314998626708984
2025-08-25,40.779998779296875
2025-08-26,41.029998779296875
2025-08-27,41.150001525878906
2025-08-28,40.61000061035156
2025-08-29,40.630001068115234
2025-09-02,40.599998474121094
2025-09-03,40.40999984741211
2025-09-04,41.040000915527344
2025-09-05,40.5
2025-09-08,40.81999969482422
2025-09-09,40.349998474121094
2025-09-10,40.400001525878906
2025-09-11,40.099998474121094
2025-09-12,39.79999923706055
2025-09-15,40.33000183105469
2025-09-16,39.290000915527344
2025-09-17,39.59000015258789
2025-09-18,40.650001525878906
2025-09-19,39.220001220703125
