Date,UNIT
2015-04-20,30.991233825683594
2015-04-21,31.011871337890625
2015-04-22,31.238922119140625
2015-04-23,31.11507797241211
2015-04-24,29.515460968017578
2015-04-27,28.390567779541016
2015-04-28,30.423625946044922
2015-04-29,31.290515899658203
2015-04-30,31.042837142944336
2015-05-01,30.92931365966797
2015-05-04,31.125394821166992
2015-05-05,31.207956314086914
2015-05-06,29.474180221557617
2015-05-07,28.504093170166016
2015-05-08,28.53505516052246
2015-05-11,28.287370681762695
2015-05-12,29.009777069091797
2015-05-13,28.689849853515625
2015-05-14,28.70016860961914
2015-05-15,28.41121482849121
2015-05-18,27.71976661682129
2015-05-19,27.059282302856445
2015-05-20,26.512311935424805
2015-05-21,27.348243713378906
2015-05-22,27.6372013092041
2015-05-26,27.337919235229492
2015-05-27,26.966394424438477
2015-05-28,26.811601638793945
2015-05-29,26.883834838867188
2015-06-01,26.687755584716797
2015-06-02,27.265674591064453
2015-06-03,26.832239151000977
2015-06-04,26.264631271362305
2015-06-05,26.33687400817871
2015-06-08,26.419437408447266
2015-06-09,26.305912017822266
2015-06-10,26.20270538330078
2015-06-11,26.667118072509766
2015-06-12,26.956079483032227
2015-06-15,26.501995086669922
2015-06-16,27.00767707824707
2015-06-17,27.17279815673828
2015-06-18,27.265674591064453
2015-06-19,27.59592056274414
2015-06-22,28.235774993896484
2015-06-23,28.390567779541016
2015-06-24,28.29769515991211
2015-06-25,28.48345947265625
2015-06-26,27.04868507385254
2015-06-29,26.031339645385742
2015-06-30,25.926464080810547
2015-07-01,25.139860153198242
2015-07-02,24.667896270751953
2015-07-06,24.909120559692383
2015-07-07,24.185447692871094
2015-07-08,23.702993392944336
2015-07-09,23.52469825744629
2015-07-10,24.269350051879883
2015-07-13,24.40569496154785
2015-07-14,24.563016891479492
2015-07-15,24.96156883239746
2015-07-16,25.423038482666016
2015-07-17,25.024490356445312
2015-07-20,25.41254997253418
2015-07-21,24.52106475830078
2015-07-22,23.53519058227539
2015-07-23,22.979320526123047
2015-07-24,22.224178314208984
2015-07-27,21.720754623413086
2015-07-28,21.867591857910156
2015-07-29,22.003934860229492
2015-07-30,21.961978912353516
2015-07-31,21.867591857910156
2015-08-03,22.224178314208984
2015-08-04,22.51784896850586
2015-08-05,22.266138076782227
2015-08-06,22.381502151489258
2015-08-07,22.297597885131836
2015-08-10,23.08420181274414
2015-08-11,22.60175132751465
2015-08-12,22.245162963867188
2015-08-13,23.293960571289062
2015-08-14,24.185447692871094
2015-08-17,24.416187286376953
2015-08-18,24.269350051879883
2015-08-19,23.88129234313965
2015-08-20,22.83249282836914
2015-08-21,21.61587905883789
2015-08-24,20.671951293945312
2015-08-25,20.724393844604492
2015-08-26,21.175371170043945
2015-08-27,21.68929100036621
2015-08-28,21.605384826660156
2015-08-31,21.080984115600586
2015-09-01,21.049518585205078
2015-09-02,21.43757438659668
2015-09-03,21.469039916992188
2015-09-04,21.185861587524414
2015-09-08,21.196353912353516
2015-09-09,21.280248641967773
2015-09-10,21.521482467651367
2015-09-11,21.867591857910156
2015-09-14,21.479528427124023
2015-09-15,22.0353946685791
2015-09-16,22.433940887451172
2015-09-17,22.48638153076172
2015-09-18,21.867591857910156
2015-09-21,21.909536361694336
2015-09-22,21.605384826660156
2015-09-23,21.741731643676758
2015-09-24,21.490018844604492
2015-09-25,21.070493698120117
2015-09-28,19.07776641845703
2015-09-29,18.490434646606445
2015-09-30,18.77361297607422
2015-10-01,18.28067398071289
2015-10-02,19.151182174682617
2015-10-05,19.549726486206055
2015-10-06,19.811931610107422
2015-10-07,20.504140853881836
2015-10-08,20.650972366333008
2015-10-09,20.556577682495117
2015-10-12,20.199983596801758
2015-10-13,20.095104217529297
2015-10-14,19.74900245666504
2015-10-15,20.3573055267334
2015-10-16,20.74536895751953
2015-10-19,20.724393844604492
2015-10-20,21.3851375579834
2015-10-21,21.374649047851562
2015-10-22,21.406112670898438
2015-10-23,21.039031982421875
2015-10-26,20.73487663269043
2015-10-27,20.409748077392578
2015-10-28,20.98659324645996
2015-10-29,20.73487663269043
2015-10-30,21.070493698120117
2015-11-02,21.731245040893555
2015-11-03,21.406112670898438
2015-11-04,21.217330932617188
2015-11-05,21.479528427124023
2015-11-06,21.41659927368164
2015-11-09,21.227815628051758
2015-11-10,20.755849838256836
2015-11-11,20.105594635009766
2015-11-12,20.766338348388672
2015-11-13,19.958759307861328
2015-11-16,20.304868698120117
2015-11-17,20.283889770507812
2015-11-18,20.32584571838379
2015-11-19,19.53923988342285
2015-11-20,19.224597930908203
2015-11-23,19.51826286315918
2015-11-24,19.371431350708008
2015-11-25,19.759492874145508
2015-11-27,20.137062072753906
2015-11-30,20.399261474609375
2015-12-01,20.577552795410156
2015-12-02,20.409748077392578
2015-12-03,19.623144149780273
2015-12-04,20.01120376586914
2015-12-07,19.665096282958984
2015-12-08,19.45533561706543
2015-12-09,19.497285842895508
2015-12-10,19.990224838256836
2015-12-11,19.10923194885254
2015-12-14,19.11971664428711
2015-12-15,19.004352569580078
2015-12-16,19.392406463623047
2015-12-17,18.899471282958984
2015-12-18,19.224597930908203
2015-12-21,19.41337776184082
2015-12-22,19.602169036865234
2015-12-23,20.808290481567383
2015-12-24,20.514629364013672
2015-12-28,20.892200469970703
2015-12-29,20.66511344909668
2015-12-30,20.167675018310547
2015-12-31,20.21092987060547
2016-01-04,21.47614097595215
2016-01-05,21.53021240234375
2016-01-06,21.400442123413086
2016-01-07,22.42775535583496
2016-01-08,20.60022735595703
2016-01-11,20.74080467224121
2016-01-12,20.481279373168945
2016-01-13,19.83245086669922
2016-01-14,20.27581214904785
2016-01-15,20.037912368774414
2016-01-19,19.194438934326172
2016-01-20,18.891653060913086
2016-01-21,18.913278579711914
2016-01-22,20.481279373168945
2016-01-25,20.405580520629883
2016-01-26,20.95708465576172
2016-01-27,20.22174644470215
2016-01-28,20.53534698486328
2016-01-29,20.77324676513672
2016-02-01,20.978708267211914
2016-02-02,20.4704647064209
2016-02-03,20.21092987060547
2016-02-04,20.091978073120117
2016-02-05,19.99465560913086
2016-02-08,18.340150833129883
2016-02-09,17.875154495239258
2016-02-10,17.56155776977539
2016-02-11,16.955991744995117
2016-02-12,16.664016723632812
2016-02-16,17.247961044311523
2016-02-17,17.961668014526367
2016-02-18,17.63725471496582
2016-02-19,17.47504997253418
2016-02-22,17.79946517944336
2016-02-23,17.68050765991211
2016-02-24,18.53479766845703
2016-02-25,18.9024658203125
2016-02-26,19.973026275634766
2016-02-29,20.38395118713379
2016-03-01,21.292308807373047
2016-03-02,21.832990646362305
2016-03-03,22.44938087463379
2016-03-04,23.325302124023438
2016-03-07,24.687829971313477
2016-03-08,23.57401466369629
2016-03-09,23.541574478149414
2016-03-10,23.271228790283203
2016-03-11,23.60645294189453
2016-03-14,23.99574851989746
2016-03-15,23.49831771850586
2016-03-16,23.920055389404297
2016-03-17,23.628082275390625
2016-03-18,23.087392807006836
2016-03-21,23.22797393798828
2016-03-22,23.184717178344727
2016-03-23,22.881929397583008
2016-03-24,23.60645294189453
2016-03-28,23.411808013916016
2016-03-29,24.134740829467773
2016-03-30,24.34605598449707
2016-03-31,24.746448516845703
2016-04-01,25.080106735229492
2016-04-04,25.046743392944336
2016-04-05,24.82430648803711
2016-04-06,25.391521453857422
2016-04-07,24.93552589416504
2016-04-08,25.48049545288086
2016-04-11,25.613964080810547
2016-04-12,25.558347702026367
2016-04-13,25.847530364990234
2016-04-14,25.814159393310547
2016-04-15,26.114450454711914
2016-04-18,25.880889892578125
2016-04-19,26.103334426879883
2016-04-20,26.14781951904297
2016-04-21,26.06996726989746
2016-04-22,26.63718605041504
2016-04-25,25.958744049072266
2016-04-26,26.181182861328125
2016-04-27,26.34801483154297
2016-04-28,25.9476318359375
2016-04-29,25.83640480041504
2016-05-02,25.7474308013916
2016-05-03,25.725187301635742
2016-05-04,25.980993270874023
2016-05-05,26.314645767211914
2016-05-06,26.14781951904297
2016-05-09,26.203428268432617
2016-05-10,26.192306518554688
2016-05-11,26.39250373840332
2016-05-12,26.72616195678711
2016-05-13,26.39250373840332
2016-05-16,27.215532302856445
2016-05-17,26.881872177124023
2016-05-18,26.85962677001953
2016-05-19,26.548206329345703
2016-05-20,26.58157730102539
2016-05-23,26.65943145751953
2016-05-24,27.12655258178711
2016-05-25,27.471338272094727
2016-05-26,27.29338264465332
2016-05-27,27.70490074157715
2016-05-31,27.782751083374023
2016-06-01,27.70490074157715
2016-06-02,28.372222900390625
2016-06-03,28.9505615234375
2016-06-06,29.050657272338867
2016-06-07,29.540029525756836
2016-06-08,29.673490524291992
2016-06-09,29.87368392944336
2016-06-10,29.818084716796875
2016-06-13,29.673490524291992
2016-06-14,29.050657272338867
2016-06-15,29.295345306396484
2016-06-16,29.695735931396484
2016-06-17,30.541004180908203
2016-06-20,31.319549560546875
2016-06-21,31.464128494262695
2016-06-22,31.775548934936523
2016-06-23,32.72092056274414
2016-06-24,31.44188690185547
2016-06-27,29.82920265197754
2016-06-28,30.841304779052734
2016-06-29,31.464128494262695
2016-06-30,32.14258575439453
2016-07-01,32.609703063964844
2016-07-05,32.72092056274414
2016-07-06,32.565216064453125
2016-07-07,32.69867706298828
2016-07-08,33.922096252441406
2016-07-11,33.655174255371094
2016-07-12,33.89986038208008
2016-07-13,33.944339752197266
2016-07-14,33.77751159667969
2016-07-15,33.710777282714844
2016-07-18,34.211273193359375
2016-07-19,34.32249069213867
2016-07-20,34.344730377197266
2016-07-21,34.07780456542969
2016-07-22,34.5338020324707
2016-07-25,34.37809371948242
2016-07-26,34.444828033447266
2016-07-27,34.30023956298828
2016-07-28,34.33361053466797
2016-07-29,34.567176818847656
2016-08-01,34.47819519042969
2016-08-02,33.68853759765625
2016-08-03,34.0333137512207
2016-08-04,34.27800369262695
2016-08-05,34.122291564941406
2016-08-08,33.744140625
2016-08-09,33.944339752197266
2016-08-10,33.610679626464844
2016-08-11,33.699649810791016
2016-08-12,33.699649810791016
2016-08-15,33.86648941040039
2016-08-16,33.165794372558594
2016-08-17,33.143558502197266
2016-08-18,33.03233337402344
2016-08-19,32.67642593383789
2016-08-22,32.89887237548828
2016-08-23,33.010093688964844
2016-08-24,32.58745574951172
2016-08-25,33.02121353149414
2016-08-26,32.809898376464844
2016-08-29,33.710777282714844
2016-08-30,34.07780456542969
2016-08-31,34.70063781738281
2016-09-01,34.84522247314453
2016-09-02,35.479183197021484
2016-09-06,35.49030303955078
2016-09-07,35.746097564697266
2016-09-08,35.15663146972656
2016-09-09,33.68853759765625
2016-09-12,34.734004974365234
2016-09-13,34.0333137512207
2016-09-14,34.30023956298828
2016-09-15,35.02317428588867
2016-09-16,34.96757125854492
2016-09-19,35.14551544189453
2016-09-20,34.411460876464844
2016-09-21,34.734004974365234
2016-09-22,35.167755126953125
2016-09-23,35.612640380859375
2016-09-26,36.36893081665039
2016-09-27,35.91293716430664
2016-09-28,36.173587799072266
2016-09-29,35.595619201660156
2016-09-30,35.595619201660156
2016-10-03,34.870338439941406
2016-10-04,33.98640441894531
2016-10-05,33.52176284790039
2016-10-06,33.37443923950195
2016-10-07,33.102455139160156
2016-10-10,33.544429779052734
2016-10-11,32.9211311340332
2016-10-12,33.3291130065918
2016-10-13,34.04306411743164
2016-10-14,34.07705307006836
2016-10-17,34.04306411743164
2016-10-18,34.15639114379883
2016-10-19,34.337703704833984
2016-10-20,34.15639114379883
2016-10-21,34.405704498291016
2016-10-24,33.96373748779297
2016-10-25,33.29511260986328
2016-10-26,32.90980529785156
2016-10-27,32.6378173828125
2016-10-28,32.61515808105469
2016-10-31,32.218509674072266
2016-11-01,29.906675338745117
2016-11-02,29.680021286010742
2016-11-03,29.816011428833008
2016-11-04,30.46196174621582
2016-11-07,31.11924934387207
2016-11-08,30.994596481323242
2016-11-09,31.005937576293945
2016-11-10,29.272050857543945
2016-11-11,29.00006103515625
2016-11-14,27.58348846435547
2016-11-15,27.345508575439453
2016-11-16,26.903533935546875
2016-11-17,27.164186477661133
2016-11-18,27.560827255249023
2016-11-21,27.232179641723633
2016-11-22,28.47876739501953
2016-11-23,28.694080352783203
2016-11-25,28.932064056396484
2016-11-28,28.818737030029297
2016-11-29,28.694080352783203
2016-11-30,28.252111434936523
2016-12-01,27.606157302856445
2016-12-02,28.36543846130371
2016-12-05,28.716747283935547
2016-12-06,28.694080352783203
2016-12-07,29.430700302124023
2016-12-08,29.215383529663086
2016-12-09,28.87540626525879
2016-12-12,28.45610237121582
2016-12-13,29.600683212280273
2016-12-14,29.04538917541504
2016-12-15,28.728084564208984
2016-12-16,28.92074203491211
2016-12-19,29.22671890258789
2016-12-20,29.46469497680664
2016-12-21,29.793346405029297
2016-12-22,29.65735626220703
2016-12-23,30.099327087402344
2016-12-27,30.008663177490234
2016-12-28,29.614421844482422
2016-12-29,29.753564834594727
2016-12-30,29.46367645263672
2017-01-03,30.623212814331055
2017-01-04,31.15660285949707
2017-01-05,31.145004272460938
2017-01-06,30.21737289428711
2017-01-09,29.927494049072266
2017-01-10,30.54204559326172
2017-01-11,30.37971305847168
2017-01-12,30.41449737548828
2017-01-13,30.855117797851562
2017-01-17,30.88990020751953
2017-01-18,30.92469024658203
2017-01-19,29.973876953125
2017-01-20,30.368122100830078
2017-01-23,30.762357711791992
2017-01-24,31.087032318115234
2017-01-25,30.88990020751953
2017-01-26,30.797142028808594
2017-01-27,30.669588088989258
2017-01-30,30.37971305847168
2017-01-31,30.47247314453125
2017-02-01,30.10142707824707
2017-02-02,30.33333396911621
2017-02-03,30.634801864624023
2017-02-06,30.21737289428711
2017-02-07,30.02025604248047
2017-02-08,30.31014633178711
2017-02-09,30.692781448364258
2017-02-10,30.820337295532227
2017-02-13,31.052236557006836
2017-02-14,30.739160537719727
2017-02-15,30.600021362304688
2017-02-16,30.913095474243164
2017-02-17,30.797142028808594
2017-02-21,31.017457962036133
2017-02-22,31.70157814025879
2017-02-23,32.81473159790039
2017-02-24,33.55682373046875
2017-02-27,33.904685974121094
2017-02-28,33.591617584228516
2017-03-01,33.39448928833008
2017-03-02,33.22056198120117
2017-03-03,33.777137756347656
2017-03-06,33.278541564941406
2017-03-07,32.94227600097656
2017-03-08,31.70157814025879
2017-03-09,31.66678810119629
2017-03-10,31.446491241455078
2017-03-13,30.87830924987793
2017-03-14,29.359323501586914
2017-03-15,30.02025604248047
2017-03-16,29.579633712768555
2017-03-17,29.73036766052246
2017-03-20,30.18259048461914
2017-03-21,30.10142707824707
2017-03-22,30.18259048461914
2017-03-23,29.741968154907227
2017-03-24,29.614421844482422
2017-03-27,29.568042755126953
2017-03-28,29.823139190673828
2017-03-29,30.23866844177246
2017-03-30,30.26241111755371
2017-03-31,30.6898136138916
2017-04-03,30.45236587524414
2017-04-04,30.30989646911621
2017-04-05,30.32176971435547
2017-04-06,30.30989646911621
2017-04-07,30.440488815307617
2017-04-10,30.19117546081543
2017-04-11,30.57109260559082
2017-04-12,30.915386199951172
2017-04-13,31.378402709960938
2017-04-17,32.20946502685547
2017-04-18,31.485252380371094
2017-04-19,32.19759750366211
2017-04-20,32.64873123168945
2017-04-21,32.34005355834961
2017-04-24,32.423160552978516
2017-04-25,32.814945220947266
2017-04-26,32.3519287109375
2017-04-27,32.375675201416016
2017-04-28,32.60123825073242
2017-05-01,32.719966888427734
2017-05-02,32.47064971923828
2017-05-03,31.402145385742188
2017-05-04,30.01309585571289
2017-05-05,30.084327697753906
2017-05-08,30.440488815307617
2017-05-09,29.455097198486328
2017-05-10,29.466968536376953
2017-05-11,28.695274353027344
2017-05-12,27.78110694885254
2017-05-15,28.303489685058594
2017-05-16,27.543664932250977
2017-05-17,28.374719619750977
2017-05-18,28.267868041992188
2017-05-19,28.612165451049805
2017-05-22,29.431354522705078
2017-05-23,29.538204193115234
2017-05-24,29.69254493713379
2017-05-25,29.72816276550293
2017-05-26,29.49071502685547
2017-05-30,29.443222045898438
2017-05-31,29.69254493713379
2017-06-01,30.34551239013672
2017-06-02,30.701683044433594
2017-06-05,31.54461097717285
2017-06-06,31.29530143737793
2017-06-07,31.698963165283203
2017-06-08,32.066993713378906
2017-06-09,31.82955551147461
2017-06-12,31.603967666625977
2017-06-13,31.8414249420166
2017-06-14,32.1263542175293
2017-06-15,31.912656784057617
2017-06-16,31.73457145690918
2017-06-19,32.53001403808594
2017-06-20,31.972015380859375
2017-06-21,30.99849510192871
2017-06-22,30.939128875732422
2017-06-23,30.87976837158203
2017-06-26,31.532745361328125
2017-06-27,30.677940368652344
2017-06-28,30.88456153869629
2017-06-29,30.228227615356445
2017-06-30,30.556400299072266
2017-07-03,30.93318748474121
2017-07-05,30.07021713256836
2017-07-06,29.413875579833984
2017-07-07,29.75419807434082
2017-07-10,29.438188552856445
2017-07-11,30.556400299072266
2017-07-12,31.06688690185547
2017-07-13,31.115507125854492
2017-07-14,30.945337295532227
2017-07-17,30.92710304260254
2017-07-18,30.617168426513672
2017-07-19,31.06688690185547
2017-07-20,31.395055770874023
2017-07-21,31.49228858947754
2017-07-24,31.431516647338867
2017-07-25,32.06355667114258
2017-07-26,32.0514030456543
2017-07-27,32.07571029663086
2017-07-28,31.91769790649414
2017-07-31,31.115507125854492
2017-08-01,30.605016708374023
2017-08-02,30.00943946838379
2017-08-03,27.43269157409668
2017-08-04,26.545412063598633
2017-08-07,27.870256423950195
2017-08-08,27.505619049072266
2017-08-09,26.38740348815918
2017-08-10,24.539918899536133
2017-08-11,23.543254852294922
2017-08-14,24.503463745117188
2017-08-15,22.643823623657227
2017-08-16,23.713417053222656
2017-08-17,23.713417053222656
2017-08-18,23.3001651763916
2017-08-21,23.373092651367188
2017-08-22,23.008459091186523
2017-08-23,23.531099319458008
2017-08-24,23.59187126159668
2017-08-25,23.883581161499023
2017-08-28,23.93219757080078
2017-08-29,23.628337860107422
2017-08-30,23.494640350341797
2017-08-31,23.40955352783203
2017-09-01,23.5797176361084
2017-09-05,23.15431022644043
2017-09-06,23.23939323425293
2017-09-07,22.86260414123535
2017-09-08,22.68028450012207
2017-09-11,22.570894241333008
2017-09-12,22.86260414123535
2017-09-13,22.899066925048828
2017-09-14,22.412887573242188
2017-09-15,22.364269256591797
2017-09-18,21.23390007019043
2017-09-19,20.28584861755371
2017-09-20,19.860443115234375
2017-09-21,19.4593448638916
2017-09-22,20.067068099975586
2017-09-25,21.100200653076172
2017-09-26,19.02785873413086
2017-09-27,17.9035701751709
2017-09-28,17.8184871673584
2017-09-29,17.8184871673584
2017-10-02,17.745563507080078
2017-10-03,17.97649574279785
2017-10-04,18.912391662597656
2017-10-05,19.50188446044922
2017-10-06,18.64499282836914
2017-10-09,18.863771438598633
2017-10-10,18.669301986694336
2017-10-11,18.389751434326172
2017-10-12,18.547754287719727
2017-10-13,18.499141693115234
2017-10-16,18.486984252929688
2017-10-17,19.119020462036133
2017-10-18,19.264873504638672
2017-10-19,19.54442596435547
2017-10-20,20.249387741088867
2017-10-23,19.896909713745117
2017-10-24,19.848283767700195
2017-10-25,20.44385528564453
2017-10-26,21.13666534423828
2017-10-27,21.112356185913086
2017-10-30,20.857112884521484
2017-10-31,21.270366668701172
2017-11-01,20.686946868896484
2017-11-02,19.896909713745117
2017-11-03,20.01845359802246
2017-11-06,20.41954803466797
2017-11-07,20.09137725830078
2017-11-08,19.6538143157959
2017-11-09,20.45601463317871
2017-11-10,20.212921142578125
2017-11-13,19.76321029663086
2017-11-14,19.094711303710938
2017-11-15,19.094711303710938
2017-11-16,19.30133628845215
2017-11-17,19.289182662963867
2017-11-20,19.32564353942871
2017-11-21,19.21625328063965
2017-11-22,19.6538143157959
2017-11-24,19.76321029663086
2017-11-27,19.556575775146484
2017-11-28,19.252717971801758
2017-11-29,19.684200286865234
2017-11-30,19.5687313079834
2017-12-01,19.896909713745117
2017-12-04,19.933368682861328
2017-12-05,19.969833374023438
2017-12-06,19.5687313079834
2017-12-07,20.32231330871582
2017-12-08,20.686946868896484
2017-12-11,21.148818969726562
2017-12-12,21.67146110534668
2017-12-13,21.756542205810547
2017-12-14,21.42837142944336
2017-12-15,21.2946720123291
2017-12-18,21.209592819213867
2017-12-19,20.66263771057129
2017-12-20,20.66263771057129
2017-12-21,21.209592819213867
2017-12-22,21.780855178833008
2017-12-26,22.023941040039062
2017-12-27,22.546586990356445
2017-12-28,21.878089904785156
2017-12-29,21.622844696044922
2018-01-02,20.917882919311523
2018-01-03,20.723413467407227
2018-01-04,20.79633903503418
2018-01-05,20.857112884521484
2018-01-08,20.857112884521484
2018-01-09,20.686946868896484
2018-01-10,20.11568832397461
2018-01-11,20.28584861755371
2018-01-12,19.909059524536133
2018-01-16,19.933368682861328
2018-01-17,20.20077133178711
2018-01-18,19.678125381469727
2018-01-19,19.860443115234375
2018-01-22,19.909059524536133
2018-01-23,19.957677841186523
2018-01-24,19.79966926574707
2018-01-25,19.872594833374023
2018-01-26,19.836132049560547
2018-01-29,19.435035705566406
2018-01-30,19.33779525756836
2018-01-31,19.240564346313477
2018-02-01,18.900238037109375
2018-02-02,18.35328483581543
2018-02-05,18.037267684936523
2018-02-06,18.26820182800293
2018-02-07,18.1588134765625
2018-02-08,17.222919464111328
2018-02-09,17.551088333129883
2018-02-12,18.64499282836914
2018-02-13,18.11019515991211
2018-02-14,18.316823959350586
2018-02-15,19.39857292175293
2018-02-16,19.60519790649414
2018-02-20,18.766536712646484
2018-02-21,18.341127395629883
2018-02-22,18.46267318725586
2018-02-23,18.82731056213379
2018-02-26,19.374265670776367
2018-02-27,19.289182662963867
2018-02-28,18.657150268554688
2018-03-01,18.59637451171875
2018-03-02,17.854951858520508
2018-03-05,18.292510986328125
2018-03-06,19.08255386352539
2018-03-07,19.410730361938477
2018-03-08,19.70243263244629
2018-03-09,20.22507667541504
2018-03-12,20.50463104248047
2018-03-13,20.589712142944336
2018-03-14,20.699100494384766
2018-03-15,20.954349517822266
2018-03-16,21.112356185913086
2018-03-19,20.565401077270508
2018-03-20,20.44385528564453
2018-03-21,20.26154327392578
2018-03-22,19.872594833374023
2018-03-23,19.872594833374023
2018-03-26,19.969833374023438
2018-03-27,20.006298065185547
2018-03-28,19.665971755981445
2018-03-29,19.751052856445312
2018-04-02,19.252717971801758
2018-04-03,19.30133628845215
2018-04-04,19.641664505004883
2018-04-05,19.896909713745117
2018-04-06,19.7388973236084
2018-04-09,19.7388973236084
2018-04-10,19.714588165283203
2018-04-11,19.78751564025879
2018-04-12,19.641664505004883
2018-04-13,19.617353439331055
2018-04-16,19.98198890686035
2018-04-17,20.249387741088867
2018-04-18,20.589712142944336
2018-04-19,20.60186767578125
2018-04-20,19.872594833374023
2018-04-23,20.079221725463867
2018-04-24,20.28584861755371
2018-04-25,20.334468841552734
2018-04-26,20.820650100708008
2018-04-27,21.68361473083496
2018-04-30,21.902400970458984
2018-05-01,21.817317962646484
2018-05-02,22.583049774169922
2018-05-03,22.607358932495117
2018-05-04,22.655977249145508
2018-05-07,23.23939323425293
2018-05-08,23.117847442626953
2018-05-09,23.36094093322754
2018-05-10,23.768115997314453
2018-05-11,24.673620223999023
2018-05-14,24.58854103088379
2018-05-15,24.260366439819336
2018-05-16,24.381912231445312
2018-05-17,24.47915267944336
2018-05-18,24.35760498046875
2018-05-21,24.345455169677734
2018-05-22,24.418376922607422
2018-05-23,24.64931869506836
2018-05-24,24.843782424926758
2018-05-25,24.564233779907227
2018-05-29,24.503463745117188
2018-05-30,25.269195556640625
2018-05-31,25.487972259521484
2018-06-01,25.65813636779785
2018-06-04,26.654804229736328
2018-06-05,27.055904388427734
2018-06-06,27.092363357543945
2018-06-07,27.01944351196289
2018-06-08,27.34760856628418
2018-06-11,27.311141967773438
2018-06-12,28.24704360961914
2018-06-13,28.076881408691406
2018-06-14,27.88240623474121
2018-06-15,27.18960189819336
2018-06-18,27.821636199951172
2018-06-19,28.003950119018555
2018-06-20,27.736553192138672
2018-06-21,27.469154357910156
2018-06-22,27.627166748046875
2018-06-25,26.229394912719727
2018-06-26,25.718908309936523
2018-06-27,24.795166015625
2018-06-28,24.163135528564453
2018-06-29,24.345455169677734
2018-07-02,24.503463745117188
2018-07-03,24.68577766418457
2018-07-05,25.645984649658203
2018-07-06,26.04707908630371
2018-07-09,26.15646743774414
2018-07-10,26.168621063232422
2018-07-11,26.059236526489258
2018-07-12,26.2901668548584
2018-07-13,26.375255584716797
2018-07-16,26.32663345336914
2018-07-17,26.460338592529297
2018-07-18,22.923376083374023
2018-07-19,22.655977249145508
2018-07-20,21.18528175354004
2018-07-23,21.063735961914062
2018-07-24,20.84495735168457
2018-07-25,20.650484085083008
2018-07-26,20.990816116333008
2018-07-27,20.60186767578125
2018-07-30,20.917882919311523
2018-07-31,21.4891414642334
2018-08-01,21.68361473083496
2018-08-02,21.707923889160156
2018-08-03,22.21841812133789
2018-08-06,22.169795989990234
2018-08-07,21.951017379760742
2018-08-08,21.853778839111328
2018-08-09,22.400732040405273
2018-08-10,22.850446701049805
2018-08-13,22.86260414123535
2018-08-14,23.701263427734375
2018-08-15,24.029434204101562
2018-08-16,24.065898895263672
2018-08-17,24.272523880004883
2018-08-20,24.92886734008789
2018-08-21,25.232728958129883
2018-08-22,25.354270935058594
2018-08-23,25.17195701599121
2018-08-24,25.01395034790039
2018-08-27,25.196266174316406
2018-08-28,25.876914978027344
2018-08-29,25.52443504333496
2018-08-30,25.293500900268555
2018-08-31,25.305654525756836
2018-09-04,24.30898666381836
2018-09-05,24.369762420654297
2018-09-06,23.93219757080078
2018-09-07,23.737730026245117
2018-09-10,23.5797176361084
2018-09-11,24.60069465637207
2018-09-12,24.843782424926758
2018-09-13,25.585206985473633
2018-09-14,24.722240447998047
2018-09-17,25.111183166503906
2018-09-18,25.415042877197266
2018-09-19,25.293500900268555
2018-09-20,25.281343460083008
2018-09-21,25.342119216918945
2018-09-24,25.159799575805664
2018-09-25,24.466995239257812
2018-09-26,24.62500762939453
2018-09-27,25.12601661682129
2018-09-28,25.238752365112305
2018-10-01,25.02581787109375
2018-10-02,24.96319007873535
2018-10-03,25.038341522216797
2018-10-04,24.061357498168945
2018-10-05,23.936105728149414
2018-10-08,23.73569679260254
2018-10-09,24.349443435668945
2018-10-10,23.96115493774414
2018-10-11,23.359933853149414
2018-10-12,23.810850143432617
2018-10-15,24.061357498168945
2018-10-16,25.213699340820312
2018-10-17,25.226226806640625
2018-10-18,25.251277923583984
2018-10-19,24.825410842895508
2018-10-22,24.39954376220703
2018-10-23,24.086408615112305
2018-10-24,24.161563873291016
2018-10-25,24.988243103027344
2018-10-26,23.384986877441406
2018-10-29,23.522764205932617
2018-10-30,23.810850143432617
2018-10-31,23.973682403564453
2018-11-01,24.775306701660156
2018-11-02,25.063392639160156
2018-11-05,25.176124572753906
2018-11-06,24.950666427612305
2018-11-07,25.564411163330078
2018-11-08,24.875511169433594
2018-11-09,24.750261306762695
2018-11-12,24.549848556518555
2018-11-13,24.6250057220459
2018-11-14,24.086408615112305
2018-11-15,23.435089111328125
2018-11-16,24.073888778686523
2018-11-19,23.848426818847656
2018-11-20,23.23468017578125
2018-11-21,23.660545349121094
2018-11-23,23.572866439819336
2018-11-26,24.299341201782227
2018-11-27,24.123985290527344
2018-11-28,24.47469711303711
2018-11-29,24.8504638671875
2018-11-30,24.96319007873535
2018-12-03,24.73773193359375
2018-12-04,24.22418975830078
2018-12-06,24.39954376220703
2018-12-07,24.24924087524414
2018-12-10,23.873483657836914
2018-12-11,24.499752044677734
2018-12-12,22.495677947998047
2018-12-13,22.43305015563965
2018-12-14,21.631427764892578
2018-12-17,20.591814041137695
2018-12-18,20.566762924194336
2018-12-19,20.228578567504883
2018-12-20,19.765134811401367
2018-12-21,19.689985275268555
2018-12-24,18.650371551513672
2018-12-26,20.1784725189209
2018-12-27,20.053218841552734
2018-12-28,19.652406692504883
2018-12-31,19.50210189819336
2019-01-02,20.391407012939453
2019-01-03,20.591814041137695
2019-01-04,21.694049835205078
2019-01-07,22.458105087280273
2019-01-08,22.30780029296875
2019-01-09,22.583358764648438
2019-01-10,22.75871467590332
2019-01-11,23.147001266479492
2019-01-14,23.021743774414062
2019-01-15,23.134477615356445
2019-01-16,23.73569679260254
2019-01-17,23.660545349121094
2019-01-18,23.685598373413086
2019-01-22,23.535289764404297
2019-01-23,23.535289764404297
2019-01-24,23.610445022583008
2019-01-25,24.048831939697266
2019-01-28,24.888038635253906
2019-01-29,24.888038635253906
2019-01-30,24.59995460510254
2019-01-31,24.938138961791992
2019-02-01,24.888038635253906
2019-02-04,24.938138961791992
2019-02-05,25.038341522216797
2019-02-06,24.700159072875977
2019-02-07,24.700159072875977
2019-02-08,24.662578582763672
2019-02-11,24.787830352783203
2019-02-12,24.875511169433594
2019-02-13,24.875511169433594
2019-02-14,24.387020111083984
2019-02-15,25.02581787109375
2019-02-19,15.669317245483398
2019-02-20,15.368705749511719
2019-02-21,12.512908935546875
2019-02-22,11.560976028442383
2019-02-25,13.276959419250488
2019-02-26,12.851094245910645
2019-02-27,12.563010215759277
2019-02-28,12.074518203735352
2019-03-01,12.249876022338867
2019-03-04,11.899162292480469
2019-03-05,11.285416603088379
2019-03-06,10.80945110321045
2019-03-07,10.408636093139648
2019-03-08,10.421160697937012
2019-03-11,10.684196472167969
2019-03-12,10.897128105163574
2019-03-13,11.39814567565918
2019-03-14,11.723806381225586
2019-03-15,11.861587524414062
2019-03-18,11.824007987976074
2019-03-19,12.350079536437988
2019-03-20,12.525433540344238
2019-03-21,12.7759428024292
2019-03-22,12.387653350830078
2019-03-25,12.7759428024292
2019-03-26,12.888672828674316
2019-03-27,13.20180892944336
2019-03-28,13.765451431274414
2019-03-29,14.015961647033691
2019-04-01,14.554555892944336
2019-04-02,14.153739929199219
2019-04-03,15.14324951171875
2019-04-04,15.28102970123291
2019-04-05,15.493962287902832
2019-04-08,15.205878257751465
2019-04-09,14.379199028015137
2019-04-10,14.654757499694824
2019-04-11,14.74243450164795
2019-04-12,15.130724906921387
2019-04-15,15.406280517578125
2019-04-16,15.356184005737305
2019-04-17,14.767487525939941
2019-04-18,14.830111503601074
2019-04-22,14.554555892944336
2019-04-23,14.642231941223145
2019-04-24,14.842641830444336
2019-04-25,14.153739929199219
2019-04-26,14.379199028015137
2019-04-29,13.965858459472656
2019-04-30,13.765451431274414
2019-05-01,13.652722358703613
2019-05-02,13.214334487915039
2019-05-03,13.715352058410645
2019-05-06,13.92828369140625
2019-05-07,13.903230667114258
2019-05-08,14.028485298156738
2019-05-09,14.103638648986816
2019-05-10,14.767487525939941
2019-05-13,14.366671562194824
2019-05-14,13.552517890930176
2019-05-15,12.788466453552246
2019-05-16,13.251909255981445
2019-05-17,13.013925552368164
2019-05-20,12.525433540344238
2019-05-21,13.076553344726562
2019-05-22,13.151704788208008
2019-05-23,12.863619804382324
2019-05-24,12.926247596740723
2019-05-28,13.0014009475708
2019-05-29,12.575535774230957
2019-05-30,12.274924278259277
2019-05-31,12.036944389343262
2019-06-03,11.999364852905273
2019-06-04,12.638162612915039
2019-06-05,13.502416610717773
2019-06-06,13.064026832580566
2019-06-07,13.314535140991211
2019-06-10,12.813519477844238
2019-06-11,12.988875389099121
2019-06-12,13.114129066467285
2019-06-13,13.251909255981445
2019-06-14,13.489893913269043
2019-06-17,13.665249824523926
2019-06-18,13.878181457519531
2019-06-19,13.840604782104492
2019-06-20,13.803030967712402
2019-06-21,13.51494312286377
2019-06-24,13.389686584472656
2019-06-25,11.748857498168945
2019-06-26,11.798959732055664
2019-06-27,12.137145042419434
2019-06-28,11.899162292480469
2019-07-01,11.911687850952148
2019-07-02,11.636128425598145
2019-07-03,11.71127986907959
2019-07-05,11.573500633239746
2019-07-08,11.26036548614502
2019-07-09,11.39814567565918
2019-07-10,11.348042488098145
2019-07-11,11.598552703857422
2019-07-12,11.623602867126465
2019-07-15,11.097536087036133
2019-07-16,11.097536087036133
2019-07-17,10.759346961975098
2019-07-18,10.759346961975098
2019-07-19,10.483787536621094
2019-07-22,10.646617889404297
2019-07-23,10.508840560913086
2019-07-24,11.07248306274414
2019-07-25,10.771873474121094
2019-07-26,10.771873474121094
2019-07-29,10.721771240234375
2019-07-30,10.734295845031738
2019-07-31,10.546415328979492
2019-08-01,10.358534812927246
2019-08-02,10.33348274230957
2019-08-05,10.258330345153809
2019-08-06,10.558941841125488
2019-08-07,10.295907020568848
2019-08-08,10.671669960021973
2019-08-09,11.147635459899902
2019-08-12,11.097536087036133
2019-08-13,11.097536087036133
2019-08-14,10.546415328979492
2019-08-15,10.383584976196289
2019-08-16,10.671669960021973
2019-08-19,10.383584976196289
2019-08-20,10.408636093139648
2019-08-21,10.358534812927246
2019-08-22,10.133076667785645
2019-08-23,9.7072114944458
2019-08-26,10.170653343200684
2019-08-27,9.744787216186523
2019-08-28,9.657110214233398
2019-08-29,9.531855583190918
2019-08-30,9.256295204162598
2019-09-03,9.043362617492676
2019-09-04,9.243769645690918
2019-09-05,9.39407730102539
2019-09-06,9.168618202209473
2019-09-09,9.43165111541748
2019-09-10,9.807415962219238
2019-09-11,10.032873153686523
2019-09-12,10.34600830078125
2019-09-13,10.05792236328125
2019-09-16,10.032873153686523
2019-09-17,10.070449829101562
2019-09-18,10.020347595214844
2019-09-19,9.90761947631836
2019-09-20,9.957718849182129
2019-09-23,9.688423156738281
2019-09-24,9.58195686340332
2019-09-25,9.657110214233398
2019-09-26,9.769838333129883
2019-09-27,9.776140213012695
2019-09-30,9.788747787475586
2019-10-01,9.114315032958984
2019-10-02,9.05128288269043
2019-10-03,9.133223533630371
2019-10-04,9.139525413513184
2019-10-07,9.18995189666748
2019-10-08,9.108010292053223
2019-10-09,9.076495170593262
2019-10-10,9.00085735321045
2019-10-11,9.221467018127441
2019-10-14,9.568138122558594
2019-10-15,9.839171409606934
2019-10-16,9.845474243164062
2019-10-17,9.769837379455566
2019-10-18,9.637474060058594
2019-10-21,9.769837379455566
2019-10-22,9.69420051574707
2019-10-23,9.769837379455566
2019-10-24,9.908507347106934
2019-10-25,9.832868576049805
2019-10-28,9.656380653381348
2019-10-29,9.542925834655762
2019-10-30,9.202557563781738
2019-10-31,8.723520278930664
2019-11-01,8.71091365814209
2019-11-04,8.799156188964844
2019-11-05,8.723520278930664
2019-11-06,8.559639930725098
2019-11-07,8.332727432250977
2019-11-08,7.626777172088623
2019-11-11,7.639383792877197
2019-11-12,7.765445709228516
2019-11-13,8.24448299407959
2019-11-14,8.950431823730469
2019-11-15,9.07019329071045
2019-11-18,8.484001159667969
2019-11-19,8.572243690490723
2019-11-20,7.771749973297119
2019-11-21,7.853689670562744
2019-11-22,7.84108304977417
2019-11-25,8.105813980102539
2019-11-26,7.967145919799805
2019-11-27,8.38945484161377
2019-11-29,8.471396446228027
2019-12-02,8.420970916748047
2019-12-03,8.5092134475708
2019-12-04,8.685701370239258
2019-12-05,8.572243690490723
2019-12-06,8.767642974853516
2019-12-09,9.01346492767334
2019-12-10,9.01976490020752
2019-12-11,9.063889503479004
2019-12-12,9.126919746398926
2019-12-13,9.20885944366455
2019-12-16,9.366437911987305
2019-12-17,9.568138122558594
2019-12-18,10.337118148803711
2019-12-19,10.400151252746582
2019-12-20,10.400151252746582
2019-12-23,10.58924388885498
2019-12-24,10.564030647277832
2019-12-26,10.488394737243652
2019-12-27,10.46318244934082
2019-12-30,10.359586715698242
2019-12-31,10.631525039672852
2020-01-02,10.87756633758545
2020-01-03,10.683323860168457
2020-01-06,10.553829193115234
2020-01-07,10.294838905334473
2020-01-08,10.294838905334473
2020-01-09,10.191243171691895
2020-01-10,10.281888961791992
2020-01-13,10.489080429077148
2020-01-14,10.644474983215332
2020-01-15,10.838716506958008
2020-01-16,10.268939018249512
2020-01-17,9.666789054870605
2020-01-21,9.2977294921875
2020-01-22,9.187657356262207
2020-01-23,8.456012725830078
2020-01-24,8.436588287353516
2020-01-27,8.689102172851562
2020-01-28,8.844496726989746
2020-01-29,8.443062782287598
2020-01-30,8.248819351196289
2020-01-31,8.197021484375
2020-02-03,8.391265869140625
2020-02-04,8.62435531616211
2020-02-05,9.375426292419434
2020-02-06,9.362476348876953
2020-02-07,9.155285835266113
2020-02-10,9.453124046325684
2020-02-11,9.97110366821289
2020-02-12,11.311373710632324
2020-02-13,11.330798149108887
2020-02-14,11.46029281616211
2020-02-18,11.900574684143066
2020-02-19,13.525733947753906
2020-02-20,14.16673469543457
2020-02-21,14.01133918762207
2020-02-24,13.778250694274902
2020-02-25,13.402715682983398
2020-02-26,13.467461585998535
2020-02-27,12.871785163879395
2020-02-28,12.638693809509277
2020-03-02,13.376816749572754
2020-03-03,13.467461585998535
2020-03-04,13.38976764678955
2020-03-05,12.962431907653809
2020-03-06,12.405603408813477
2020-03-09,10.489080429077148
2020-03-10,11.525040626525879
2020-03-11,11.499141693115234
2020-03-12,8.49486255645752
2020-03-13,8.676154136657715
2020-03-16,6.772579193115234
2020-03-17,8.676154136657715
2020-03-18,7.161064624786377
2020-03-19,8.028679847717285
2020-03-20,6.746679306030273
2020-03-23,7.174013137817383
2020-03-24,8.093427658081055
2020-03-25,8.559608459472656
2020-03-26,8.41716480255127
2020-03-27,7.186963081359863
2020-03-30,7.905661106109619
2020-03-31,8.02544116973877
2020-04-01,7.779222011566162
2020-04-02,7.839112281799316
2020-04-03,7.706020355224609
2020-04-06,7.493074417114258
2020-04-07,6.707832336425781
2020-04-08,6.920778751373291
2020-04-09,7.333364486694336
2020-04-13,7.107106685638428
2020-04-14,6.974015235900879
2020-04-15,6.6412858963012695
2020-04-16,6.840925216674805
2020-04-17,6.79434061050415
2020-04-20,6.6013593673706055
2020-04-21,7.65278434753418
2020-04-22,7.9588942527771
2020-04-23,8.61104679107666
2020-04-24,8.431371688842773
2020-04-27,8.584426879882812
2020-04-28,8.850613594055176
2020-04-29,9.303125381469727
2020-04-30,9.39629077911377
2020-05-01,8.850613594055176
2020-05-04,8.990358352661133
2020-05-05,8.823992729187012
2020-05-06,8.690902709960938
2020-05-07,9.236577987670898
2020-05-08,9.848800659179688
2020-05-11,9.48945426940918
2020-05-12,11.2728853225708
2020-05-13,11.312811851501465
2020-05-14,10.594115257263184
2020-05-15,10.341240882873535
2020-05-18,10.487641334533691
2020-05-19,10.687280654907227
2020-05-20,11.033319473266602
2020-05-21,10.940153121948242
2020-05-22,11.472522735595703
2020-05-26,11.232956886291504
2020-05-27,10.793752670288086
2020-05-28,11.099864959716797
2020-05-29,10.980083465576172
2020-06-01,11.632230758666992
2020-06-02,11.712087631225586
2020-06-03,11.871798515319824
2020-06-04,11.559032440185547
2020-06-05,11.865143775939941
2020-06-08,11.978271484375
2020-06-09,11.99158000946045
2020-06-10,11.964961051940918
2020-06-11,10.78044319152832
2020-06-12,11.472522735595703
2020-06-15,11.938344955444336
2020-06-16,12.137983322143555
2020-06-17,11.978271484375
2020-06-18,11.685469627380371
2020-06-19,12.044817924499512
2020-06-22,12.550566673278809
2020-06-23,12.224491119384766
2020-06-24,11.818562507629395
2020-06-25,11.818562507629395
2020-06-26,11.84518051147461
2020-06-29,11.938344955444336
2020-06-30,12.444092750549316
2020-07-01,12.603804588317871
2020-07-02,12.657041549682617
2020-07-06,12.297691345214844
2020-07-07,12.410820007324219
2020-07-08,12.643732070922852
2020-07-09,12.35092830657959
2020-07-10,12.297691345214844
2020-07-13,11.805252075195312
2020-07-14,11.865143775939941
2020-07-15,12.184564590454102
2020-07-16,11.978271484375
2020-07-17,12.144636154174805
2020-07-20,12.324311256408691
2020-07-21,13.322500228881836
2020-07-22,13.282571792602539
2020-07-23,13.17609977722168
2020-07-24,13.00307846069336
2020-07-27,13.448936462402344
2020-07-28,13.26926326751709
2020-07-29,13.03635311126709
2020-07-30,13.069625854492188
2020-07-31,13.17609977722168
2020-08-03,13.189408302307129
2020-08-04,13.289226531982422
2020-08-05,13.535447120666504
2020-08-06,13.495519638061523
2020-08-07,13.86817455291748
2020-08-10,13.362427711486816
2020-08-11,12.736894607543945
2020-08-12,13.428974151611328
2020-08-13,12.976459503173828
2020-08-14,12.896605491638184
2020-08-17,13.34911823272705
2020-08-18,13.255952835083008
2020-08-19,13.082935333251953
2020-08-20,13.255952835083008
2020-08-21,13.189408302307129
2020-08-24,13.17609977722168
2020-08-25,13.162790298461914
2020-08-26,13.082935333251953
2020-08-27,13.082935333251953
2020-08-28,13.102898597717285
2020-08-31,13.069625854492188
2020-09-01,13.369083404541016
2020-09-02,13.362427711486816
2020-09-03,12.963150978088379
2020-09-04,12.550566673278809
2020-09-08,12.024853706359863
2020-09-09,12.464056015014648
2020-09-10,11.99158000946045
2020-09-11,12.43078327178955
2020-09-14,12.497329711914062
2020-09-15,12.750203132629395
2020-09-16,12.883296012878418
2020-09-17,12.67034912109375
2020-09-18,12.710275650024414
2020-09-21,12.204527854919434
2020-09-22,13.043004035949707
2020-09-23,12.583840370178223
2020-09-24,12.710275650024414
2020-09-25,13.056314468383789
2020-09-28,13.229336738586426
2020-09-29,13.535447120666504
2020-09-30,14.021230697631836
2020-10-01,14.041196823120117
2020-10-02,14.081122398376465
2020-10-05,13.748394012451172
2020-10-06,13.834906578063965
2020-10-07,13.854867935180664
2020-10-08,13.921411514282227
2020-10-09,13.961341857910156
2020-10-12,13.961341857910156
2020-10-13,13.76170539855957
2020-10-14,13.362427711486816
2020-10-15,13.255952835083008
2020-10-16,13.282571792602539
2020-10-19,13.375736236572266
2020-10-20,13.522136688232422
2020-10-21,13.615299224853516
2020-10-22,13.282571792602539
2020-10-23,13.255952835083008
2020-10-26,13.03635311126709
2020-10-27,13.016387939453125
2020-10-28,12.630423545837402
2020-10-29,12.35758113861084
2020-10-30,11.738706588745117
2020-11-02,12.404165267944336
2020-11-03,12.736894607543945
2020-11-04,12.723586082458496
2020-11-05,12.85667896270752
2020-11-06,12.736894607543945
2020-11-09,12.590494155883789
2020-11-10,12.410820007324219
2020-11-11,12.457402229309082
2020-11-12,12.484021186828613
2020-11-13,12.77016830444336
2020-11-16,12.85667896270752
2020-11-17,13.76170539855957
2020-11-18,13.735085487365723
2020-11-19,14.10774040222168
2020-11-20,13.522136688232422
2020-11-23,13.62861156463623
2020-11-24,14.041196823120117
2020-11-25,14.280762672424316
2020-11-27,14.054506301879883
2020-11-30,13.68185043334961
2020-12-01,13.921411514282227
2020-12-02,13.894795417785645
2020-12-03,14.054506301879883
2020-12-04,14.906294822692871
2020-12-07,14.992801666259766
2020-12-08,14.680035591125488
2020-12-09,14.706657409667969
2020-12-10,14.673381805419922
2020-12-11,14.613492012023926
2020-12-14,14.849630355834961
2020-12-15,14.90360164642334
2020-12-16,14.964322090148926
2020-12-17,15.773937225341797
2020-12-18,15.166728973388672
2020-12-21,15.112752914428711
2020-12-22,15.57153034210205
2020-12-23,15.760441780090332
2020-12-24,15.638999938964844
2020-12-28,15.706465721130371
2020-12-29,15.706465721130371
2020-12-30,15.706465721130371
2020-12-31,15.827909469604492
2021-01-04,15.733452796936035
2021-01-05,16.165246963500977
2021-01-06,16.11127281188965
2021-01-07,15.92236328125
2021-01-08,15.96284294128418
2021-01-11,15.935856819152832
2021-01-12,16.05729866027832
2021-01-13,16.273193359375
2021-01-14,16.893898010253906
2021-01-15,16.93438148498535
2021-01-19,17.366172790527344
2021-01-20,17.555082321166992
2021-01-21,17.217742919921875
2021-01-22,17.13677978515625
2021-01-25,17.231237411499023
2021-01-26,17.231237411499023
2021-01-27,16.81293487548828
2021-01-28,16.529571533203125
2021-01-29,16.61053466796875
2021-02-01,17.05582046508789
2021-02-02,17.0220890045166
2021-02-03,16.78594970703125
2021-02-04,16.880401611328125
2021-02-05,16.974857330322266
2021-02-08,17.305452346801758
2021-02-09,17.757484436035156
2021-02-10,17.663028717041016
2021-02-11,17.59556007385254
2021-02-12,17.52809715270996
2021-02-16,17.217742919921875
2021-02-17,17.291955947875977
2021-02-18,16.988353729248047
2021-02-19,17.17725944519043
2021-02-22,16.93438148498535
2021-02-23,16.259702682495117
2021-02-24,16.28668785095215
2021-02-25,15.841402053833008
2021-02-26,16.070791244506836
2021-03-01,16.205726623535156
2021-03-02,15.537796974182129
2021-03-03,15.12624454498291
2021-03-04,14.492050170898438
2021-03-05,14.559516906738281
2021-03-08,14.950828552246094
2021-03-09,15.638999938964844
2021-03-10,15.692975997924805
2021-03-11,16.01681900024414
2021-03-12,16.19223403930664
2021-03-15,16.232715606689453
2021-03-16,15.854896545410156
2021-03-17,15.773937225341797
2021-03-18,15.504064559936523
2021-03-19,15.787428855895996
2021-03-22,15.814414024353027
2021-03-23,15.234192848205566
2021-03-24,14.680957794189453
2021-03-25,14.977815628051758
2021-03-26,15.19371509552002
2021-03-29,14.937336921691895
2021-03-30,14.802400588989258
2021-03-31,14.883360862731934
2021-04-01,15.234192848205566
2021-04-05,15.200457572937012
2021-04-06,15.01829719543457
2021-04-07,14.660719871520996
2021-04-08,14.559516906738281
2021-04-09,14.478556632995605
2021-04-12,14.276152610778809
2021-04-13,14.262661933898926
2021-04-14,14.343619346618652
2021-04-15,14.667464256286621
2021-04-16,14.626984596252441
2021-04-19,14.532530784606934
2021-04-20,14.465062141418457
2021-04-21,14.633732795715332
2021-04-22,14.674213409423828
2021-04-23,14.788908004760742
2021-04-26,15.058777809143066
2021-04-27,15.166728973388672
2021-04-28,15.072273254394531
2021-04-29,15.355635643005371
2021-04-30,15.382622718811035
2021-05-03,15.22070026397705
2021-05-04,15.058777809143066
2021-05-05,14.930590629577637
2021-05-06,14.64047908782959
2021-05-07,14.680957794189453
2021-05-10,14.573009490966797
2021-05-11,14.15471363067627
2021-05-12,14.087244987487793
2021-05-13,14.195191383361816
2021-05-14,14.465062141418457
2021-05-17,14.3571138381958
2021-05-18,14.478556632995605
2021-05-19,14.384099960327148
2021-05-20,14.532530784606934
2021-05-21,14.626984596252441
2021-05-24,14.667464256286621
2021-05-25,14.451566696166992
2021-05-26,14.586505889892578
2021-05-27,14.694452285766602
2021-05-28,14.653971672058105
2021-06-01,14.829387664794922
2021-06-02,15.099259376525879
2021-06-03,14.937336921691895
2021-06-04,14.653971672058105
2021-06-07,14.586505889892578
2021-06-08,14.667464256286621
2021-06-09,14.802400588989258
2021-06-10,14.829387664794922
2021-06-11,14.748424530029297
2021-06-14,14.64047908782959
2021-06-15,14.734933853149414
2021-06-16,14.694452285766602
2021-06-17,14.680770874023438
2021-06-18,14.188220024108887
2021-06-21,14.366084098815918
2021-06-22,14.475540161132812
2021-06-23,14.297674179077148
2021-06-24,14.448177337646484
2021-06-25,14.58499526977539
2021-06-28,14.338719367980957
2021-06-29,14.543949127197266
2021-06-30,14.489224433898926
2021-07-01,14.50290298461914
2021-07-02,14.366084098815918
2021-07-06,14.530267715454102
2021-07-07,14.543949127197266
2021-07-08,14.420814514160156
2021-07-09,14.598678588867188
2021-07-12,14.81758975982666
2021-07-13,14.63972282409668
2021-07-14,14.735499382019043
2021-07-15,14.83127212524414
2021-07-16,15.132277488708496
2021-07-19,14.858635902404785
2021-07-20,15.570099830627441
2021-07-21,15.501689910888672
2021-07-22,15.351188659667969
2021-07-23,15.21436882019043
2021-07-26,15.187003135681152
2021-07-27,15.269095420837402
2021-07-28,15.44696044921875
2021-07-29,15.665871620178223
2021-07-30,16.021604537963867
2021-08-02,15.898467063903809
2021-08-03,16.28156280517578
2021-08-04,16.473108291625977
2021-08-05,16.473108291625977
2021-08-06,18.0054931640625
2021-08-09,17.937082290649414
2021-08-10,17.800264358520508
2021-08-11,17.937082290649414
2021-08-12,17.978130340576172
2021-08-13,17.950767517089844
2021-08-16,17.937082290649414
2021-08-17,17.813945770263672
2021-08-18,17.759218215942383
2021-08-19,17.294029235839844
2021-08-20,17.6771240234375
2021-08-23,17.759218215942383
2021-08-24,17.47189712524414
2021-08-25,17.37611961364746
2021-08-26,17.417165756225586
2021-08-27,17.526622772216797
2021-08-30,18.03285789489746
2021-08-31,17.882354736328125
2021-09-01,17.854991912841797
2021-09-02,17.950767517089844
2021-09-03,18.046539306640625
2021-09-07,17.772903442382812
2021-09-08,17.937082290649414
2021-09-09,17.718172073364258
2021-09-10,17.36244010925293
2021-09-13,17.70448875427246
2021-09-14,17.636079788208008
2021-09-15,17.690807342529297
2021-09-16,17.47189712524414
2021-09-17,17.526622772216797
2021-09-20,17.458213806152344
2021-09-21,17.47189712524414
2021-09-22,17.56766700744629
2021-09-23,17.44453239440918
2021-09-24,17.266666412353516
2021-09-27,17.102481842041016
2021-09-28,17.034072875976562
2021-09-29,17.08879852294922
2021-09-30,16.924617767333984
2021-10-01,16.924617767333984
2021-10-04,17.020389556884766
2021-10-05,16.938297271728516
2021-10-06,16.965662002563477
2021-10-07,17.020389556884766
2021-10-08,16.541521072387695
2021-10-11,16.17210578918457
2021-10-12,16.144742965698242
2021-10-13,16.240516662597656
2021-10-14,16.26788330078125
2021-10-15,16.432064056396484
2021-10-18,16.514156341552734
2021-10-19,16.56888771057129
2021-10-20,17.800264358520508
2021-10-21,19.702058792114258
2021-10-22,19.57891845703125
2021-10-25,19.647335052490234
2021-10-26,19.45578384399414
2021-10-27,19.318965911865234
2021-10-28,19.469467163085938
2021-10-29,19.57891845703125
2021-11-01,19.756790161132812
2021-11-02,19.469467163085938
2021-11-03,19.45578384399414
2021-11-04,19.017959594726562
2021-11-05,19.004276275634766
2021-11-08,18.6622257232666
2021-11-09,18.75800132751465
2021-11-10,18.71695327758789
2021-11-11,18.498044967651367
2021-11-12,18.374908447265625
2021-11-15,19.113733291625977
2021-11-16,19.12741470336914
2021-11-17,19.25055503845215
2021-11-18,19.12741470336914
2021-11-19,19.100053787231445
2021-11-22,18.771682739257812
2021-11-23,18.85377311706543
2021-11-24,18.881139755249023
2021-11-26,18.210721969604492
2021-11-29,18.498044967651367
2021-11-30,18.155994415283203
2021-12-01,17.74553680419922
2021-12-02,18.374908447265625
2021-12-03,18.19704246520996
2021-12-06,18.210721969604492
2021-12-07,18.498044967651367
2021-12-08,18.402271270751953
2021-12-09,17.991809844970703
2021-12-10,17.92340087890625
2021-12-13,17.74553680419922
2021-12-14,17.485576629638672
2021-12-15,17.70448875427246
2021-12-16,17.75986099243164
2021-12-17,17.78754234313965
2021-12-20,17.59375
2021-12-21,18.11976432800293
2021-12-22,18.299713134765625
2021-12-23,18.3966121673584
2021-12-27,18.562721252441406
2021-12-28,18.991836547851562
2021-12-29,19.06104850769043
2021-12-30,19.504009246826172
2021-12-31,19.393266677856445
2022-01-03,19.227155685424805
2022-01-04,18.604248046875
2022-01-05,18.216657638549805
2022-01-06,17.981340408325195
2022-01-07,18.050552368164062
2022-01-10,17.815227508544922
2022-01-11,17.78754234313965
2022-01-12,17.676803588867188
2022-01-13,17.441482543945312
2022-01-14,17.33074188232422
2022-01-18,17.57990837097168
2022-01-19,17.13694953918457
2022-01-20,16.77704620361328
2022-01-21,16.77704620361328
2022-01-24,16.74936294555664
2022-01-25,16.68014907836914
2022-01-26,16.347929000854492
2022-01-27,15.849601745605469
2022-01-28,16.22334861755371
2022-01-31,16.69399070739746
2022-02-01,16.624780654907227
2022-02-02,16.375614166259766
2022-02-03,16.15413475036621
2022-02-04,15.932655334472656
2022-02-07,16.195663452148438
2022-02-08,16.375614166259766
2022-02-09,16.527881622314453
2022-02-10,16.043397903442383
2022-02-11,15.91881275177002
2022-02-14,15.572752952575684
2022-02-15,15.9741849899292
2022-02-16,16.1679744720459
2022-02-17,15.946497917175293
2022-02-18,15.655804634094238
2022-02-22,15.406643867492676
2022-02-23,15.268220901489258
2022-02-24,15.503540992736816
2022-02-25,17.649120330810547
2022-02-28,17.953651428222656
2022-03-01,18.24434471130371
2022-03-02,18.867252349853516
2022-03-03,18.964153289794922
2022-03-04,18.839569091796875
2022-03-07,18.43813705444336
2022-03-08,18.022865295410156
2022-03-09,18.659616470336914
2022-03-10,18.645774841308594
2022-03-11,18.23050308227539
2022-03-14,17.967496871948242
2022-03-15,17.829071044921875
2022-03-16,18.022865295410156
2022-03-17,19.047204971313477
2022-03-18,19.102577209472656
2022-03-21,19.074893951416016
2022-03-22,19.4763240814209
2022-03-23,19.102577209472656
2022-03-24,19.448637008666992
2022-03-25,19.379423141479492
2022-03-28,19.379423141479492
2022-03-29,19.434795379638672
2022-03-30,19.268688201904297
2022-03-31,19.25469207763672
2022-04-01,19.68848419189453
2022-04-04,19.380632400512695
2022-04-05,19.184724807739258
2022-04-06,19.198719024658203
2022-04-07,18.98882293701172
2022-04-08,18.890869140625
2022-04-11,18.750934600830078
2022-04-12,18.890869140625
2022-04-13,19.10076904296875
2022-04-14,18.722951889038086
2022-04-18,18.694963455200195
2022-04-19,19.072776794433594
2022-04-20,19.156740188598633
2022-04-21,18.694963455200195
2022-04-22,18.56902503967285
2022-04-25,18.331140518188477
2022-04-26,17.51953125
2022-04-27,17.61748504638672
2022-04-28,18.009294509887695
2022-04-29,17.337617874145508
2022-05-02,17.057754516601562
2022-05-03,17.295637130737305
2022-05-04,17.449565887451172
2022-05-05,16.707923889160156
2022-05-06,15.952286720275879
2022-05-09,14.706889152526855
2022-05-10,14.63692569732666
2022-05-11,14.42702579498291
2022-05-12,14.329073905944824
2022-05-13,14.90279769897461
2022-05-16,14.762866020202637
2022-05-17,15.070714950561523
2022-05-18,14.790850639343262
2022-05-19,14.692895889282227
2022-05-20,14.608939170837402
2022-05-23,15.056720733642578
2022-05-24,15.070714950561523
2022-05-25,15.574471473693848
2022-05-26,15.518498420715332
2022-05-27,16.10621452331543
2022-05-31,15.868330955505371
2022-06-01,15.602456092834473
2022-06-02,16.078227996826172
2022-06-03,16.03624725341797
2022-06-06,15.980276107788086
2022-06-07,15.924304008483887
2022-06-08,15.50450611114502
2022-06-09,15.056720733642578
2022-06-10,14.832829475402832
2022-06-13,14.00722885131836
2022-06-14,13.727365493774414
2022-06-15,14.063200950622559
2022-06-16,13.433507919311523
2022-06-17,14.00722885131836
2022-06-21,14.25910758972168
2022-06-22,14.189142227172852
2022-06-23,14.24511432647705
2022-06-24,14.00722885131836
2022-06-27,13.951255798339844
2022-06-28,13.545453071594238
2022-06-29,13.027702331542969
2022-06-30,13.181628227233887
2022-07-01,13.461493492126465
2022-07-05,13.377532958984375
2022-07-06,13.111661911010742
2022-07-07,13.279581069946289
2022-07-08,13.195621490478516
2022-07-11,13.153641700744629
2022-07-12,13.05568790435791
2022-07-13,13.181628227233887
2022-07-14,12.761831283569336
2022-07-15,13.027702331542969
2022-07-18,12.943742752075195
2022-07-19,13.47548770904541
2022-07-20,13.587430953979492
2022-07-21,13.8253173828125
2022-07-22,13.727365493774414
2022-07-25,13.69937801361084
2022-07-26,13.601426124572754
2022-07-27,13.78333568572998
2022-07-28,14.03521728515625
2022-07-29,13.951255798339844
2022-08-01,14.021221160888672
2022-08-02,14.03521728515625
2022-08-03,14.287094116210938
2022-08-04,13.78333568572998
2022-08-05,13.937262535095215
2022-08-08,13.937262535095215
2022-08-09,13.951255798339844
2022-08-10,14.189142227172852
2022-08-11,14.147162437438965
2022-08-12,14.161155700683594
2022-08-15,14.24511432647705
2022-08-16,14.441019058227539
2022-08-17,14.175148963928223
2022-08-18,14.315078735351562
2022-08-19,14.11917495727539
2022-08-22,13.69937801361084
2022-08-23,13.419512748718262
2022-08-24,13.461493492126465
2022-08-25,13.811325073242188
2022-08-26,13.363540649414062
2022-08-29,13.167635917663574
2022-08-30,12.999717712402344
2022-08-31,13.139649391174316
2022-09-01,13.181628227233887
2022-09-02,12.943742752075195
2022-09-06,12.859783172607422
2022-09-07,12.901763916015625
2022-09-08,13.100907325744629
2022-09-09,13.612996101379395
2022-09-12,13.556097030639648
2022-09-13,12.645720481872559
2022-09-14,12.603046417236328
2022-09-15,12.304327964782715
2022-09-16,12.147856712341309
2022-09-19,12.261653900146484
2022-09-20,12.019834518432617
2022-09-21,11.635769844055176
2022-09-22,11.06678295135498
2022-09-23,10.384000778198242
2022-09-26,9.502071380615234
2022-09-27,9.81501293182373
2022-09-28,10.127955436706543
2022-09-29,9.530519485473633
2022-09-30,9.88613510131836
2022-10-03,10.241752624511719
2022-10-04,10.995660781860352
2022-10-05,10.341325759887695
2022-10-06,9.81501293182373
2022-10-07,9.473620414733887
2022-10-10,9.630091667175293
2022-10-11,9.317150115966797
2022-10-12,9.388273239135742
2022-10-13,10.36977481842041
2022-10-14,9.900362968444824
2022-10-17,10.583145141601562
2022-10-18,10.625819206237793
2022-10-19,10.199079513549805
2022-10-20,10.042607307434082
2022-10-21,10.142180442810059
2022-10-24,10.127955436706543
2022-10-25,10.896085739135742
2022-10-26,10.597369194030762
2022-10-27,10.725390434265137
2022-10-28,10.924535751342773
2022-10-31,11.038331985473633
2022-11-01,10.995660781860352
2022-11-02,10.199079513549805
2022-11-03,9.544744491577148
2022-11-04,9.615867614746094
2022-11-07,9.91458511352539
2022-11-08,9.88613510131836
2022-11-09,9.502071380615234
2022-11-10,10.597369194030762
2022-11-11,11.08100700378418
2022-11-14,10.896085739135742
2022-11-15,10.952986717224121
2022-11-16,10.682717323303223
2022-11-17,10.46934700012207
2022-11-18,10.597369194030762
2022-11-21,10.312875747680664
2022-11-22,10.483572006225586
2022-11-23,10.540470123291016
2022-11-25,10.867637634277344
2022-11-28,10.28442668914795
2022-11-29,10.455121994018555
2022-11-30,10.839188575744629
2022-12-01,10.654266357421875
2022-12-02,10.611593246459961
2022-12-05,10.32710075378418
2022-12-06,10.028383255004883
2022-12-07,8.641478538513184
2022-12-08,8.492119789123535
2022-12-09,8.449447631835938
2022-12-12,8.662816047668457
2022-12-13,8.790838241577148
2022-12-14,8.591692924499512
2022-12-15,8.533344268798828
2022-12-16,8.650039672851562
2022-12-19,8.00821590423584
2022-12-20,7.964454650878906
2022-12-21,7.993629455566406
2022-12-22,8.066563606262207
2022-12-23,8.37289047241211
2022-12-27,8.256192207336426
2022-12-28,7.964454650878906
2022-12-29,8.285367012023926
2022-12-30,8.066563606262207
2023-01-03,8.38747501373291
2023-01-04,8.620865821838379
2023-01-05,8.37289047241211
2023-01-06,8.591691970825195
2023-01-09,8.504171371459961
2023-01-10,8.445822715759277
2023-01-11,8.75214672088623
2023-01-12,8.825082778930664
2023-01-13,8.898015975952148
2023-01-17,8.839669227600098
2023-01-18,8.75214672088623
2023-01-19,8.679214477539062
2023-01-20,9.043885231018066
2023-01-23,9.160582542419434
2023-01-24,9.000125885009766
2023-01-25,9.175168991088867
2023-01-26,9.248102188110352
2023-01-27,9.481493949890137
2023-01-30,9.291864395141602
2023-01-31,9.612775802612305
2023-02-01,9.612775802612305
2023-02-02,9.81699275970459
2023-02-03,9.525253295898438
2023-02-06,9.408559799194336
2023-02-07,9.145994186401367
2023-02-08,8.854256629943848
2023-02-09,8.839669227600098
2023-02-10,8.78132152557373
2023-02-13,8.985539436340332
2023-02-14,8.78132152557373
2023-02-15,8.722973823547363
2023-02-16,8.620865821838379
2023-02-17,8.664627075195312
2023-02-21,8.212431907653809
2023-02-22,8.227019309997559
2023-02-23,8.38747501373291
2023-02-24,8.168671607971191
2023-02-27,8.504171371459961
2023-02-28,8.00821590423584
2023-03-01,7.512260913848877
2023-03-02,7.439325332641602
2023-03-03,7.395565986633301
2023-03-06,7.322630405426025
2023-03-07,6.782914638519287
2023-03-08,6.578697681427002
2023-03-09,6.316133499145508
2023-03-10,6.243198871612549
2023-03-13,6.3307204246521
2023-03-14,5.791004657745361
2023-03-15,5.499265670776367
2023-03-16,5.470093250274658
2023-03-17,5.076246738433838
2023-03-20,5.265875816345215
2023-03-21,5.397158145904541
2023-03-22,4.974137783050537
2023-03-23,4.842854976654053
2023-03-24,4.91579008102417
2023-03-27,5.090832233428955
2023-03-28,5.105419635772705
2023-03-29,5.222115516662598
2023-03-30,5.176440715789795
2023-03-31,5.404812812805176
2023-04-03,5.222114086151123
2023-04-04,4.963292121887207
2023-04-05,4.795819282531738
2023-04-06,4.826269149780273
2023-04-10,4.795819282531738
2023-04-11,4.9937424659729
2023-04-12,4.932843208312988
2023-04-13,5.0850911140441895
2023-04-14,5.069866180419922
2023-04-17,5.420036792755127
2023-04-18,5.222114086151123
2023-04-19,5.328688144683838
2023-04-20,5.100316047668457
2023-04-21,4.932843208312988
2023-04-24,4.856719017028809
2023-04-25,4.597896575927734
2023-04-26,4.5065484046936035
2023-04-27,4.734920501708984
2023-04-28,5.206890106201172
2023-05-01,5.0241923332214355
2023-05-02,4.68924617767334
2023-05-03,4.856719017028809
2023-05-04,5.541836261749268
2023-05-05,5.815883159637451
2023-05-08,5.770208358764648
2023-05-09,5.785433292388916
2023-05-10,5.739758014678955
2023-05-11,5.58751106262207
2023-05-12,5.6027350425720215
2023-05-15,5.739758014678955
2023-05-16,5.176440715789795
2023-05-17,5.724534034729004
2023-05-18,5.694084644317627
2023-05-19,5.633184909820557
2023-05-22,5.952906608581543
2023-05-23,5.952906608581543
2023-05-24,5.298239707946777
2023-05-25,5.267789363861084
2023-05-26,5.526611328125
2023-05-30,5.694084644317627
2023-05-31,5.663634777069092
2023-06-01,5.526611328125
2023-06-02,5.90723180770874
2023-06-05,5.846333026885986
2023-06-06,6.105154991149902
2023-06-07,6.607573509216309
2023-06-08,6.592349052429199
2023-06-09,6.470550537109375
2023-06-12,6.683697700500488
2023-06-13,7.186117172241211
2023-06-14,6.8359456062316895
2023-06-15,7.056459903717041
2023-06-16,7.166717529296875
2023-06-20,6.946202754974365
2023-06-21,6.946202754974365
2023-06-22,6.694186687469482
2023-06-23,6.520925045013428
2023-06-26,7.0879621505737305
2023-06-27,7.103712558746338
2023-06-28,7.198219299316406
2023-06-29,7.387231826782227
2023-06-30,7.276974678039551
2023-07-03,7.544742107391357
2023-07-05,7.781007766723633
2023-07-06,7.544742107391357
2023-07-07,7.718003273010254
2023-07-10,7.79675817489624
2023-07-11,7.7337541580200195
2023-07-12,7.781007766723633
2023-07-13,8.048773765563965
2023-07-14,7.4817376136779785
2023-07-17,6.9304518699646
2023-07-18,7.40298318862915
2023-07-19,8.285040855407715
2023-07-20,7.92276668548584
2023-07-21,7.985771179199219
2023-07-24,8.080277442932129
2023-07-25,7.92276668548584
2023-07-26,8.332293510437012
2023-07-27,8.22203540802002
2023-07-28,8.568558692932129
2023-07-31,8.78907299041748
2023-08-01,8.78907299041748
2023-08-02,8.710318565368652
2023-08-03,7.8282599449157715
2023-08-04,8.285040855407715
2023-08-07,8.489803314208984
2023-08-08,8.820575714111328
2023-08-09,8.962334632873535
2023-08-10,9.119844436645508
2023-08-11,9.088342666625977
2023-08-14,8.89932918548584
2023-08-15,8.489803314208984
2023-08-16,8.285040855407715
2023-08-17,8.159031867980957
2023-08-18,8.253538131713867
2023-08-21,7.970020771026611
2023-08-22,7.92276668548584
2023-08-23,8.048773765563965
2023-08-24,8.048773765563965
2023-08-25,8.001521110534668
2023-08-28,8.285040855407715
2023-08-29,8.379545211791992
2023-08-30,8.474052429199219
2023-08-31,8.458301544189453
2023-09-01,8.804823875427246
2023-09-05,8.820575714111328
2023-09-06,8.678815841674805
2023-09-07,7.982567310333252
2023-09-08,7.7234978675842285
2023-09-11,7.901607513427734
2023-09-12,7.9987592697143555
2023-09-13,7.804457664489746
2023-09-14,8.840733528137207
2023-09-15,8.468321800231934
2023-09-18,8.468321800231934
2023-09-19,8.322595596313477
2023-09-20,8.209253311157227
2023-09-21,8.063525199890137
2023-09-22,7.7234978675842285
2023-09-25,7.351086139678955
2023-09-26,7.189167499542236
2023-09-27,7.0110578536987305
2023-09-28,7.415853023529053
2023-09-29,7.642539024353027
2023-10-02,7.383469581604004
2023-10-03,7.205359935760498
2023-10-04,7.189167499542236
2023-10-05,7.075825214385986
2023-10-06,7.221551418304443
2023-10-09,7.6101555824279785
2023-10-10,7.658730506896973
2023-10-11,7.804457664489746
2023-10-12,7.788265228271484
2023-10-13,7.351086139678955
2023-10-16,7.6101555824279785
2023-10-17,7.318702697753906
2023-10-18,7.124400615692139
2023-10-19,6.832947731018066
2023-10-20,6.962482452392578
2023-10-23,6.962482452392578
2023-10-24,7.0434417724609375
2023-10-25,6.962482452392578
2023-10-26,7.221551418304443
2023-10-27,6.719605445861816
2023-10-30,6.784372806549072
2023-10-31,7.44823694229126
2023-11-01,7.3025102615356445
2023-11-02,7.982567310333252
2023-11-03,8.419746398925781
2023-11-06,8.419746398925781
2023-11-07,7.788265228271484
2023-11-08,7.7558817863464355
2023-11-09,7.739689350128174
2023-11-10,7.674922466278076
2023-11-13,7.367278099060059
2023-11-14,8.549281120300293
2023-11-15,8.630240440368652
2023-11-16,8.338787078857422
2023-11-17,8.743583679199219
2023-11-20,8.840733528137207
2023-11-21,8.775965690612793
2023-11-22,8.743583679199219
2023-11-24,8.808349609375
2023-11-27,8.88930892944336
2023-11-28,8.808349609375
2023-11-29,9.00265121459961
2023-11-30,8.954076766967773
2023-12-01,9.456023216247559
2023-12-04,9.617941856384277
2023-12-05,9.294105529785156
2023-12-06,9.132185935974121
2023-12-07,9.09980297088623
2023-12-08,8.88930892944336
2023-12-11,8.905501365661621
2023-12-12,8.792158126831055
2023-12-13,9.310296058654785
2023-12-14,9.277912139892578
2023-12-15,8.986459732055664
2023-12-18,8.905501365661621
2023-12-19,9.09980297088623
2023-12-20,8.662623405456543
2023-12-21,8.840733528137207
2023-12-22,8.72739028930664
2023-12-26,9.00265121459961
2023-12-27,9.423639297485352
2023-12-28,9.553173065185547
2023-12-29,9.358871459960938
2024-01-02,9.520790100097656
2024-01-03,9.261720657348633
2024-01-04,9.634133338928223
2024-01-05,9.456023216247559
2024-01-08,9.585556983947754
2024-01-09,9.245529174804688
2024-01-10,9.261720657348633
2024-01-11,9.051226615905762
2024-01-12,9.245529174804688
2024-01-16,9.375062942504883
2024-01-17,8.792158126831055
2024-01-18,8.69500732421875
2024-01-19,8.824541091918945
2024-01-22,8.808349609375
2024-01-23,8.792158126831055
2024-01-24,8.605952262878418
2024-01-25,8.856925964355469
2024-01-26,8.808349609375
2024-01-29,8.856925964355469
2024-01-30,8.743583679199219
2024-01-31,8.516898155212402
2024-02-01,8.711198806762695
2024-02-02,8.484513282775879
2024-02-05,8.274019241333008
2024-02-06,8.241636276245117
2024-02-07,8.031143188476562
2024-02-08,7.8692240715026855
2024-02-09,7.853031635284424
2024-02-12,8.387362480163574
2024-02-13,7.885416030883789
2024-02-14,8.176868438720703
2024-02-15,8.468321800231934
2024-02-16,8.257827758789062
2024-02-20,9.018843650817871
2024-02-21,9.132185935974121
2024-02-22,9.164568901062012
2024-02-23,9.277912139892578
2024-02-26,9.018843650817871
2024-02-27,8.986459732055664
2024-02-28,9.294105529785156
2024-02-29,9.488405227661133
2024-03-01,10.37895679473877
2024-03-04,10.605642318725586
2024-03-05,10.346572875976562
2024-03-06,10.621833801269531
2024-03-07,10.605642318725586
2024-03-08,10.621833801269531
2024-03-11,10.524682998657227
2024-03-12,10.087503433227539
2024-03-13,10.119887351989746
2024-03-14,10.1036958694458
2024-03-15,10.071311950683594
2024-03-18,9.92558479309082
2024-03-19,9.990352630615234
2024-03-20,10.152270317077637
2024-03-21,10.281805992126465
2024-03-22,9.747475624084473
2024-03-25,9.77985954284668
2024-03-26,9.617941856384277
2024-03-27,9.75083065032959
2024-03-28,9.800663948059082
2024-04-01,9.833887100219727
2024-04-02,9.700997352600098
2024-04-03,9.651163101196289
2024-04-04,9.468439102172852
2024-04-05,9.335548400878906
2024-04-08,9.534884452819824
2024-04-09,9.817276000976562
2024-04-10,9.485050201416016
2024-04-11,9.468439102172852
2024-04-12,9.318937301635742
2024-04-15,9.086379051208496
2024-04-16,8.920266151428223
2024-04-17,8.803986549377441
2024-04-18,8.820597648620605
2024-04-19,8.820597648620605
2024-04-22,8.820597648620605
2024-04-23,9.534884452819824
2024-04-24,9.485050201416016
2024-04-25,9.29401969909668
2024-04-26,9.60132884979248
2024-04-29,9.468439102172852
2024-04-30,9.551494598388672
2024-05-01,9.651163101196289
2024-05-02,10.016611099243164
2024-05-03,7.375414848327637
2024-05-06,6.312292098999023
2024-05-07,6.445182800292969
2024-05-08,6.4285712242126465
2024-05-09,6.312292098999023
2024-05-10,6.4285712242126465
2024-05-13,6.362125873565674
2024-05-14,6.395349025726318
2024-05-15,6.295680999755859
2024-05-16,6.029900074005127
2024-05-17,6.0631232261657715
2024-05-20,6.013288974761963
2024-05-21,5.8637871742248535
2024-05-22,5.7475080490112305
2024-05-23,5.415281772613525
2024-05-24,5.3820600509643555
2024-05-28,5.166112899780273
2024-05-29,5.149501800537109
2024-05-30,5.2990031242370605
2024-05-31,5.249168872833252
2024-06-03,5.215947151184082
2024-06-04,5.016611099243164
2024-06-05,5.199336051940918
2024-06-06,5.423587799072266
2024-06-07,5.415281772613525
2024-06-10,5.415281772613525
2024-06-11,5.357142925262451
2024-06-12,5.215947151184082
2024-06-13,5.166112899780273
2024-06-14,4.568106174468994
2024-06-17,4.435215950012207
2024-06-18,4.568106174468994
2024-06-20,4.684384822845459
2024-06-21,4.750831127166748
2024-06-24,4.4019927978515625
2024-06-25,4.451827049255371
2024-06-26,4.5016608238220215
2024-06-27,4.534883975982666
2024-06-28,4.850498199462891
2024-07-01,4.55149507522583
2024-07-02,4.584718227386475
2024-07-03,4.651163101196289
2024-07-05,4.6013288497924805
2024-07-08,5.0332231521606445
2024-07-09,5.149501800537109
2024-07-10,5.116279125213623
2024-07-11,5.4983391761779785
2024-07-12,5.797341823577881
2024-07-15,6.245847225189209
2024-07-16,6.478404998779297
2024-07-17,6.411960124969482
2024-07-18,6.14617919921875
2024-07-19,6.129568099975586
2024-07-22,6.112957000732422
2024-07-23,6.013288974761963
2024-07-24,5.830564975738525
2024-07-25,6.013288974761963
2024-07-26,6.129568099975586
2024-07-29,5.8637871742248535
2024-07-30,6.14617919921875
2024-07-31,6.378737926483154
2024-08-01,6.777409076690674
2024-08-02,6.727574825286865
2024-08-05,6.112957000732422
2024-08-06,6.860465049743652
2024-08-07,7.009966850280762
2024-08-08,7.026577949523926
2024-08-09,6.843853950500488
2024-08-12,6.461793899536133
2024-08-13,6.943521976470947
2024-08-14,6.4285712242126465
2024-08-15,6.794020175933838
2024-08-16,6.860465049743652
2024-08-19,7.441860198974609
2024-08-20,7.325581073760986
2024-08-21,7.308969974517822
2024-08-22,7.159468173980713
2024-08-23,7.458471775054932
2024-08-26,7.375414848327637
2024-08-27,7.308969974517822
2024-08-28,7.242525100708008
2024-08-29,7.325581073760986
2024-08-30,7.242525100708008
2024-09-03,7.225914001464844
2024-09-04,7.807309150695801
2024-09-05,8.770764350891113
2024-09-06,8.737542152404785
2024-09-09,8.621261596679688
2024-09-10,8.654484748840332
2024-09-11,8.83720874786377
2024-09-12,8.720930099487305
2024-09-13,9.169434547424316
2024-09-16,8.887042999267578
2024-09-17,8.70431900024414
2024-09-18,8.687707901000977
2024-09-19,8.85382080078125
2024-09-20,8.671095848083496
2024-09-23,8.920266151428223
2024-09-24,9.003321647644043
2024-09-25,8.870431900024414
2024-09-26,9.019933700561523
2024-09-27,9.700997352600098
2024-09-30,9.368770599365234
2024-10-01,9.169434547424316
2024-10-02,9.269103050231934
2024-10-03,9.169434547424316
2024-10-04,9.269103050231934
2024-10-07,9.219268798828125
2024-10-08,9.053155899047852
2024-10-09,8.803986549377441
2024-10-10,8.986710548400879
2024-10-11,8.936877250671387
2024-10-14,8.95348834991455
2024-10-15,9.451827049255371
2024-10-16,9.568105697631836
2024-10-17,9.50166130065918
2024-10-18,9.335548400878906
2024-10-21,9.25249195098877
2024-10-22,9.468439102172852
2024-10-23,9.368770599365234
2024-10-24,9.235879898071289
2024-10-25,9.119601249694824
2024-10-28,9.053155899047852
2024-10-29,9.318937301635742
2024-10-30,9.285714149475098
2024-10-31,8.421927452087402
2024-11-01,8.770764350891113
2024-11-04,9.335548400878906
2024-11-05,9.25249195098877
2024-11-06,9.767441749572754
2024-11-07,9.73421859741211
2024-11-08,9.800663948059082
2024-11-11,10.0
2024-11-12,9.85049819946289
2024-11-13,9.302326202392578
2024-11-14,9.069766998291016
2024-11-15,9.285714149475098
2024-11-18,9.50166130065918
2024-11-19,9.418604850769043
2024-11-20,9.401992797851562
2024-11-21,9.800663948059082
2024-11-22,10.14950180053711
2024-11-25,10.016611099243164
2024-11-26,9.950165748596191
2024-11-27,9.767441749572754
2024-11-29,9.817276000976562
2024-12-02,9.833887100219727
2024-12-03,9.651163101196289
2024-12-04,9.966776847839355
2024-12-05,9.767441749572754
2024-12-06,9.634551048278809
2024-12-09,9.385381698608398
2024-12-10,9.667774200439453
2024-12-11,10.116278648376465
2024-12-12,10.166112899780273
2024-12-13,10.083056449890137
2024-12-16,9.983388900756836
2024-12-17,9.73421859741211
2024-12-18,9.152824401855469
2024-12-19,9.25249195098877
2024-12-20,9.468439102172852
2024-12-23,9.119601249694824
2024-12-24,9.169434547424316
2024-12-26,9.086379051208496
2024-12-27,8.887042999267578
2024-12-30,8.903654098510742
2024-12-31,9.136213302612305
2025-01-02,9.219268798828125
2025-01-03,9.10299015045166
2025-01-06,9.119601249694824
2025-01-07,8.986710548400879
2025-01-08,9.019933700561523
2025-01-10,8.85382080078125
2025-01-13,8.85382080078125
2025-01-14,9.10299015045166
2025-01-15,9.435215950012207
2025-01-16,9.717608451843262
2025-01-17,9.933554649353027
2025-01-21,9.85049819946289
2025-01-22,9.485050201416016
2025-01-23,9.485050201416016
2025-01-24,9.584717750549316
2025-01-27,9.152824401855469
2025-01-28,9.053155899047852
2025-01-29,8.870431900024414
2025-01-30,9.119601249694824
2025-01-31,9.053155899047852
2025-02-03,8.803986549377441
2025-02-04,8.970100402832031
2025-02-05,9.136213302612305
2025-02-06,9.086379051208496
2025-02-07,8.936877250671387
2025-02-10,9.003321647644043
2025-02-11,9.235879898071289
2025-02-12,9.086379051208496
2025-02-13,9.219268798828125
2025-02-14,9.667774200439453
2025-02-18,9.202657699584961
2025-02-19,9.10299015045166
2025-02-20,9.003321647644043
2025-02-21,9.335548400878906
2025-02-24,9.584717750549316
2025-02-25,9.800663948059082
2025-02-26,9.468439102172852
2025-02-27,9.468439102172852
2025-02-28,9.534884452819824
2025-03-03,9.352158546447754
2025-03-04,8.887042999267578
2025-03-05,8.770764350891113
2025-03-06,8.671095848083496
2025-03-07,8.83720874786377
2025-03-10,8.305647850036621
2025-03-11,8.45514965057373
2025-03-12,8.538206100463867
2025-03-13,7.890365123748779
2025-03-14,8.222591400146484
2025-03-17,8.538206100463867
2025-03-18,8.255813598632812
2025-03-19,8.372093200683594
2025-03-20,8.289036750793457
2025-03-21,8.289036750793457
2025-03-24,8.45514965057373
2025-03-25,8.322258949279785
2025-03-26,8.305647850036621
2025-03-27,8.039867401123047
2025-03-28,8.189369201660156
2025-03-31,8.372093200683594
2025-04-01,8.671095848083496
2025-04-02,8.70431900024414
2025-04-03,8.20598030090332
2025-04-04,7.724252223968506
2025-04-07,7.308969974517822
2025-04-08,6.893688201904297
2025-04-09,7.342193126678467
2025-04-10,7.076412200927734
2025-04-11,7.142857074737549
2025-04-14,7.475082874298096
2025-04-15,7.674418926239014
2025-04-16,7.574750900268555
2025-04-17,7.890365123748779
2025-04-21,7.591361999511719
2025-04-22,7.724252223968506
2025-04-23,7.807309150695801
2025-04-24,7.973422050476074
2025-04-25,7.90697717666626
2025-04-28,8.106311798095703
2025-04-29,8.189369201660156
2025-04-30,8.172757148742676
2025-05-01,8.189369201660156
2025-05-02,8.239203453063965
2025-05-05,8.305647850036621
2025-05-06,7.50830602645874
2025-05-07,7.225914001464844
2025-05-08,7.358804225921631
2025-05-09,7.50830602645874
2025-05-12,7.591361999511719
2025-05-13,7.740863800048828
2025-05-14,7.890365123748779
2025-05-15,8.056477546691895
2025-05-16,7.707641124725342
2025-05-19,7.558139801025391
2025-05-20,7.458471775054932
2025-05-21,7.275747776031494
2025-05-22,7.308969974517822
2025-05-23,6.976744174957275
2025-05-27,7.308969974517822
2025-05-28,7.325581073760986
2025-05-29,7.325581073760986
2025-05-30,7.142857074737549
2025-06-02,7.159468173980713
2025-06-03,7.358804225921631
2025-06-04,7.176080226898193
2025-06-05,7.159468173980713
2025-06-06,7.225914001464844
2025-06-09,7.09302282333374
2025-06-10,7.159468173980713
2025-06-11,6.976744174957275
2025-06-12,6.910298824310303
2025-06-13,6.810630798339844
2025-06-16,6.827242851257324
2025-06-17,6.735879898071289
2025-06-18,6.794020175933838
2025-06-20,6.777409076690674
2025-06-23,6.960133075714111
2025-06-24,7.009966850280762
2025-06-25,6.926909923553467
2025-06-26,6.993354797363281
2025-06-27,7.05980110168457
2025-06-30,7.176080226898193
2025-07-01,7.308969974517822
2025-07-02,7.292358875274658
2025-07-03,7.225914001464844
2025-07-07,7.026577949523926
2025-07-08,7.159468173980713
2025-07-09,7.342193126678467
2025-07-10,7.392026901245117
2025-07-11,7.524917125701904
2025-07-14,7.807309150695801
2025-07-15,7.524917125701904
2025-07-16,7.724252223968506
2025-07-17,8.089700698852539
2025-07-18,7.95681095123291
2025-07-21,8.770764350891113
2025-07-22,9.003321647644043
2025-07-23,9.435215950012207
2025-07-24,9.60132884979248
2025-07-25,9.634551048278809
2025-07-28,9.468439102172852
2025-07-29,9.385381698608398
2025-07-30,9.352158546447754
2025-07-31,8.83720874786377
2025-08-01,8.156146049499512
2025-08-04,8.09000015258789
2025-08-05,7.25
2025-08-06,7.159999847412109
2025-08-07,7.010000228881836
2025-08-08,6.349999904632568
2025-08-11,6.639999866485596
2025-08-12,6.75
2025-08-13,6.75
2025-08-14,6.429999828338623
2025-08-15,6.369999885559082
2025-08-18,6.25
2025-08-19,6.25
2025-08-20,6.099999904632568
2025-08-21,5.96999979019165
2025-08-22,6.329999923706055
2025-08-25,6.28000020980835
2025-08-26,6.489999771118164
2025-08-27,6.630000114440918
2025-08-28,6.590000152587891
2025-08-29,6.300000190734863
2025-09-02,5.829999923706055
2025-09-03,6.03000020980835
2025-09-04,6.25
2025-09-05,6.440000057220459
2025-09-08,7.260000228881836
2025-09-09,7.139999866485596
2025-09-10,6.849999904632568
2025-09-11,7.110000133514404
2025-09-12,6.940000057220459
2025-09-15,6.769999980926514
2025-09-16,6.590000152587891
2025-09-17,6.610000133514404
2025-09-18,6.880000114440918
2025-09-19,6.420000076293945
