Date,XP
2019-12-11,31.02484130859375
2019-12-12,31.186899185180664
2019-12-13,33.950862884521484
2019-12-16,32.23126220703125
2019-12-17,30.880788803100586
2019-12-18,34.30198669433594
2019-12-19,33.99587631225586
2019-12-20,36.01258087158203
2019-12-23,35.319339752197266
2019-12-24,35.679466247558594
2019-12-26,34.81515884399414
2019-12-27,34.653106689453125
2019-12-30,34.455039978027344
2019-12-31,34.680118560791016
2020-01-02,34.743141174316406
2020-01-03,34.4100227355957
2020-01-06,32.60039138793945
2020-01-07,32.942508697509766
2020-01-08,33.21260452270508
2020-01-09,34.049896240234375
2020-01-10,33.84282302856445
2020-01-13,33.79780960083008
2020-01-14,33.446685791015625
2020-01-15,33.80681228637695
2020-01-16,33.94186019897461
2020-01-17,34.92320251464844
2020-01-21,36.54376983642578
2020-01-22,38.245361328125
2020-01-23,36.912899017333984
2020-01-24,34.689117431640625
2020-01-27,33.86083221435547
2020-01-28,35.14828109741211
2020-01-29,36.30968475341797
2020-01-30,35.01323318481445
2020-01-31,36.13862609863281
2020-02-03,36.426727294921875
2020-02-04,35.08525848388672
2020-02-05,35.92255401611328
2020-02-06,34.4820442199707
2020-02-07,33.63574981689453
2020-02-10,33.599735260009766
2020-02-11,35.10326385498047
2020-02-12,36.831871032714844
2020-02-13,37.23701095581055
2020-02-14,36.300682067871094
2020-02-18,36.8588752746582
2020-02-19,38.25436782836914
2020-02-20,38.704524993896484
2020-02-21,38.11031723022461
2020-02-24,35.56242370605469
2020-02-25,33.76179504394531
2020-02-26,32.59138870239258
2020-02-27,31.916154861450195
2020-02-28,31.195898056030273
2020-03-02,33.446685791015625
2020-03-03,32.55537414550781
2020-03-04,34.96821594238281
2020-03-05,32.195247650146484
2020-03-06,27.900747299194336
2020-03-09,23.9843807220459
2020-03-10,26.96442222595215
2020-03-11,20.923309326171875
2020-03-12,15.94456958770752
2020-03-13,20.158042907714844
2020-03-16,16.691831588745117
2020-03-17,17.93426513671875
2020-03-18,15.845536231994629
2020-03-19,18.816574096679688
2020-03-20,16.151643753051758
2020-03-23,15.269332885742188
2020-03-24,17.68217658996582
2020-03-25,20.70723533630371
2020-03-26,22.35481071472168
2020-03-27,20.041004180908203
2020-03-30,18.528472900390625
2020-03-31,17.367069244384766
2020-04-01,16.14263916015625
2020-04-02,15.485411643981934
2020-04-03,15.899553298950195
2020-04-06,18.36641502380371
2020-04-07,19.383773803710938
2020-04-08,19.43779182434082
2020-04-09,20.320098876953125
2020-04-13,19.068662643432617
2020-04-14,20.509166717529297
2020-04-15,21.05835723876953
2020-04-16,22.913005828857422
2020-04-17,24.14643669128418
2020-04-20,24.245471954345703
2020-04-21,22.201757431030273
2020-04-22,23.426183700561523
2020-04-23,23.1830997467041
2020-04-24,20.617202758789062
2020-04-27,21.40947914123535
2020-04-28,22.444841384887695
2020-04-29,22.624902725219727
2020-04-30,22.651914596557617
2020-05-01,20.797266006469727
2020-05-04,20.64421272277832
2020-05-05,20.320098876953125
2020-05-06,20.608200073242188
2020-05-07,21.985681533813477
2020-05-08,22.606897354125977
2020-05-11,22.822973251342773
2020-05-12,22.381818771362305
2020-05-13,25.118776321411133
2020-05-14,23.462196350097656
2020-05-15,23.867338180541992
2020-05-18,24.821672439575195
2020-05-19,23.85833740234375
2020-05-20,24.758647918701172
2020-05-21,25.640958786010742
2020-05-22,25.929059982299805
2020-05-26,27.837726593017578
2020-05-27,27.477602005004883
2020-05-28,27.39657211303711
2020-05-29,27.33355140686035
2020-06-01,27.495609283447266
2020-06-02,29.035144805908203
2020-06-03,31.195898056030273
2020-06-04,31.222909927368164
2020-06-05,32.933509826660156
2020-06-08,36.94440841674805
2020-06-09,36.65180587768555
2020-06-10,38.02928924560547
2020-06-11,35.12126922607422
2020-06-12,37.092960357666016
2020-06-15,37.59713363647461
2020-06-16,39.478790283203125
2020-06-17,41.657554626464844
2020-06-18,43.28712463378906
2020-06-19,42.51285171508789
2020-06-22,41.819610595703125
2020-06-23,44.50254821777344
2020-06-24,40.34309387207031
2020-06-25,41.54951477050781
2020-06-26,39.50580596923828
2020-06-29,39.18169021606445
2020-06-30,37.82221221923828
2020-07-01,39.03763961791992
2020-07-02,40.32509231567383
2020-07-06,42.845970153808594
2020-07-07,42.08970260620117
2020-07-08,42.94500732421875
2020-07-09,42.45883560180664
2020-07-10,42.32378387451172
2020-07-13,41.171382904052734
2020-07-14,40.17203140258789
2020-07-15,40.451133728027344
2020-07-16,38.353397369384766
2020-07-17,38.34439468383789
2020-07-20,40.145023345947266
2020-07-21,40.46013259887695
2020-07-22,41.090354919433594
2020-07-23,39.901939392089844
2020-07-24,40.18103790283203
2020-07-27,42.521854400634766
2020-07-28,42.56686782836914
2020-07-29,43.629241943359375
2020-07-30,42.70191955566406
2020-07-31,41.864627838134766
2020-08-03,42.40481185913086
2020-08-04,43.08005142211914
2020-08-05,43.16107940673828
2020-08-06,45.01572799682617
2020-08-07,43.3321418762207
2020-08-10,43.19709396362305
2020-08-11,42.6298942565918
2020-08-12,41.89163589477539
2020-08-13,40.658203125
2020-08-14,39.7488899230957
2020-08-17,39.6318473815918
2020-08-18,40.127017974853516
2020-08-19,40.21704864501953
2020-08-20,40.64019775390625
2020-08-21,39.18169021606445
2020-08-24,41.54051208496094
2020-08-25,42.467838287353516
2020-08-26,43.008026123046875
2020-08-27,44.655601501464844
2020-08-28,44.781646728515625
2020-08-31,44.46653366088867
2020-09-01,45.94304656982422
2020-09-02,44.55656814575195
2020-09-03,43.11606216430664
2020-09-04,42.14372634887695
2020-09-08,41.14437484741211
2020-09-09,42.65690231323242
2020-09-10,40.90128707885742
2020-09-11,40.00997543334961
2020-09-14,39.68586349487305
2020-09-15,39.60483932495117
2020-09-16,39.60483932495117
2020-09-17,39.0466423034668
2020-09-18,38.767547607421875
2020-09-21,37.89423751831055
2020-09-22,39.05564880371094
2020-09-23,37.4080696105957
2020-09-24,38.31739044189453
2020-09-25,38.785552978515625
2020-09-28,37.36305618286133
2020-09-29,37.26401901245117
2020-09-30,37.53411102294922
2020-10-01,37.723182678222656
2020-10-02,36.831871032714844
2020-10-05,37.89423751831055
2020-10-06,38.785552978515625
2020-10-07,37.59713363647461
2020-10-08,38.695518493652344
2020-10-09,38.326393127441406
2020-10-12,38.299381256103516
2020-10-13,37.05694580078125
2020-10-14,38.713523864746094
2020-10-15,37.98426818847656
2020-10-16,38.01128387451172
2020-10-19,37.91224670410156
2020-10-20,40.054996490478516
2020-10-21,40.96431350708008
2020-10-22,39.316734313964844
2020-10-23,39.12767028808594
2020-10-26,38.51545333862305
2020-10-27,38.81256103515625
2020-10-28,36.57978057861328
2020-10-29,36.372711181640625
2020-10-30,36.08460998535156
2020-11-02,37.020931243896484
2020-11-03,38.119319915771484
2020-11-04,36.35470199584961
2020-11-05,38.66850662231445
2020-11-06,37.93925094604492
2020-11-09,38.767547607421875
2020-11-10,35.400367736816406
2020-11-11,35.58042907714844
2020-11-12,34.653106689453125
2020-11-13,34.72513198852539
2020-11-16,35.76949691772461
2020-11-17,36.372711181640625
2020-11-18,35.51741027832031
2020-11-19,36.55276870727539
2020-11-20,36.01258087158203
2020-11-23,36.70582580566406
2020-11-24,37.813209533691406
2020-11-25,37.795204162597656
2020-11-27,37.507102966308594
2020-11-30,36.921897888183594
2020-12-01,36.417724609375
2020-12-02,36.3817138671875
2020-12-03,34.671112060546875
2020-12-04,34.626094818115234
2020-12-07,34.689117431640625
2020-12-08,35.0672492980957
2020-12-09,34.14893341064453
2020-12-10,33.383663177490234
2020-12-11,32.20425033569336
2020-12-14,33.05955123901367
2020-12-15,34.554073333740234
2020-12-16,36.07560348510742
2020-12-17,37.029937744140625
2020-12-18,36.363704681396484
2020-12-21,36.66981506347656
2020-12-22,36.29167938232422
2020-12-23,36.912899017333984
2020-12-24,37.228004455566406
2020-12-28,36.17464065551758
2020-12-29,36.021583557128906
2020-12-30,36.444732666015625
2020-12-31,35.715476989746094
2021-01-04,35.30133056640625
2021-01-05,35.05824661254883
2021-01-06,33.83382034301758
2021-01-07,34.455039978027344
2021-01-08,36.417724609375
2021-01-11,35.202301025390625
2021-01-12,36.46274185180664
2021-01-13,35.76949691772461
2021-01-14,36.507755279541016
2021-01-15,35.82351303100586
2021-01-19,38.99262237548828
2021-01-20,38.33539962768555
2021-01-21,38.56047439575195
2021-01-22,37.91224670410156
2021-01-25,38.866580963134766
2021-01-26,41.000328063964844
2021-01-27,40.082008361816406
2021-01-28,40.39711380004883
2021-01-29,39.28972625732422
2021-02-01,42.449832916259766
2021-02-02,43.98036575317383
2021-02-03,43.23310470581055
2021-02-04,43.467185974121094
2021-02-05,43.710269927978516
2021-02-08,43.8723258972168
2021-02-09,43.134071350097656
2021-02-10,42.68391418457031
2021-02-11,43.674259185791016
2021-02-12,43.59322738647461
2021-02-16,44.95270538330078
2021-02-17,45.240806579589844
2021-02-18,43.86332702636719
2021-02-19,44.97071075439453
2021-02-22,41.46849060058594
2021-02-23,41.99967575073242
2021-02-24,42.972015380859375
2021-02-25,40.667205810546875
2021-02-26,39.73988342285156
2021-03-01,39.72187423706055
2021-03-02,39.0466423034668
2021-03-03,37.228004455566406
2021-03-04,36.372711181640625
2021-03-05,36.73283004760742
2021-03-08,33.79780960083008
2021-03-09,34.13992691040039
2021-03-10,34.4820442199707
2021-03-11,36.8588752746582
2021-03-12,36.61579132080078
2021-03-15,36.84987258911133
2021-03-16,36.63379669189453
2021-03-17,36.74183654785156
2021-03-18,34.20294952392578
2021-03-19,35.68846893310547
2021-03-22,35.796504974365234
2021-03-23,34.73413848876953
2021-03-24,32.906494140625
2021-03-25,33.923851013183594
2021-03-26,33.86983108520508
2021-03-29,33.284629821777344
2021-03-30,33.0505485534668
2021-03-31,33.91484451293945
2021-04-01,35.73348617553711
2021-04-05,35.12126922607422
2021-04-06,35.004234313964844
2021-04-07,34.644100189208984
2021-04-08,35.130271911621094
2021-04-09,35.12126922607422
2021-04-12,34.437034606933594
2021-04-13,34.81515884399414
2021-04-14,35.292327880859375
2021-04-15,35.13927459716797
2021-04-16,34.9952278137207
2021-04-19,34.58108139038086
2021-04-20,34.572078704833984
2021-04-21,35.58943176269531
2021-04-22,35.58943176269531
2021-04-23,36.039588928222656
2021-04-26,35.47239685058594
2021-04-27,34.4820442199707
2021-04-28,35.57142639160156
2021-04-29,35.56242370605469
2021-04-30,35.65245819091797
2021-05-03,35.22030258178711
2021-05-04,34.599090576171875
2021-05-05,38.50645065307617
2021-05-06,38.227352142333984
2021-05-07,40.31608581542969
2021-05-10,38.380409240722656
2021-05-11,39.568824768066406
2021-05-12,37.30903244018555
2021-05-13,36.993927001953125
2021-05-14,38.623497009277344
2021-05-17,38.61449432373047
2021-05-18,37.93925094604492
2021-05-19,37.813209533691406
2021-05-20,37.52511215209961
2021-05-21,36.46274185180664
2021-05-24,35.886539459228516
2021-05-25,34.88718795776367
2021-05-26,35.85953140258789
2021-05-27,34.86017990112305
2021-05-28,35.70647430419922
2021-06-01,35.56242370605469
2021-06-02,36.01258087158203
2021-06-03,35.58943176269531
2021-06-04,36.417724609375
2021-06-07,37.2910270690918
2021-06-08,37.399070739746094
2021-06-09,38.08330535888672
2021-06-10,39.19069290161133
2021-06-11,39.77589797973633
2021-06-14,39.964962005615234
2021-06-15,39.92894744873047
2021-06-16,40.19904708862305
2021-06-17,41.378456115722656
2021-06-18,41.41447067260742
2021-06-21,41.14437484741211
2021-06-22,41.11736297607422
2021-06-23,41.59453201293945
2021-06-24,41.22540283203125
2021-06-25,40.43312454223633
2021-06-28,40.49614715576172
2021-06-29,40.145023345947266
2021-06-30,39.20869827270508
2021-07-01,38.17333984375
2021-07-02,38.209346771240234
2021-07-06,37.029937744140625
2021-07-07,37.20099639892578
2021-07-08,35.94055938720703
2021-07-09,36.32769012451172
2021-07-12,36.49875259399414
2021-07-13,37.209999084472656
2021-07-14,36.75083923339844
2021-07-15,36.64280319213867
2021-07-16,37.59713363647461
2021-07-19,35.38235855102539
2021-07-20,36.3817138671875
2021-07-21,36.966915130615234
2021-07-22,36.444732666015625
2021-07-23,36.87688446044922
2021-07-26,37.91224670410156
2021-07-27,36.51675796508789
2021-07-28,37.11096954345703
2021-07-29,37.75918960571289
2021-07-30,36.966915130615234
2021-08-02,37.53411102294922
2021-08-03,38.08330535888672
2021-08-04,41.036338806152344
2021-08-05,42.12571716308594
2021-08-06,43.23310470581055
2021-08-09,44.5745735168457
2021-08-10,44.115413665771484
2021-08-11,43.449180603027344
2021-08-12,43.20610046386719
2021-08-13,42.68391418457031
2021-08-16,41.5765266418457
2021-08-17,40.53216552734375
2021-08-18,40.13602066040039
2021-08-19,40.68521499633789
2021-08-20,40.613189697265625
2021-08-23,40.90128707885742
2021-08-24,42.49484634399414
2021-08-25,43.26911544799805
2021-08-26,42.72892761230469
2021-08-27,43.80930709838867
2021-08-30,44.01637649536133
2021-08-31,43.8003044128418
2021-09-01,45.02473068237305
2021-09-02,46.069095611572266
2021-09-03,45.01572799682617
2021-09-07,45.69096374511719
2021-09-08,43.152076721191406
2021-09-09,43.96236038208008
2021-09-10,42.89098358154297
2021-09-13,42.6659049987793
2021-09-14,42.17973709106445
2021-09-15,41.864627838134766
2021-09-16,41.55851745605469
2021-09-17,40.586177825927734
2021-09-20,39.1996955871582
2021-09-21,40.97331619262695
2021-09-22,41.73858642578125
2021-09-23,40.94630432128906
2021-09-24,39.83892059326172
2021-09-27,39.14567565917969
2021-09-28,37.48909378051758
2021-09-29,36.98492431640625
2021-09-30,36.16563415527344
2021-10-01,37.85822677612305
2021-10-04,36.417724609375
2021-10-05,36.19264602661133
2021-10-06,35.63445281982422
2021-10-07,37.570125579833984
2021-10-08,36.15663146972656
2021-10-11,33.33864974975586
2021-10-12,31.74509048461914
2021-10-13,31.511009216308594
2021-10-14,30.70072364807129
2021-10-15,33.0505485534668
2021-10-18,33.19459533691406
2021-10-19,32.10521697998047
2021-10-20,32.348304748535156
2021-10-21,30.63770294189453
2021-10-22,30.28658103942871
2021-10-25,31.50200653076172
2021-10-26,30.421630859375
2021-10-27,30.322593688964844
2021-10-28,30.403623580932617
2021-10-29,29.539321899414062
2021-11-01,30.69172477722168
2021-11-02,29.566329956054688
2021-11-03,30.01648712158203
2021-11-04,29.116172790527344
2021-11-05,31.493000030517578
2021-11-08,30.682722091674805
2021-11-09,30.538665771484375
2021-11-10,29.66536521911621
2021-11-11,30.592689514160156
2021-11-12,30.403623580932617
2021-11-15,30.457639694213867
2021-11-16,29.12517547607422
2021-11-17,27.342554092407227
2021-11-18,26.24416732788086
2021-11-19,26.784358978271484
2021-11-22,25.839027404785156
2021-11-23,27.072458267211914
2021-11-24,27.342554092407227
2021-11-26,26.613298416137695
2021-11-29,26.865386962890625
2021-11-30,25.821022033691406
2021-12-01,26.235166549682617
2021-12-02,26.22616195678711
2021-12-03,26.109121322631836
2021-12-06,26.676319122314453
2021-12-07,27.009437561035156
2021-12-08,27.12647819519043
2021-12-09,26.937410354614258
2021-12-10,27.10847282409668
2021-12-13,28.053800582885742
2021-12-14,26.262174606323242
2021-12-15,27.198501586914062
2021-12-16,26.190149307250977
2021-12-17,26.370214462280273
2021-12-20,26.028093338012695
2021-12-21,26.550275802612305
2021-12-22,26.577285766601562
2021-12-23,26.865386962890625
2021-12-27,27.3515567779541
2021-12-28,25.74899673461914
2021-12-29,25.100770950317383
2021-12-30,25.730989456176758
2021-12-31,25.875038146972656
2022-01-03,26.100116729736328
2022-01-04,25.325849533081055
2022-01-05,24.074411392211914
2022-01-06,24.3895206451416
2022-01-07,24.974727630615234
2022-01-10,24.95672035217285
2022-01-11,27.12647819519043
2022-01-12,27.558629989624023
2022-01-13,26.388219833374023
2022-01-14,25.875038146972656
2022-01-18,24.57858657836914
2022-01-19,26.16314125061035
2022-01-20,27.387569427490234
2022-01-21,26.73033905029297
2022-01-24,26.928407669067383
2022-01-25,27.738691329956055
2022-01-26,28.41392707824707
2022-01-27,28.152835845947266
2022-01-28,28.134828567504883
2022-01-31,29.98948097229004
2022-02-01,30.41262435913086
2022-02-02,29.1431827545166
2022-02-03,28.440937042236328
2022-02-04,28.882091522216797
2022-02-07,28.78305435180664
2022-02-08,28.963117599487305
2022-02-09,30.835773468017578
2022-02-10,29.737388610839844
2022-02-11,30.250568389892578
2022-02-14,30.079509735107422
2022-02-15,31.817115783691406
2022-02-16,32.18624496459961
2022-02-17,31.13287925720215
2022-02-18,30.76374626159668
2022-02-22,30.466642379760742
2022-02-23,30.115524291992188
2022-02-24,29.530317306518555
2022-02-25,29.12517547607422
2022-02-28,29.116172790527344
2022-03-01,28.476947784423828
2022-03-02,28.593990325927734
2022-03-03,27.99978256225586
2022-03-04,26.298189163208008
2022-03-07,23.867338180541992
2022-03-08,25.217811584472656
2022-03-09,28.278879165649414
2022-03-10,27.900747299194336
2022-03-11,26.62230110168457
2022-03-14,25.505910873413086
2022-03-15,26.235166549682617
2022-03-16,28.31489372253418
2022-03-17,28.242868423461914
2022-03-18,29.179195404052734
2022-03-21,29.10717010498047
2022-03-22,29.83642578125
2022-03-23,28.197851181030273
2022-03-24,29.080158233642578
2022-03-25,28.91810417175293
2022-03-28,28.864084243774414
2022-03-29,30.160537719726562
2022-03-30,28.071807861328125
2022-03-31,27.099468231201172
2022-04-01,27.882740020751953
2022-04-04,28.575984954833984
2022-04-05,28.17984390258789
2022-04-06,27.459592819213867
2022-04-07,27.648658752441406
2022-04-08,26.883394241333008
2022-04-11,26.658315658569336
2022-04-12,25.992082595825195
2022-04-13,26.199153900146484
2022-04-14,25.388870239257812
2022-04-18,24.740644454956055
2022-04-19,25.343854904174805
2022-04-20,25.343854904174805
2022-04-21,23.993383407592773
2022-04-22,23.02104377746582
2022-04-25,23.3991756439209
2022-04-26,22.282785415649414
2022-04-27,21.56253433227539
2022-04-28,22.49886131286621
2022-04-29,22.156740188598633
2022-05-02,21.751598358154297
2022-05-03,21.238422393798828
2022-05-04,19.653867721557617
2022-05-05,19.29374122619629
2022-05-06,18.132333755493164
2022-05-09,17.042953491210938
2022-05-10,16.79086685180664
2022-05-11,16.28668975830078
2022-05-12,17.628158569335938
2022-05-13,18.222366333007812
2022-05-16,17.18700408935547
2022-05-17,18.006290435791016
2022-05-18,17.313047409057617
2022-05-19,18.77155876159668
2022-05-20,19.239723205566406
2022-05-23,19.536827087402344
2022-05-24,18.654516220092773
2022-05-25,19.1226806640625
2022-05-26,20.35611343383789
2022-05-27,21.103374481201172
2022-05-31,20.35611343383789
2022-06-01,19.60885238647461
2022-06-02,20.923309326171875
2022-06-03,20.45514488220215
2022-06-06,20.554180145263672
2022-06-07,21.33745574951172
2022-06-08,20.47315216064453
2022-06-09,19.93296241760254
2022-06-10,18.411434173583984
2022-06-13,17.096973419189453
2022-06-14,16.970930099487305
2022-06-15,17.583145141601562
2022-06-16,16.817874908447266
2022-06-17,16.907909393310547
2022-06-21,17.096973419189453
2022-06-22,17.20501136779785
2022-06-23,17.53812599182129
2022-06-24,17.772207260131836
2022-06-27,17.871244430541992
2022-06-28,16.80887222290039
2022-06-29,16.466754913330078
2022-06-30,16.169649124145508
2022-07-01,16.097623825073242
2022-07-05,16.799867630004883
2022-07-06,16.259681701660156
2022-07-07,16.637813568115234
2022-07-08,16.64681625366211
2022-07-11,15.602450370788574
2022-07-12,16.070615768432617
2022-07-13,16.115631103515625
2022-07-14,15.314350128173828
2022-07-15,15.782514572143555
2022-07-18,15.809523582458496
2022-07-19,16.421737670898438
2022-07-20,16.637813568115234
2022-07-21,17.23202133178711
2022-07-22,16.817874908447266
2022-07-25,16.99793815612793
2022-07-26,16.700834274291992
2022-07-27,18.0603084564209
2022-07-28,18.483457565307617
2022-07-29,18.99663734436035
2022-08-01,19.79791831970215
2022-08-02,19.743898391723633
2022-08-03,20.75225067138672
2022-08-04,21.094371795654297
2022-08-05,21.40047836303711
2022-08-08,22.201757431030273
2022-08-09,21.301443099975586
2022-08-10,18.483457565307617
2022-08-11,16.89890480041504
2022-08-12,17.72719383239746
2022-08-15,19.671875
2022-08-16,18.9426212310791
2022-08-17,19.113676071166992
2022-08-18,19.20370864868164
2022-08-19,18.348411560058594
2022-08-22,17.53812599182129
2022-08-23,19.464801788330078
2022-08-24,20.194055557250977
2022-08-25,19.914958953857422
2022-08-26,19.194705963134766
2022-08-29,18.708538055419922
2022-08-30,17.781211853027344
2022-08-31,17.322050094604492
2022-09-01,17.42108726501465
2022-09-02,17.448095321655273
2022-09-06,17.015945434570312
2022-09-07,17.45709991455078
2022-09-08,17.448095321655273
2022-09-09,18.20435905456543
2022-09-12,19.014644622802734
2022-09-13,17.871244430541992
2022-09-14,17.826229095458984
2022-09-15,17.601150512695312
2022-09-16,17.105976104736328
2022-09-19,17.664173126220703
2022-09-20,17.73619842529297
2022-09-21,17.79021453857422
2022-09-22,17.73619842529297
2022-09-23,17.2230167388916
2022-09-26,16.025598526000977
2022-09-27,16.529775619506836
2022-09-28,16.673826217651367
2022-09-29,16.511768341064453
2022-09-30,17.114980697631836
2022-10-03,18.66351890563965
2022-10-04,18.780563354492188
2022-10-05,18.91560935974121
2022-10-06,19.37476921081543
2022-10-07,19.00564193725586
2022-10-10,19.086669921875
2022-10-11,17.322050094604492
2022-10-12,17.21401596069336
2022-10-13,16.87189483642578
2022-10-14,15.827528953552246
2022-10-17,15.980582237243652
2022-10-18,15.701485633850098
2022-10-19,15.52142333984375
2022-10-20,15.179304122924805
2022-10-21,16.25067710876465
2022-10-24,16.070615768432617
2022-10-25,15.989585876464844
2022-10-26,15.305347442626953
2022-10-27,15.215315818786621
2022-10-28,15.746500015258789
2022-10-31,16.502765655517578
2022-11-01,17.52012062072754
2022-11-02,17.3310546875
2022-11-03,17.466100692749023
2022-11-04,17.096973419189453
2022-11-07,16.62881088256836
2022-11-08,16.52077293395996
2022-11-09,17.73619842529297
2022-11-10,17.24102210998535
2022-11-11,17.313047409057617
2022-11-14,17.20501136779785
2022-11-15,17.547128677368164
2022-11-16,16.45775032043457
2022-11-17,15.854540824890137
2022-11-18,15.647466659545898
2022-11-21,15.548433303833008
2022-11-22,14.909208297729492
2022-11-23,14.810174942016602
2022-11-25,14.85519027709961
2022-11-28,14.396029472351074
2022-11-29,14.846186637878418
2022-11-30,15.764507293701172
2022-12-01,15.764507293701172
2022-12-02,16.538780212402344
2022-12-05,15.701485633850098
2022-12-06,15.251328468322754
2022-12-07,14.927214622497559
2022-12-08,14.315000534057617
2022-12-09,14.315000534057617
2022-12-12,14.044907569885254
2022-12-13,13.621759414672852
2022-12-14,13.234622955322266
2022-12-15,12.775463104248047
2022-12-16,12.5954008102417
2022-12-19,12.775463104248047
2022-12-20,13.576743125915527
2022-12-21,13.855841636657715
2022-12-22,13.47770881652832
2022-12-23,13.972883224487305
2022-12-27,13.099576950073242
2022-12-28,13.414687156677246
2022-12-29,13.729796409606934
2022-12-30,13.810826301574707
2023-01-03,12.442346572875977
2023-01-04,12.81147575378418
2023-01-05,12.577394485473633
2023-01-06,13.297646522521973
2023-01-09,13.567740440368652
2023-01-10,14.008894920349121
2023-01-11,14.441045761108398
2023-01-12,15.179304122924805
2023-01-13,14.99023723602295
2023-01-17,14.567090034484863
2023-01-18,14.675126075744629
2023-01-19,14.999241828918457
2023-01-20,15.332356452941895
2023-01-23,15.87254524230957
2023-01-24,15.980582237243652
2023-01-25,15.809523582458496
2023-01-26,16.070615768432617
2023-01-27,16.304698944091797
2023-01-30,16.178653717041016
2023-01-31,16.043603897094727
2023-02-01,15.827528953552246
2023-02-02,16.025598526000977
2023-02-03,15.710490226745605
2023-02-06,15.341361045837402
2023-02-07,14.900205612182617
2023-02-08,14.882200241088867
2023-02-09,14.01789665222168
2023-02-10,14.098925590515137
2023-02-13,14.46805477142334
2023-02-14,14.387025833129883
2023-02-15,14.58509635925293
2023-02-16,14.305998802185059
2023-02-17,11.623061180114746
2023-02-21,11.983186721801758
2023-02-22,11.857142448425293
2023-02-23,11.920165061950684
2023-02-24,11.659072875976562
2023-02-27,11.127887725830078
2023-02-28,11.181906700134277
2023-03-01,10.749754905700684
2023-03-02,10.362621307373047
2023-03-03,10.344614028930664
2023-03-06,10.73175048828125
2023-03-07,10.749754905700684
2023-03-08,11.623061180114746
2023-03-09,11.118885040283203
2023-03-10,10.191560745239258
2023-03-13,9.84943962097168
2023-03-14,9.831435203552246
2023-03-15,9.867447853088379
2023-03-16,10.470658302307129
2023-03-17,10.73175048828125
2023-03-20,10.326607704162598
2023-03-21,10.605705261230469
2023-03-22,10.245579719543457
2023-03-23,9.588349342346191
2023-03-24,9.831435203552246
2023-03-27,10.101530075073242
2023-03-28,10.73175048828125
2023-03-29,10.704739570617676
2023-03-30,10.839787483215332
2023-03-31,10.68673324584961
2023-04-03,10.047510147094727
2023-04-04,9.822431564331055
2023-04-05,9.903459548950195
2023-04-06,9.750406265258789
2023-04-10,9.84943962097168
2023-04-11,11.073868751525879
2023-04-12,11.632063865661621
2023-04-13,12.505369186401367
2023-04-14,12.487363815307617
2023-04-17,12.361318588256836
2023-04-18,12.649419784545898
2023-04-19,12.055212020874023
2023-04-20,12.199261665344238
2023-04-21,12.109230995178223
2023-04-24,12.361318588256836
2023-04-25,12.163249969482422
2023-04-26,11.983186721801758
2023-04-27,12.640416145324707
2023-04-28,12.865494728088379
2023-05-01,12.739450454711914
2023-05-02,11.983186721801758
2023-05-03,12.082221031188965
2023-05-04,12.487363815307617
2023-05-05,13.423689842224121
2023-05-08,13.387677192687988
2023-05-09,13.621759414672852
2023-05-10,14.116931915283203
2023-05-11,13.981884956359863
2023-05-12,13.846837997436523
2023-05-15,14.179953575134277
2023-05-16,14.369020462036133
2023-05-17,15.062262535095215
2023-05-18,14.792168617248535
2023-05-19,15.548433303833008
2023-05-22,15.92656421661377
2023-05-23,15.764507293701172
2023-05-24,15.94456958770752
2023-05-25,16.57478904724121
2023-05-26,17.024948120117188
2023-05-30,16.2326717376709
2023-05-31,15.890552520751953
2023-06-01,16.241676330566406
2023-06-02,17.12398338317871
2023-06-05,16.99793815612793
2023-06-06,17.41208267211914
2023-06-07,17.979280471801758
2023-06-08,18.474456787109375
2023-06-09,18.501461029052734
2023-06-12,19.077667236328125
2023-06-13,18.384422302246094
2023-06-14,19.03264808654785
2023-06-15,19.680877685546875
2023-06-16,19.923959732055664
2023-06-20,21.26542854309082
2023-06-21,22.075712203979492
2023-06-22,21.28343391418457
2023-06-23,21.112377166748047
2023-06-26,20.73424530029297
2023-06-27,20.212060928344727
2023-06-28,20.365116119384766
2023-06-29,20.73424530029297
2023-06-30,21.12137794494629
2023-07-03,21.364463806152344
2023-07-05,21.220415115356445
2023-07-06,20.47315216064453
2023-07-07,21.292438507080078
2023-07-10,20.48215675354004
2023-07-11,20.842281341552734
2023-07-12,21.05835723876953
2023-07-13,20.950321197509766
2023-07-14,20.581192016601562
2023-07-17,21.112377166748047
2023-07-18,21.454496383666992
2023-07-19,21.445491790771484
2023-07-20,22.678924560546875
2023-07-21,23.669269561767578
2023-07-24,24.290485382080078
2023-07-25,24.05640411376953
2023-07-26,24.56058120727539
2023-07-27,23.7683048248291
2023-07-28,23.7683048248291
2023-07-31,24.317495346069336
2023-08-01,24.155439376831055
2023-08-02,23.795312881469727
2023-08-03,23.85833740234375
2023-08-04,23.7277889251709
2023-08-07,23.56123161315918
2023-08-08,23.633258819580078
2023-08-09,23.35416030883789
2023-08-10,23.11107635498047
2023-08-11,22.79596519470215
2023-08-14,22.86798858642578
2023-08-15,22.26477813720703
2023-08-16,22.300790786743164
2023-08-17,21.274431228637695
2023-08-18,22.399826049804688
2023-08-21,22.87699317932129
2023-08-22,23.606246948242188
2023-08-23,24.722637176513672
2023-08-24,23.633258819580078
2023-08-25,23.156089782714844
2023-08-28,23.300138473510742
2023-08-29,23.85833740234375
2023-08-30,23.534223556518555
2023-08-31,22.8139705657959
2023-09-01,23.72328758239746
2023-09-05,22.922008514404297
2023-09-06,22.741947174072266
2023-09-07,22.57988929748535
2023-09-08,22.390823364257812
2023-09-11,22.98078155517578
2023-09-12,23.10983657836914
2023-09-13,23.83806800842285
2023-09-14,23.653705596923828
2023-09-15,24.298974990844727
2023-09-18,24.381938934326172
2023-09-19,23.404815673828125
2023-09-20,23.20201873779297
2023-09-21,21.72711753845215
2023-09-22,21.551973342895508
2023-09-25,21.4137020111084
2023-09-26,20.94357681274414
2023-09-27,20.362836837768555
2023-09-28,21.18324851989746
2023-09-29,21.247774124145508
2023-10-02,21.1095027923584
2023-10-03,19.717565536499023
2023-10-04,20.307527542114258
2023-10-05,20.51954460144043
2023-10-06,20.242998123168945
2023-10-09,20.242998123168945
2023-10-10,20.56563377380371
2023-10-11,20.215347290039062
2023-10-12,19.717565536499023
2023-10-13,19.736003875732422
2023-10-16,19.8742733001709
2023-10-17,19.70834732055664
2023-10-18,19.118389129638672
2023-10-19,19.247440338134766
2023-10-20,19.487112045288086
2023-10-23,19.754440307617188
2023-10-24,19.23822593688965
2023-10-25,18.473121643066406
2023-10-26,18.887935638427734
2023-10-27,18.703575134277344
2023-10-30,18.030649185180664
2023-10-31,18.436246871948242
2023-11-01,18.740446090698242
2023-11-02,19.026206970214844
2023-11-03,19.791311264038086
2023-11-06,19.247440338134766
2023-11-07,20.39048957824707
2023-11-08,20.1784725189209
2023-11-09,19.855838775634766
2023-11-10,20.630159378051758
2023-11-13,20.482669830322266
2023-11-14,20.63937759399414
2023-11-15,21.579627990722656
2023-11-16,21.487445831298828
2023-11-17,21.63493537902832
2023-11-20,21.63493537902832
2023-11-21,21.1095027923584
2023-11-22,21.3768310546875
2023-11-24,21.51510238647461
2023-11-27,21.312301635742188
2023-11-28,21.65337371826172
2023-11-29,21.579627990722656
2023-11-30,21.469011306762695
2023-12-01,22.049753189086914
2023-12-04,20.915924072265625
2023-12-05,22.01287841796875
2023-12-06,21.791645050048828
2023-12-07,22.215679168701172
2023-12-08,21.96678924560547
2023-12-11,21.49666404724121
2023-12-12,21.353925704956055
2023-12-13,22.486328125
2023-12-14,24.113567352294922
2023-12-15,23.35228729248047
2023-12-18,24.760656356811523
2023-12-19,25.360164642333984
2023-12-20,24.684528350830078
2023-12-21,24.665494918823242
2023-12-22,24.893878936767578
2023-12-26,25.04613494873047
2023-12-27,25.48387336730957
2023-12-28,25.074684143066406
2023-12-29,24.80823516845703
2024-01-02,24.341951370239258
2024-01-03,23.790021896362305
2024-01-04,23.152450561523438
2024-01-05,23.95179557800293
2024-01-08,25.027103424072266
2024-01-09,23.742443084716797
2024-01-10,23.80905532836914
2024-01-11,23.999374389648438
2024-01-12,24.560819625854492
2024-01-16,24.265823364257812
2024-01-17,24.237274169921875
2024-01-18,23.79953956604004
2024-01-19,24.123083114624023
2024-01-22,24.25630760192871
2024-01-23,24.01840591430664
2024-01-24,24.237274169921875
2024-01-25,24.132598876953125
2024-01-26,24.522756576538086
2024-01-29,24.98904037475586
2024-01-30,23.79953956604004
2024-01-31,23.390350341796875
2024-02-01,23.980342864990234
2024-02-02,24.98904037475586
2024-02-05,24.065988540649414
2024-02-06,23.932762145996094
2024-02-07,23.60921859741211
2024-02-08,23.46647834777832
2024-02-09,23.742443084716797
2024-02-12,23.818571090698242
2024-02-13,23.11438751220703
2024-02-14,23.875667572021484
2024-02-15,23.875667572021484
2024-02-16,23.66631507873535
2024-02-20,23.989858627319336
2024-02-21,23.21906089782715
2024-02-22,23.56163787841797
2024-02-23,22.86697006225586
2024-02-26,22.943098068237305
2024-02-27,23.418899536132812
2024-02-28,22.57197380065918
2024-02-29,22.495845794677734
2024-03-01,22.752777099609375
2024-03-04,22.505361557006836
2024-03-05,22.61955451965332
2024-03-06,23.580671310424805
2024-03-07,23.65679931640625
2024-03-08,24.085018157958984
2024-03-11,24.17066192626953
2024-03-12,24.570335388183594
2024-03-13,24.665494918823242
2024-03-14,24.05647087097168
2024-03-15,24.14211654663086
2024-03-18,24.00889015197754
2024-03-19,23.79953956604004
2024-03-20,24.427595138549805
2024-03-21,24.35146713256836
2024-03-22,24.01840591430664
2024-03-25,24.05647087097168
2024-03-26,24.246789932250977
2024-03-27,24.25630760192871
2024-03-28,24.418079376220703
2024-04-01,23.999374389648438
2024-04-02,23.894699096679688
2024-04-03,23.704378128051758
2024-04-04,23.751956939697266
2024-04-05,23.475994110107422
2024-04-08,23.761474609375
2024-04-09,24.10405158996582
2024-04-10,23.01922607421875
2024-04-11,22.933582305908203
2024-04-12,22.229398727416992
2024-04-15,21.458599090576172
2024-04-16,20.64974021911621
2024-04-17,20.516515731811523
2024-04-18,20.050230026245117
2024-04-19,20.00265121459961
2024-04-22,20.088294982910156
2024-04-23,19.574430465698242
2024-04-24,19.641042709350586
2024-04-25,19.555397033691406
2024-04-26,20.040714263916016
2024-04-29,20.383291244506836
2024-04-30,19.47926902770996
2024-05-01,19.56491470336914
2024-05-02,20.10732650756836
2024-05-03,21.30634307861328
2024-05-06,21.325376510620117
2024-05-07,21.03989601135254
2024-05-08,21.372955322265625
2024-05-09,20.49748420715332
2024-05-10,20.535547256469727
2024-05-13,20.725868225097656
2024-05-14,20.840059280395508
2024-05-15,20.89715576171875
2024-05-16,20.868608474731445
2024-05-17,20.621191024780273
2024-05-20,20.545063018798828
2024-05-21,20.411840438842773
2024-05-22,17.119300842285156
2024-05-23,17.576068878173828
2024-05-24,17.77590560913086
2024-05-28,17.91864585876465
2024-05-29,17.43332862854004
2024-05-30,18.13751220703125
2024-05-31,18.07090187072754
2024-06-03,18.242189407348633
2024-06-04,18.07090187072754
2024-06-05,17.956710815429688
2024-06-06,18.22315788269043
2024-06-07,17.91864585876465
2024-06-10,17.73784065246582
2024-06-11,17.73784065246582
2024-06-12,17.14784812927246
2024-06-13,16.529308319091797
2024-06-14,16.34850311279297
2024-06-17,16.24382781982422
2024-06-18,16.5578556060791
2024-06-20,17.109783172607422
2024-06-21,16.776723861694336
2024-06-24,17.052688598632812
2024-06-25,17.024139404296875
2024-06-26,17.033655166625977
2024-06-27,17.109783172607422
2024-06-28,16.73866081237793
2024-07-01,16.015443801879883
2024-07-02,15.891736030578613
2024-07-03,16.015443801879883
2024-07-05,16.24382781982422
2024-07-08,16.24382781982422
2024-07-09,16.605436325073242
2024-07-10,17.366716384887695
2024-07-11,17.44284439086914
2024-07-12,17.547521591186523
2024-07-15,17.699777603149414
2024-07-16,17.794937133789062
2024-07-17,17.671228408813477
2024-07-18,16.814788818359375
2024-07-19,17.024139404296875
2024-07-22,17.471393585205078
2024-07-23,17.28107261657715
2024-07-24,16.65301513671875
2024-07-25,16.73866081237793
2024-07-26,16.871883392333984
2024-07-29,16.767208099365234
2024-07-30,16.481727600097656
2024-07-31,16.281892776489258
2024-08-01,15.825121879577637
2024-08-02,15.577707290649414
2024-08-05,15.178034782409668
2024-08-06,15.5872220993042
2024-08-07,15.882219314575195
2024-08-08,16.605436325073242
2024-08-09,17.185911178588867
2024-08-12,17.157365798950195
2024-08-13,17.547521591186523
2024-08-14,18.63234519958496
2024-08-15,18.841697692871094
2024-08-16,18.984437942504883
2024-08-19,19.032018661499023
2024-08-20,18.603797912597656
2024-08-21,18.489606857299805
2024-08-22,18.346866607666016
2024-08-23,18.651378631591797
2024-08-26,18.67041015625
2024-08-27,18.556217193603516
2024-08-28,18.204124450683594
2024-08-29,17.671228408813477
2024-08-30,17.518972396850586
2024-09-03,17.538005828857422
2024-09-04,17.38574981689453
2024-09-05,17.718809127807617
2024-09-06,17.30010414123535
2024-09-09,17.319137573242188
2024-09-10,17.223976135253906
2024-09-11,17.48090934753418
2024-09-12,17.690261840820312
2024-09-13,18.32783317565918
2024-09-16,18.518152236938477
2024-09-17,18.67041015625
2024-09-18,18.6799259185791
2024-09-19,18.803634643554688
2024-09-20,17.44284439086914
2024-09-23,16.672048568725586
2024-09-24,17.25252342224121
2024-09-25,16.909948348999023
2024-09-26,17.271556854248047
2024-09-27,17.319137573242188
2024-09-30,17.071720123291016
2024-10-01,17.157365798950195
2024-10-02,17.10026741027832
2024-10-03,17.062204360961914
2024-10-04,16.881399154663086
2024-10-07,16.871883392333984
2024-10-08,16.814788818359375
2024-10-09,16.34850311279297
2024-10-10,16.472211837768555
2024-10-11,16.69108009338379
2024-10-14,17.13833236694336
2024-10-15,16.710111618041992
2024-10-16,17.271556854248047
2024-10-17,17.28107261657715
2024-10-18,17.271556854248047
2024-10-21,17.204944610595703
2024-10-22,17.128816604614258
2024-10-23,16.65301513671875
2024-10-24,16.938495635986328
2024-10-25,16.767208099365234
2024-10-28,17.28107261657715
2024-10-29,16.900432586669922
2024-10-30,17.033655166625977
2024-10-31,16.61495018005371
2024-11-01,15.95834732055664
2024-11-04,16.767208099365234
2024-11-05,17.033655166625977
2024-11-06,17.062204360961914
2024-11-07,16.767208099365234
2024-11-08,16.24382781982422
2024-11-11,16.510276794433594
2024-11-12,16.00592613220215
2024-11-13,15.986894607543945
2024-11-14,15.872703552246094
2024-11-15,15.825121879577637
2024-11-18,16.043991088867188
2024-11-19,15.872703552246094
2024-11-20,14.91158676147461
2024-11-21,14.76884651184082
2024-11-22,15.111422538757324
2024-11-25,15.263679504394531
2024-11-26,15.254162788391113
2024-11-27,14.226433753967285
2024-11-29,12.884675979614258
2024-12-02,13.179673194885254
2024-12-03,12.77048397064209
2024-12-04,12.789515495300293
2024-12-05,12.865644454956055
2024-12-06,12.760968208312988
2024-12-09,12.780000686645508
2024-12-10,12.930000305175781
2024-12-11,13.100000381469727
2024-12-12,13.119999885559082
2024-12-13,13.140000343322754
2024-12-16,12.850000381469727
2024-12-17,12.989999771118164
2024-12-18,11.90999984741211
2024-12-19,12.100000381469727
2024-12-20,12.180000305175781
2024-12-23,12.140000343322754
2024-12-24,12.119999885559082
2024-12-26,12.180000305175781
2024-12-27,12.079999923706055
2024-12-30,11.779999732971191
2024-12-31,11.850000381469727
2025-01-02,11.8100004196167
2025-01-03,11.460000038146973
2025-01-06,11.399999618530273
2025-01-07,11.239999771118164
2025-01-08,11.050000190734863
2025-01-10,11.15999984741211
2025-01-13,11.550000190734863
2025-01-14,11.40999984741211
2025-01-15,11.920000076293945
2025-01-16,11.989999771118164
2025-01-17,11.989999771118164
2025-01-21,11.40999984741211
2025-01-22,12.079999923706055
2025-01-23,12.199999809265137
2025-01-24,12.789999961853027
2025-01-27,13.140000343322754
2025-01-28,13.300000190734863
2025-01-29,13.3100004196167
2025-01-30,14.0
2025-01-31,13.649999618530273
2025-02-03,13.8100004196167
2025-02-04,14.0
2025-02-05,13.949999809265137
2025-02-06,14.149999618530273
2025-02-07,13.930000305175781
2025-02-10,14.140000343322754
2025-02-11,14.25
2025-02-12,14.319999694824219
2025-02-13,14.34000015258789
2025-02-14,14.739999771118164
2025-02-18,15.020000457763672
2025-02-19,14.829999923706055
2025-02-20,15.050000190734863
2025-02-21,14.649999618530273
2025-02-24,14.5600004196167
2025-02-25,14.720000267028809
2025-02-26,14.680000305175781
2025-02-27,14.5
2025-02-28,14.149999618530273
2025-03-03,14.010000228881836
2025-03-04,14.0600004196167
2025-03-05,14.350000381469727
2025-03-06,14.550000190734863
2025-03-07,15.430000305175781
2025-03-10,15.149999618530273
2025-03-11,14.960000038146973
2025-03-12,14.140000343322754
2025-03-13,13.890000343322754
2025-03-14,14.670000076293945
2025-03-17,15.460000038146973
2025-03-18,15.270000457763672
2025-03-19,15.6899995803833
2025-03-20,15.210000038146973
2025-03-21,15.130000114440918
2025-03-24,14.739999771118164
2025-03-25,14.649999618530273
2025-03-26,14.859999656677246
2025-03-27,14.670000076293945
2025-03-28,14.800000190734863
2025-03-31,13.75
2025-04-01,14.149999618530273
2025-04-02,14.029999732971191
2025-04-03,14.229999542236328
2025-04-04,12.989999771118164
2025-04-07,12.760000228881836
2025-04-08,12.6899995803833
2025-04-09,13.40999984741211
2025-04-10,12.920000076293945
2025-04-11,13.460000038146973
2025-04-14,13.729999542236328
2025-04-15,13.729999542236328
2025-04-16,13.670000076293945
2025-04-17,13.960000038146973
2025-04-21,13.890000343322754
2025-04-22,14.479999542236328
2025-04-23,15.0600004196167
2025-04-24,15.5600004196167
2025-04-25,15.960000038146973
2025-04-28,16.209999084472656
2025-04-29,16.15999984741211
2025-04-30,16.100000381469727
2025-05-01,15.970000267028809
2025-05-02,16.18000030517578
2025-05-05,15.890000343322754
2025-05-06,15.789999961853027
2025-05-07,15.84000015258789
2025-05-08,17.59000015258789
2025-05-09,17.8700008392334
2025-05-12,17.899999618530273
2025-05-13,18.530000686645508
2025-05-14,18.90999984741211
2025-05-15,18.59000015258789
2025-05-16,18.770000457763672
2025-05-19,18.6299991607666
2025-05-20,18.559999465942383
2025-05-21,18.649999618530273
2025-05-22,18.690000534057617
2025-05-23,18.639999389648438
2025-05-27,19.25
2025-05-28,19.459999084472656
2025-05-29,19.25
2025-05-30,19.360000610351562
2025-06-02,19.489999771118164
2025-06-03,19.31999969482422
2025-06-04,19.579999923706055
2025-06-05,19.780000686645508
2025-06-06,19.709999084472656
2025-06-09,19.5
2025-06-10,19.959999084472656
2025-06-11,20.6200008392334
2025-06-12,19.729999542236328
2025-06-13,19.639999389648438
2025-06-16,20.030000686645508
2025-06-17,19.90999984741211
2025-06-18,19.850000381469727
2025-06-20,19.530000686645508
2025-06-23,19.25
2025-06-24,19.40999984741211
2025-06-25,19.270000457763672
2025-06-26,19.354999542236328
2025-06-27,19.700000762939453
2025-06-30,20.200000762939453
2025-07-01,19.799999237060547
2025-07-02,19.649999618530273
2025-07-03,19.799999237060547
2025-07-07,19.479999542236328
2025-07-08,19.329999923706055
2025-07-09,19.190000534057617
2025-07-10,18.610000610351562
2025-07-11,18.260000228881836
2025-07-14,17.959999084472656
2025-07-15,18.219999313354492
2025-07-16,18.280000686645508
2025-07-17,18.1200008392334
2025-07-18,17.170000076293945
2025-07-21,16.959999084472656
2025-07-22,16.81999969482422
2025-07-23,16.959999084472656
2025-07-24,16.649999618530273
2025-07-25,16.559999465942383
2025-07-28,16.219999313354492
2025-07-29,16.399999618530273
2025-07-30,16.420000076293945
2025-07-31,16.139999389648438
2025-08-01,16.354999542236328
2025-08-04,16.690000534057617
2025-08-05,16.760000228881836
2025-08-06,17.139999389648438
2025-08-07,17.34000015258789
2025-08-08,17.31999969482422
2025-08-11,16.700000762939453
2025-08-12,17.43000030517578
2025-08-13,17.489999771118164
2025-08-14,17.389999389648438
2025-08-15,17.559999465942383
2025-08-18,17.5
2025-08-19,16.0
2025-08-20,16.045000076293945
2025-08-21,16.170000076293945
2025-08-22,16.459999084472656
2025-08-25,16.719999313354492
2025-08-26,16.760000228881836
2025-08-27,17.100000381469727
2025-08-28,18.584999084472656
2025-08-29,18.139999389648438
2025-09-02,17.8799991607666
2025-09-03,17.809999465942383
2025-09-04,17.899999618530273
2025-09-05,18.90999984741211
2025-09-08,18.530000686645508
2025-09-09,18.209999084472656
2025-09-10,18.65999984741211
2025-09-11,18.90999984741211
2025-09-12,18.8700008392334
2025-09-15,18.75
2025-09-16,19.139999389648438
2025-09-17,19.950000762939453
2025-09-18,20.110000610351562
2025-09-19,19.760000228881836
