Date,ZWS
2012-03-29,9.154290199279785
2012-03-30,9.657777786254883
2012-04-02,9.946138381958008
2012-04-03,9.863747596740723
2012-04-04,9.854594230651855
2012-04-05,9.868325233459473
2012-04-09,9.822552680969238
2012-04-10,9.81797981262207
2012-04-11,9.886636734008789
2012-04-12,9.973600387573242
2012-04-13,9.859169960021973
2012-04-16,9.863747596740723
2012-04-17,9.904945373535156
2012-04-18,10.005640983581543
2012-04-19,9.886636734008789
2012-04-20,9.81797981262207
2012-04-23,9.795090675354004
2012-04-24,9.859169960021973
2012-04-25,9.859169960021973
2012-04-26,9.854594230651855
2012-04-27,9.891212463378906
2012-04-30,10.106337547302246
2012-05-01,10.069718360900879
2012-05-02,10.083451271057129
2012-05-03,9.978177070617676
2012-05-04,9.900364875793457
2012-05-07,10.078874588012695
2012-05-08,9.936984062194824
2012-05-09,9.822552680969238
2012-05-10,9.950716018676758
2012-05-11,10.083451271057129
2012-05-14,9.845438957214355
2012-05-15,9.296184539794922
2012-05-16,9.145135879516602
2012-05-17,9.126830101013184
2012-05-18,8.856779098510742
2012-05-21,9.012398719787598
2012-05-22,9.058170318603516
2012-05-23,9.030708312988281
2012-05-24,9.081055641174316
2012-05-25,9.43349838256836
2012-05-29,9.401460647583008
2012-05-30,9.33737850189209
2012-05-31,9.062747955322266
2012-06-01,8.701155662536621
2012-06-04,8.788121223449707
2012-06-05,8.742348670959473
2012-06-06,9.003244400024414
2012-06-07,9.154290199279785
2012-06-08,9.296184539794922
2012-06-11,9.117674827575684
2012-06-12,9.131403923034668
2012-06-13,8.897970199584961
2012-06-14,8.984936714172363
2012-06-15,8.925435066223145
2012-06-18,9.346531867980957
2012-06-19,9.145135879516602
2012-06-20,9.154290199279785
2012-06-21,9.195484161376953
2012-06-22,9.085633277893066
2012-06-25,8.76980972290039
2012-06-26,9.026131629943848
2012-06-27,9.026131629943848
2012-06-28,8.806427955627441
2012-06-29,9.172599792480469
2012-07-02,9.309915542602539
2012-07-03,9.529617309570312
2012-07-05,9.6806640625
2012-07-06,9.364840507507324
2012-07-09,9.1130952835083
2012-07-10,8.952895164489746
2012-07-11,8.838467597961426
2012-07-12,8.820159912109375
2012-07-13,8.90255069732666
2012-07-16,8.994091987609863
2012-07-17,9.163445472717285
2012-07-18,9.204638481140137
2012-07-19,9.117674827575684
2012-07-20,8.84304428100586
2012-07-23,8.719466209411621
2012-07-24,8.696576118469238
2012-07-25,8.811006546020508
2012-07-26,8.710311889648438
2012-07-27,9.003244400024414
2012-07-30,8.774391174316406
2012-07-31,8.879660606384277
2012-08-01,8.815582275390625
2012-08-02,7.236465930938721
2012-08-03,7.085421562194824
2012-08-06,7.089997291564941
2012-08-07,7.09457540512085
2012-08-08,7.1311936378479
2012-08-09,7.112883567810059
2012-08-10,7.108305931091309
2012-08-13,7.0396504402160645
2012-08-14,6.893181324005127
2012-08-15,7.067113399505615
2012-08-16,7.2090044021606445
2012-08-17,7.103730201721191
2012-08-20,7.016765117645264
2012-08-21,7.103730201721191
2012-08-22,7.181541442871094
2012-08-23,6.95726203918457
2012-08-24,6.975570201873779
2012-08-27,6.902335166931152
2012-08-28,6.938952922821045
2012-08-29,6.9709930419921875
2012-08-30,6.879449367523193
2012-08-31,6.888603687286377
2012-09-04,7.1861186027526855
2012-09-05,7.085421562194824
2012-09-06,7.401244163513184
2012-09-07,7.447015762329102
2012-09-10,7.52025032043457
2012-09-11,7.785723686218262
2012-09-12,8.032891273498535
2012-09-13,8.147316932678223
2012-09-14,8.38532829284668
2012-09-17,8.307520866394043
2012-09-18,8.586727142333984
2012-09-19,8.623343467712402
2012-09-20,8.591300964355469
2012-09-21,8.605032920837402
2012-09-24,8.444835662841797
2012-09-25,8.353290557861328
2012-09-26,8.334980964660645
2012-09-27,8.357868194580078
2012-09-28,8.339561462402344
2012-10-01,8.348716735839844
2012-10-02,8.353290557861328
2012-10-03,8.32125186920166
2012-10-04,8.18393325805664
2012-10-05,8.028314590454102
2012-10-08,7.781147480010986
2012-10-09,7.712491512298584
2012-10-10,7.730799198150635
2012-10-11,8.019158363342285
2012-10-12,7.685028076171875
2012-10-15,7.767414093017578
2012-10-16,8.00085163116455
2012-10-17,8.051199913024902
2012-10-18,8.00085163116455
2012-10-19,7.730799198150635
2012-10-22,7.698758602142334
2012-10-23,7.620947360992432
2012-10-24,7.680450916290283
2012-10-25,7.799457550048828
2012-10-26,8.00085163116455
2012-10-31,8.29378604888916
2012-11-01,8.394485473632812
2012-11-02,8.138164520263672
2012-11-05,8.193092346191406
2012-11-06,8.20224380493164
2012-11-07,8.444835662841797
2012-11-08,8.330406188964844
2012-11-09,8.215975761413574
2012-11-12,8.467719078063965
2012-11-13,8.605032920837402
2012-11-14,8.554686546325684
2012-11-15,8.623343467712402
2012-11-16,8.701155662536621
2012-11-19,9.090210914611816
2012-11-20,9.044438362121582
2012-11-21,9.22752571105957
2012-11-23,9.502154350280762
2012-11-26,9.497577667236328
2012-11-27,9.470114707946777
2012-11-28,9.666932106018066
2012-11-29,9.895788192749023
2012-11-30,9.785937309265137
2012-12-03,9.868325233459473
2012-12-04,9.863747596740723
2012-12-05,9.918676376342773
2012-12-06,9.882059097290039
2012-12-07,9.932404518127441
2012-12-10,9.969023704528809
2012-12-11,9.932404518127441
2012-12-12,9.78135871887207
2012-12-13,9.584543228149414
2012-12-14,9.584543228149414
2012-12-17,9.657777786254883
2012-12-18,9.703550338745117
2012-12-19,9.621160507202148
2012-12-20,9.726432800292969
2012-12-21,9.827129364013672
2012-12-24,9.717281341552734
2012-12-26,9.703550338745117
2012-12-27,9.561657905578613
2012-12-28,9.557077407836914
2012-12-31,9.749320030212402
2013-01-02,9.941561698913574
2013-01-03,9.740164756774902
2013-01-04,9.694396018981934
2013-01-07,9.351107597351074
2013-01-08,9.135982513427734
2013-01-09,9.154290199279785
2013-01-10,9.126830101013184
2013-01-11,9.154290199279785
2013-01-14,8.875083923339844
2013-01-15,9.039862632751465
2013-01-16,9.081055641174316
2013-01-17,9.062747955322266
2013-01-18,9.0673246383667
2013-01-22,9.22752571105957
2013-01-23,9.149713516235352
2013-01-24,9.154290199279785
2013-01-25,9.419767379760742
2013-01-28,9.612009048461914
2013-01-29,9.479270935058594
2013-01-30,9.154290199279785
2013-01-31,9.145135879516602
2013-02-01,9.154290199279785
2013-02-04,8.893396377563477
2013-02-05,9.126830101013184
2013-02-06,9.305337905883789
2013-02-07,9.245835304260254
2013-02-08,9.287028312683105
2013-02-11,9.250410079956055
2013-02-12,9.612009048461914
2013-02-13,9.291607856750488
2013-02-14,9.314494132995605
2013-02-15,9.360261917114258
2013-02-19,9.23668098449707
2013-02-20,9.328224182128906
2013-02-21,9.250410079956055
2013-02-22,9.383150100708008
2013-02-25,9.268719673156738
2013-02-26,9.23668098449707
2013-02-27,9.296184539794922
2013-02-28,9.32364559173584
2013-03-01,9.291607856750488
2013-03-04,9.277873039245605
2013-03-05,9.419767379760742
2013-03-06,9.593697547912598
2013-03-07,9.767626762390137
2013-03-08,9.996485710144043
2013-03-11,9.740164756774902
2013-03-12,9.657777786254883
2013-03-13,9.685239791870117
2013-03-14,9.78135871887207
2013-03-15,9.758474349975586
2013-03-18,9.795090675354004
2013-03-19,9.726432800292969
2013-03-20,9.795090675354004
2013-03-21,9.80424690246582
2013-03-22,10.065143585205078
2013-03-25,9.904945373535156
2013-03-26,9.91409683227539
2013-03-27,9.80882453918457
2013-03-28,9.717281341552734
2013-04-01,9.383150100708008
2013-04-02,9.511310577392578
2013-04-03,9.442651748657227
2013-04-04,9.351107597351074
2013-04-05,9.145135879516602
2013-04-08,9.1085205078125
2013-04-09,9.044438362121582
2013-04-10,8.691998481750488
2013-04-11,8.696576118469238
2013-04-12,8.724040985107422
2013-04-15,8.344137191772461
2013-04-16,8.399063110351562
2013-04-17,8.220550537109375
2013-04-18,8.115278244018555
2013-04-19,8.211400032043457
2013-04-22,8.225131034851074
2013-04-23,8.339561462402344
2013-04-24,8.32125186920166
2013-04-25,8.312094688415527
2013-04-26,8.284632682800293
2013-04-29,8.298365592956543
2013-04-30,8.339561462402344
2013-05-01,8.096970558166504
2013-05-02,7.93677282333374
2013-05-03,7.91846227645874
2013-05-06,7.927616119384766
2013-05-07,7.868112564086914
2013-05-08,7.822340488433838
2013-05-09,7.831496715545654
2013-05-10,7.987120151519775
2013-05-13,7.91846227645874
2013-05-14,8.014578819274902
2013-05-15,8.302943229675293
2013-05-16,8.23428726196289
2013-05-17,8.243438720703125
2013-05-20,8.161051750183105
2013-05-21,8.710311889648438
2013-05-22,8.605032920837402
2013-05-23,8.696576118469238
2013-05-24,8.714886665344238
2013-05-28,8.96662712097168
2013-05-29,8.911704063415527
2013-05-30,9.062747955322266
2013-05-31,9.126830101013184
2013-06-03,8.760656356811523
2013-06-04,8.916278839111328
2013-06-05,8.705731391906738
2013-06-06,8.778965950012207
2013-06-07,8.975781440734863
2013-06-10,8.861353874206543
2013-06-11,8.627920150756836
2013-06-12,8.609609603881836
2013-06-13,8.330406188964844
2013-06-14,8.20224380493164
2013-06-17,7.60721492767334
2013-06-18,7.666718006134033
2013-06-19,7.506518840789795
2013-06-20,7.401244163513184
2013-06-21,7.836073398590088
2013-06-24,7.625523567199707
2013-06-25,7.771993637084961
2013-06-26,7.822340488433838
2013-06-27,7.996273994445801
2013-06-28,7.712491512298584
2013-07-01,8.078665733337402
2013-07-02,8.060354232788086
2013-07-03,7.93677282333374
2013-07-05,8.27547836303711
2013-07-08,8.19766902923584
2013-07-09,8.225131034851074
2013-07-10,8.408215522766113
2013-07-11,8.600455284118652
2013-07-12,8.691998481750488
2013-07-15,8.609609603881836
2013-07-16,8.705731391906738
2013-07-17,8.673690795898438
2013-07-18,8.64622688293457
2013-07-19,8.600455284118652
2013-07-22,8.600455284118652
2013-07-23,8.605032920837402
2013-07-24,8.545530319213867
2013-07-25,8.56383991241455
2013-07-26,8.261750221252441
2013-07-29,8.371603012084961
2013-07-30,8.376176834106445
2013-07-31,8.682847023010254
2013-08-01,8.623343467712402
2013-08-02,8.550108909606934
2013-08-05,8.550108909606934
2013-08-06,8.5272216796875
2013-08-07,8.389906883239746
2013-08-08,8.64622688293457
2013-08-09,8.623343467712402
2013-08-12,8.600455284118652
2013-08-13,8.705731391906738
2013-08-14,8.97120475769043
2013-08-15,8.52264404296875
2013-08-16,8.627920150756836
2013-08-19,8.467719078063965
2013-08-20,8.586727142333984
2013-08-21,8.824737548828125
2013-08-22,8.925435066223145
2013-08-23,9.090210914611816
2013-08-26,9.168020248413086
2013-08-27,8.829316139221191
2013-08-28,8.5272216796875
2013-08-29,8.797274589538574
2013-08-30,8.783544540405273
2013-09-03,8.728616714477539
2013-09-04,8.84304428100586
2013-09-05,8.788121223449707
2013-09-06,8.733193397521973
2013-09-09,8.916278839111328
2013-09-10,9.158867835998535
2013-09-11,8.984936714172363
2013-09-12,9.099366188049316
2013-09-13,9.117674827575684
2013-09-16,9.117674827575684
2013-09-17,9.154290199279785
2013-09-18,9.355687141418457
2013-09-19,9.218371391296387
2013-09-20,9.172599792480469
2013-09-23,9.218371391296387
2013-09-24,9.410613059997559
2013-09-25,9.506731986999512
2013-09-26,9.45638370513916
2013-09-27,9.543350219726562
2013-09-30,9.520465850830078
2013-10-01,9.373995780944824
2013-10-02,9.543350219726562
2013-10-03,9.33737850189209
2013-10-04,9.525040626525879
2013-10-07,9.33737850189209
2013-10-08,9.172599792480469
2013-10-09,9.305337905883789
2013-10-10,9.689817428588867
2013-10-11,9.840864181518555
2013-10-14,9.630314826965332
2013-10-15,9.355687141418457
2013-10-16,9.520465850830078
2013-10-17,9.575390815734863
2013-10-18,9.822552680969238
2013-10-21,10.152109146118164
2013-10-22,9.790513038635254
2013-10-23,9.776782989501953
2013-10-24,10.275690078735352
2013-10-25,10.042258262634277
2013-10-28,10.344347953796387
2013-10-29,10.664749145507812
2013-10-30,10.541168212890625
2013-10-31,10.765448570251465
2013-11-01,10.55489730834961
2013-11-04,10.710521697998047
2013-11-05,10.669329643249512
2013-11-06,10.756294250488281
2013-11-07,10.641867637634277
2013-11-08,10.651019096374512
2013-11-11,10.641867637634277
2013-11-12,10.710521697998047
2013-11-13,10.893608093261719
2013-11-14,10.911914825439453
2013-11-15,10.998880386352539
2013-11-18,11.01261043548584
2013-11-19,10.975996971130371
2013-11-20,10.916488647460938
2013-11-21,11.003458023071289
2013-11-22,11.14534854888916
2013-11-25,11.104155540466309
2013-11-26,11.136195182800293
2013-11-27,11.186545372009277
2013-11-29,11.12704086303711
2013-12-02,10.8157958984375
2013-12-03,10.980573654174805
2013-12-04,10.989725112915039
2013-12-05,11.113309860229492
2013-12-06,11.4016695022583
2013-12-09,11.529830932617188
2013-12-10,11.630525588989258
2013-12-11,11.159083366394043
2013-12-12,11.01261043548584
2013-12-13,11.369630813598633
2013-12-16,11.419977188110352
2013-12-17,11.447439193725586
2013-12-18,11.671719551086426
2013-12-19,11.712916374206543
2013-12-20,11.973812103271484
2013-12-23,12.143168449401855
2013-12-24,12.253019332885742
2013-12-26,12.216404914855957
2013-12-27,12.243865013122559
2013-12-30,12.225556373596191
2013-12-31,12.362869262695312
2014-01-02,12.413220405578613
2014-01-03,12.564261436462402
2014-01-06,12.98078441619873
2014-01-07,13.040288925170898
2014-01-08,12.715312957763672
2014-01-09,12.742773056030273
2014-01-10,12.660383224487305
2014-01-13,12.47729778289795
2014-01-14,12.811432838439941
2014-01-15,12.852624893188477
2014-01-16,12.921281814575195
2014-01-17,13.09521198272705
2014-01-21,13.104369163513184
2014-01-22,13.150138854980469
2014-01-23,13.086057662963867
2014-01-24,12.687847137451172
2014-01-27,12.65123176574707
2014-01-28,12.550531387329102
2014-01-29,12.111127853393555
2014-01-30,12.037893295288086
2014-01-31,11.891423225402832
2014-02-03,11.82276725769043
2014-02-04,11.900578498840332
2014-02-05,11.909733772277832
2014-02-06,12.262175559997559
2014-02-07,12.48187255859375
2014-02-10,12.710733413696289
2014-02-11,12.742773056030273
2014-02-12,12.765660285949707
2014-02-13,12.944169044494629
2014-02-14,13.040288925170898
2014-02-18,13.241683006286621
2014-02-19,13.031132698059082
2014-02-20,13.241683006286621
2014-02-21,13.20964241027832
2014-02-24,13.337803840637207
2014-02-25,13.388151168823242
2014-02-26,13.420191764831543
2014-02-27,13.626164436340332
2014-02-28,13.72685718536377
2014-03-03,13.35153579711914
2014-03-04,13.717704772949219
2014-03-05,13.639892578125
2014-03-06,13.855020523071289
2014-03-07,14.106764793395996
2014-03-10,13.996912956237793
2014-03-11,13.621586799621582
2014-03-12,13.56208324432373
2014-03-13,13.191336631774902
2014-03-14,12.999094009399414
2014-03-17,13.278300285339355
2014-03-18,13.406458854675293
2014-03-19,13.342379570007324
2014-03-20,13.31491756439209
2014-03-21,13.543774604797363
2014-03-24,13.163874626159668
2014-03-25,13.479695320129395
2014-03-26,13.21879768371582
2014-03-27,13.035710334777832
2014-03-28,13.035710334777832
2014-03-31,13.264571189880371
2014-04-01,13.310340881347656
2014-04-02,13.621586799621582
2014-04-03,13.530040740966797
2014-04-04,13.131830215454102
2014-04-07,12.797698974609375
2014-04-08,12.697003364562988
2014-04-09,13.035710334777832
2014-04-10,12.527647972106934
2014-04-11,12.216404914855957
2014-04-14,12.29421329498291
2014-04-15,12.335410118103027
2014-04-16,12.545954704284668
2014-04-17,12.733620643615723
2014-04-21,12.73819637298584
2014-04-22,12.925859451293945
2014-04-23,12.587150573730469
2014-04-24,12.486454010009766
2014-04-25,12.138591766357422
2014-04-28,12.27590560913086
2014-04-29,12.184362411499023
2014-04-30,12.239287376403809
2014-05-01,12.147743225097656
2014-05-02,12.541379928588867
2014-05-05,12.51849365234375
2014-05-06,12.42695140838623
2014-05-07,12.532225608825684
2014-05-08,12.257594108581543
2014-05-09,12.138591766357422
2014-05-12,12.710733413696289
2014-05-13,12.596305847167969
2014-05-14,12.289637565612793
2014-05-15,12.225556373596191
2014-05-16,12.339982986450195
2014-05-19,12.5001859664917
2014-05-20,12.321677207946777
2014-05-21,12.175207138061523
2014-05-22,11.772416114807129
2014-05-23,12.47729778289795
2014-05-27,12.774812698364258
2014-05-28,11.9829683303833
2014-05-29,11.625950813293457
2014-05-30,11.703760147094727
2014-06-02,11.749531745910645
2014-06-03,11.831920623779297
2014-06-04,12.422375679016113
2014-06-05,12.916703224182129
2014-06-06,13.072328567504883
2014-06-09,13.232528686523438
2014-06-10,13.237107276916504
2014-06-11,13.21879768371582
2014-06-12,12.907550811767578
2014-06-13,12.999094009399414
2014-06-16,13.122675895690918
2014-06-17,13.159296035766602
2014-06-18,13.182181358337402
2014-06-19,13.154718399047852
2014-06-20,13.136408805847168
2014-06-23,12.971630096435547
2014-06-24,12.884664535522461
2014-06-25,13.054021835327148
2014-06-26,13.086057662963867
2014-06-27,13.003670692443848
2014-06-30,12.884664535522461
2014-07-01,13.108946800231934
2014-07-02,13.0631742477417
2014-07-03,13.205066680908203
2014-07-07,13.173026084899902
2014-07-08,13.182181358337402
2014-07-09,13.282876014709473
2014-07-10,13.365265846252441
2014-07-11,13.397306442260742
2014-07-14,13.406458854675293
2014-07-15,13.378996849060059
2014-07-16,13.374421119689941
2014-07-17,13.122675895690918
2014-07-18,13.33322525024414
2014-07-21,13.31491756439209
2014-07-22,13.31949520111084
2014-07-23,13.259993553161621
2014-07-24,13.163874626159668
2014-07-25,13.008247375488281
2014-07-28,12.729043006896973
2014-07-29,12.610033988952637
2014-07-30,12.761082649230957
2014-07-31,12.317100524902344
2014-08-01,12.124861717224121
2014-08-04,12.216404914855957
2014-08-05,12.16147518157959
2014-08-06,12.115705490112305
2014-08-07,12.353716850280762
2014-08-08,12.568840980529785
2014-08-11,12.513916015625
2014-08-12,12.326254844665527
2014-08-13,12.326254844665527
2014-08-14,12.344561576843262
2014-08-15,12.449833869934082
2014-08-18,12.820585250854492
2014-08-19,12.848050117492676
2014-08-20,12.976207733154297
2014-08-21,13.250837326049805
2014-08-22,13.259993553161621
2014-08-25,13.30576229095459
2014-08-26,13.29202938079834
2014-08-27,13.255414962768555
2014-08-28,13.33322525024414
2014-08-29,13.369843482971191
2014-09-02,13.443078994750977
2014-09-03,13.415613174438477
2014-09-04,13.406458854675293
2014-09-05,13.498002052307129
2014-09-08,13.644471168518066
2014-09-09,13.278300285339355
2014-09-10,13.452235221862793
2014-09-11,13.507157325744629
2014-09-12,13.392727851867676
2014-09-15,13.342379570007324
2014-09-16,13.42934513092041
2014-09-17,13.397306442260742
2014-09-18,13.438499450683594
2014-09-19,13.594122886657715
2014-09-22,13.191336631774902
2014-09-23,13.205066680908203
2014-09-24,13.150138854980469
2014-09-25,12.925859451293945
2014-09-26,12.971630096435547
2014-09-29,13.012825012207031
2014-09-30,13.021976470947266
2014-10-01,12.875508308410645
2014-10-02,12.880085945129395
2014-10-03,12.939592361450195
2014-10-06,12.669537544250488
2014-10-07,12.440681457519531
2014-10-08,12.568840980529785
2014-10-09,12.170631408691406
2014-10-10,11.94635009765625
2014-10-13,11.635103225708008
2014-10-14,11.717488288879395
2014-10-15,11.781573295593262
2014-10-16,12.005854606628418
2014-10-17,12.211827278137207
2014-10-20,12.253019332885742
2014-10-21,12.532225608825684
2014-10-22,12.303370475769043
2014-10-23,12.577993392944336
2014-10-24,12.596305847167969
2014-10-27,12.40406608581543
2014-10-28,12.944169044494629
2014-10-29,12.816008567810059
2014-10-30,13.090636253356934
2014-10-31,13.525466918945312
2014-11-03,13.310340881347656
2014-11-04,13.182181358337402
2014-11-05,13.31491756439209
2014-11-06,13.388151168823242
2014-11-07,12.806855201721191
2014-11-10,12.820585250854492
2014-11-11,12.761082649230957
2014-11-12,12.4727201461792
2014-11-13,12.124861717224121
2014-11-14,12.230134010314941
2014-11-17,12.330831527709961
2014-11-18,12.39491081237793
2014-11-19,12.317100524902344
2014-11-20,12.399489402770996
2014-11-21,12.326254844665527
2014-11-24,12.40406608581543
2014-11-25,12.701579093933105
2014-11-26,12.774812698364258
2014-11-28,12.610033988952637
2014-12-01,12.385757446289062
2014-12-02,12.573417663574219
2014-12-03,12.86177921295166
2014-12-04,12.63292121887207
2014-12-05,12.811432838439941
2014-12-08,12.399489402770996
2014-12-09,12.582571983337402
2014-12-10,12.069933891296387
2014-12-11,12.202670097351074
2014-12-12,11.82276725769043
2014-12-15,11.804459571838379
2014-12-16,11.891423225402832
2014-12-17,12.138591766357422
2014-12-18,12.417798042297363
2014-12-19,12.678693771362305
2014-12-22,12.674118995666504
2014-12-23,12.870932579040527
2014-12-24,12.898397445678711
2014-12-26,12.962475776672363
2014-12-29,13.012825012207031
2014-12-30,13.118097305297852
2014-12-31,12.912127494812012
2015-01-02,12.788546562194824
2015-01-05,12.28048324584961
2015-01-06,12.074511528015137
2015-01-07,12.092818260192871
2015-01-08,12.207249641418457
2015-01-09,12.19809341430664
2015-01-12,12.147743225097656
2015-01-13,12.15231990814209
2015-01-14,11.831920623779297
2015-01-15,11.452020645141602
2015-01-16,11.699185371398926
2015-01-20,11.369630813598633
2015-01-21,11.589335441589355
2015-01-22,11.854804992675781
2015-01-23,11.740377426147461
2015-01-26,11.790726661682129
2015-01-27,11.543563842773438
2015-01-28,11.209429740905762
2015-01-29,11.259778022766113
2015-01-30,11.328435897827148
2015-02-02,11.46574878692627
2015-02-03,11.859384536743164
2015-02-04,11.70833969116211
2015-02-05,12.05162525177002
2015-02-06,12.18894100189209
2015-02-09,12.257594108581543
2015-02-10,12.339982986450195
2015-02-11,12.495606422424316
2015-02-12,12.710733413696289
2015-02-13,12.747349739074707
2015-02-17,12.902975082397461
2015-02-18,12.719889640808105
2015-02-19,12.761082649230957
2015-02-20,12.64665412902832
2015-02-23,12.504761695861816
2015-02-24,12.445259094238281
2015-02-25,12.51849365234375
2015-02-26,12.64207935333252
2015-02-27,12.61919116973877
2015-03-02,12.86177921295166
2015-03-03,12.719889640808105
2015-03-04,12.541379928588867
2015-03-05,12.610033988952637
2015-03-06,12.468144416809082
2015-03-09,12.568840980529785
2015-03-10,12.170631408691406
2015-03-11,12.138591766357422
2015-03-12,12.138591766357422
2015-03-13,12.019585609436035
2015-03-16,12.024163246154785
2015-03-17,12.047048568725586
2015-03-18,12.111127853393555
2015-03-19,11.973812103271484
2015-03-20,11.964658737182617
2015-03-23,12.097397804260254
2015-03-24,12.202670097351074
2015-03-25,12.124861717224121
2015-03-26,12.024163246154785
2015-03-27,12.115705490112305
2015-03-30,12.216404914855957
2015-03-31,12.216404914855957
2015-04-01,12.175207138061523
2015-04-02,12.166053771972656
2015-04-06,12.18894100189209
2015-04-07,12.088242530822754
2015-04-08,11.69002914428711
2015-04-09,11.419977188110352
2015-04-10,11.447439193725586
2015-04-13,11.671719551086426
2015-04-14,11.735800743103027
2015-04-15,12.079089164733887
2015-04-16,12.069933891296387
2015-04-17,12.042472839355469
2015-04-20,12.015007972717285
2015-04-21,11.978389739990234
2015-04-22,12.05162525177002
2015-04-23,12.106552124023438
2015-04-24,11.93719482421875
2015-04-27,12.225556373596191
2015-04-28,12.248441696166992
2015-04-29,12.27132797241211
2015-04-30,12.124861717224121
2015-05-01,12.248441696166992
2015-05-04,12.27590560913086
2015-05-05,12.184362411499023
2015-05-06,12.211827278137207
2015-05-07,12.134015083312988
2015-05-08,12.207249641418457
2015-05-11,12.285058975219727
2015-05-12,12.312521934509277
2015-05-13,12.468144416809082
2015-05-14,12.623770713806152
2015-05-15,12.623770713806152
2015-05-18,12.545954704284668
2015-05-19,12.431528091430664
2015-05-20,12.417798042297363
2015-05-21,11.612217903137207
2015-05-22,11.795305252075195
2015-05-26,11.813612937927246
2015-05-27,12.042472839355469
2015-05-28,11.891423225402832
2015-05-29,11.726646423339844
2015-06-01,11.758684158325195
2015-06-02,11.772416114807129
2015-06-03,12.024163246154785
2015-06-04,11.786148071289062
2015-06-05,11.754109382629395
2015-06-08,11.653411865234375
2015-06-09,11.667145729064941
2015-06-10,11.593911170959473
2015-06-11,11.603065490722656
2015-06-12,11.676299095153809
2015-06-15,11.749531745910645
2015-06-16,11.891423225402832
2015-06-17,12.028738021850586
2015-06-18,12.193514823913574
2015-06-19,11.896001815795898
2015-06-22,11.9417724609375
2015-06-23,11.657992362976074
2015-06-24,11.552718162536621
2015-06-25,11.387937545776367
2015-06-26,11.168235778808594
2015-06-29,10.733407974243164
2015-06-30,10.943954467773438
2015-07-01,11.008034706115723
2015-07-02,10.866147994995117
2015-07-06,10.770023345947266
2015-07-07,10.770023345947266
2015-07-08,10.600668907165527
2015-07-09,10.559478759765625
2015-07-10,10.605247497558594
2015-07-13,10.751716613769531
2015-07-14,10.742562294006348
2015-07-15,10.413006782531738
2015-07-16,10.413006782531738
2015-07-17,10.440469741821289
2015-07-20,10.353503227233887
2015-07-21,10.188726425170898
2015-07-22,10.069718360900879
2015-07-23,9.946138381958008
2015-07-24,9.795090675354004
2015-07-27,9.644046783447266
2015-07-28,9.717281341552734
2015-07-29,9.831710815429688
2015-07-30,9.827129364013672
2015-07-31,9.703550338745117
2015-08-03,9.561657905578613
2015-08-04,9.657777786254883
2015-08-05,9.78135871887207
2015-08-06,9.598271369934082
2015-08-07,9.575390815734863
2015-08-10,9.904945373535156
2015-08-11,9.831710815429688
2015-08-12,9.795090675354004
2015-08-13,9.721858978271484
2015-08-14,9.758474349975586
2015-08-17,9.80424690246582
2015-08-18,9.749320030212402
2015-08-19,9.515886306762695
2015-08-20,9.369418144226074
2015-08-21,8.998669624328613
2015-08-24,8.957472801208496
2015-08-25,8.64622688293457
2015-08-26,8.724040985107422
2015-08-27,8.925435066223145
2015-08-28,9.085633277893066
2015-08-31,9.177175521850586
2015-09-01,8.925435066223145
2015-09-02,9.021553993225098
2015-09-03,9.076478958129883
2015-09-04,8.96662712097168
2015-09-08,9.181756019592285
2015-09-09,9.035284996032715
2015-09-10,8.994091987609863
2015-09-11,8.884242057800293
2015-09-14,8.691998481750488
2015-09-15,8.861353874206543
2015-09-16,8.952895164489746
2015-09-17,8.824737548828125
2015-09-18,8.623343467712402
2015-09-21,8.687422752380371
2015-09-22,8.540953636169434
2015-09-23,8.312094688415527
2015-09-24,8.270902633666992
2015-09-25,8.124435424804688
2015-09-28,7.822340488433838
2015-09-29,7.707912921905518
2015-09-30,7.771993637084961
2015-10-01,7.648410797119141
2015-10-02,7.8726911544799805
2015-10-05,8.042046546936035
2015-10-06,8.101548194885254
2015-10-07,8.18393325805664
2015-10-08,8.490606307983398
2015-10-09,8.426525115966797
2015-10-12,8.367021560668945
2015-10-13,8.330406188964844
2015-10-14,8.165630340576172
2015-10-15,8.055776596069336
2015-10-16,7.858958721160889
2015-10-19,7.826920032501221
2015-10-20,8.010004997253418
2015-10-21,7.941347599029541
2015-10-22,8.238861083984375
2015-10-23,8.344137191772461
2015-10-26,8.31667423248291
2015-10-27,8.064929962158203
2015-10-28,8.481452941894531
2015-10-29,8.56383991241455
2015-10-30,8.45856761932373
2015-11-02,8.595880508422852
2015-11-03,8.64165210723877
2015-11-04,9.493001937866211
2015-11-05,9.43349838256836
2015-11-06,9.287028312683105
2015-11-09,9.016976356506348
2015-11-10,9.076478958129883
2015-11-11,9.259564399719238
2015-11-12,9.131403923034668
2015-11-13,9.012398719787598
2015-11-16,9.035284996032715
2015-11-17,8.925435066223145
2015-11-18,9.1085205078125
2015-11-19,9.039862632751465
2015-11-20,9.154290199279785
2015-11-23,9.145135879516602
2015-11-24,9.300761222839355
2015-11-25,9.351107597351074
2015-11-27,9.319070816040039
2015-11-30,9.351107597351074
2015-12-01,9.300761222839355
2015-12-02,9.22294807434082
2015-12-03,8.984936714172363
2015-12-04,9.094788551330566
2015-12-07,8.746926307678223
2015-12-08,8.513492584228516
2015-12-09,8.45856761932373
2015-12-10,8.5592622756958
2015-12-11,8.467719078063965
2015-12-14,8.193092346191406
2015-12-15,8.206822395324707
2015-12-16,8.334980964660645
2015-12-17,8.083240509033203
2015-12-18,8.010004997253418
2015-12-21,8.010004997253418
2015-12-22,8.289212226867676
2015-12-23,8.568415641784668
2015-12-24,8.545530319213867
2015-12-28,8.399063110351562
2015-12-29,8.417372703552246
2015-12-30,8.412796020507812
2015-12-31,8.29378604888916
2016-01-04,8.38532829284668
2016-01-05,8.110698699951172
2016-01-06,7.781147480010986
2016-01-07,7.414976119995117
2016-01-08,7.181541442871094
2016-01-11,7.163233757019043
2016-01-12,7.089997291564941
2016-01-13,6.77875280380249
2016-01-14,6.806215286254883
2016-01-15,6.7375593185424805
2016-01-19,6.7100958824157715
2016-01-20,6.7284040451049805
2016-01-21,6.714672565460205
2016-01-22,6.948107719421387
2016-01-25,6.755866527557373
2016-01-26,7.140347480773926
2016-01-27,7.103730201721191
2016-01-28,7.04422664642334
2016-01-29,7.492786884307861
2016-02-01,7.369204998016357
2016-02-02,7.0350728034973145
2016-02-03,7.5751752853393555
2016-02-04,7.8864216804504395
2016-02-05,7.781147480010986
2016-02-08,7.831496715545654
2016-02-09,8.019158363342285
2016-02-10,7.900153160095215
2016-02-11,7.822340488433838
2016-02-12,7.955080509185791
2016-02-16,8.00085163116455
2016-02-17,8.284632682800293
2016-02-18,8.151896476745605
2016-02-19,8.115278244018555
2016-02-22,8.29378604888916
2016-02-23,8.133588790893555
2016-02-24,8.252593994140625
2016-02-25,8.270902633666992
2016-02-26,8.243438720703125
2016-02-29,8.302943229675293
2016-03-01,8.554686546325684
2016-03-02,8.605032920837402
2016-03-03,8.664536476135254
2016-03-04,8.76523494720459
2016-03-07,9.053592681884766
2016-03-08,8.911704063415527
2016-03-09,8.751503944396973
2016-03-10,8.5592622756958
2016-03-11,8.957472801208496
2016-03-14,8.920857429504395
2016-03-15,8.742348670959473
2016-03-16,8.879660606384277
2016-03-17,9.181756019592285
2016-03-18,9.190909385681152
2016-03-21,9.190909385681152
2016-03-22,9.126830101013184
2016-03-23,8.930010795593262
2016-03-24,8.994091987609863
2016-03-28,8.897970199584961
2016-03-29,9.200063705444336
2016-03-30,9.250410079956055
2016-03-31,9.254988670349121
2016-04-01,9.474692344665527
2016-04-04,9.22294807434082
2016-04-05,9.1085205078125
2016-04-06,9.0673246383667
2016-04-07,8.925435066223145
2016-04-08,9.085633277893066
2016-04-11,9.218371391296387
2016-04-12,9.33737850189209
2016-04-13,9.648625373840332
2016-04-14,9.749320030212402
2016-04-15,9.689817428588867
2016-04-18,9.758474349975586
2016-04-19,9.863747596740723
2016-04-20,9.973600387573242
2016-04-21,10.069718360900879
2016-04-22,10.312308311462402
2016-04-25,10.00106430053711
2016-04-26,10.234498023986816
2016-04-27,10.362656593322754
2016-04-28,10.124646186828613
2016-04-29,9.978177070617676
2016-05-02,10.060567855834961
2016-05-03,9.76305103302002
2016-05-04,9.525040626525879
2016-05-05,9.447227478027344
2016-05-06,9.529617309570312
2016-05-09,9.406036376953125
2016-05-10,9.607431411743164
2016-05-11,9.557077407836914
2016-05-12,9.520465850830078
2016-05-13,9.378571510314941
2016-05-16,9.543350219726562
2016-05-17,9.33737850189209
2016-05-18,9.300761222839355
2016-05-19,9.012398719787598
2016-05-20,9.016976356506348
2016-05-23,9.039862632751465
2016-05-24,9.0673246383667
2016-05-25,9.584543228149414
2016-05-26,9.566234588623047
2016-05-27,9.520465850830078
2016-05-31,9.493001937866211
2016-06-01,9.497577667236328
2016-06-02,9.488425254821777
2016-06-03,9.470114707946777
2016-06-06,9.584543228149414
2016-06-07,9.776782989501953
2016-06-08,10.110915184020996
2016-06-09,9.991910934448242
2016-06-10,9.868325233459473
2016-06-13,9.795090675354004
2016-06-14,9.827129364013672
2016-06-15,9.80424690246582
2016-06-16,9.840864181518555
2016-06-17,9.81797981262207
2016-06-20,10.152109146118164
2016-06-21,9.772205352783203
2016-06-22,9.625739097595215
2016-06-23,9.708123207092285
2016-06-24,8.948319435119629
2016-06-27,8.486030578613281
2016-06-28,8.568415641784668
2016-06-29,8.80185317993164
2016-06-30,8.984936714172363
2016-07-01,9.021553993225098
2016-07-05,8.84304428100586
2016-07-06,8.925435066223145
2016-07-07,8.952895164489746
2016-07-08,9.264145851135254
2016-07-11,9.442651748657227
2016-07-12,9.538772583007812
2016-07-13,9.561657905578613
2016-07-14,9.648625373840332
2016-07-15,9.758474349975586
2016-07-18,9.753896713256836
2016-07-19,9.662353515625
2016-07-20,9.721858978271484
2016-07-21,9.708123207092285
2016-07-22,9.708123207092285
2016-07-25,9.676085472106934
2016-07-26,9.863747596740723
2016-07-27,9.850017547607422
2016-07-28,9.790513038635254
2016-07-29,9.744743347167969
2016-08-01,9.630314826965332
2016-08-02,9.511310577392578
2016-08-03,9.552502632141113
2016-08-04,9.644046783447266
2016-08-05,9.726432800292969
2016-08-08,9.726432800292969
2016-08-09,9.644046783447266
2016-08-10,9.717281341552734
2016-08-11,9.767626762390137
2016-08-12,9.6806640625
2016-08-15,9.758474349975586
2016-08-16,9.717281341552734
2016-08-17,9.703550338745117
2016-08-18,9.840864181518555
2016-08-19,9.950716018676758
2016-08-22,9.982754707336426
2016-08-23,10.188726425170898
2016-08-24,10.042258262634277
2016-08-25,10.010218620300293
2016-08-26,10.01937484741211
2016-08-29,10.060567855834961
2016-08-30,10.266536712646484
2016-08-31,10.120067596435547
2016-09-01,9.950716018676758
2016-09-02,10.060567855834961
2016-09-06,9.991910934448242
2016-09-07,9.98733139038086
2016-09-08,10.01937484741211
2016-09-09,9.442651748657227
2016-09-12,9.616584777832031
2016-09-13,9.204638481140137
2016-09-14,8.98951244354248
2016-09-15,9.085633277893066
2016-09-16,8.962047576904297
2016-09-19,9.026131629943848
2016-09-20,9.030708312988281
2016-09-21,9.181756019592285
2016-09-22,9.515886306762695
2016-09-23,9.45180606842041
2016-09-26,9.589120864868164
2016-09-27,9.515886306762695
2016-09-28,9.731010437011719
2016-09-29,9.653199195861816
2016-09-30,9.799668312072754
2016-10-03,9.78135871887207
2016-10-04,9.671507835388184
2016-10-05,9.80424690246582
2016-10-06,9.827129364013672
2016-10-07,9.57996654510498
2016-10-10,9.296184539794922
2016-10-11,8.98951244354248
2016-10-12,9.0490140914917
2016-10-13,8.783544540405273
2016-10-14,8.778965950012207
2016-10-17,8.742348670959473
2016-10-18,8.746926307678223
2016-10-19,8.783544540405273
2016-10-20,8.673690795898438
2016-10-21,8.682847023010254
2016-10-24,9.33737850189209
2016-10-25,9.058170318603516
2016-10-26,9.0490140914917
2016-10-27,8.998669624328613
2016-10-28,8.994091987609863
2016-10-31,9.10394287109375
2016-11-01,8.897970199584961
2016-11-02,8.948319435119629
2016-11-03,7.904730796813965
2016-11-04,7.909308910369873
2016-11-07,8.010004997253418
2016-11-08,8.394485473632812
2016-11-09,8.893396377563477
2016-11-10,9.186328887939453
2016-11-11,9.428922653198242
2016-11-14,9.387725830078125
2016-11-15,9.460959434509277
2016-11-16,9.552502632141113
2016-11-17,9.552502632141113
2016-11-18,9.552502632141113
2016-11-21,9.795090675354004
2016-11-22,9.900364875793457
2016-11-23,10.092606544494629
2016-11-25,10.078874588012695
2016-11-28,9.872903823852539
2016-11-29,9.703550338745117
2016-11-30,10.069718360900879
2016-12-01,9.607431411743164
2016-12-02,9.277873039245605
2016-12-05,9.177175521850586
2016-12-06,9.154290199279785
2016-12-07,9.264145851135254
2016-12-08,9.657777786254883
2016-12-09,9.538772583007812
2016-12-12,9.465537071228027
2016-12-13,9.23668098449707
2016-12-14,8.934586524963379
2016-12-15,8.98951244354248
2016-12-16,9.007822036743164
2016-12-19,9.186328887939453
2016-12-20,9.154290199279785
2016-12-21,9.200063705444336
2016-12-22,8.975781440734863
2016-12-23,8.939165115356445
2016-12-27,9.154290199279785
2016-12-28,9.030708312988281
2016-12-29,8.998669624328613
2016-12-30,8.96662712097168
2017-01-03,9.218371391296387
2017-01-04,9.497577667236328
2017-01-05,9.396882057189941
2017-01-06,9.598271369934082
2017-01-09,9.369418144226074
2017-01-10,9.602852821350098
2017-01-11,9.698972702026367
2017-01-12,9.689817428588867
2017-01-13,9.772205352783203
2017-01-17,9.607431411743164
2017-01-18,9.753896713256836
2017-01-19,9.872903823852539
2017-01-20,10.15668773651123
2017-01-23,9.87747859954834
2017-01-24,10.229918479919434
2017-01-25,10.284844398498535
2017-01-26,10.234498023986816
2017-01-27,10.225340843200684
2017-01-30,10.065143585205078
2017-01-31,10.110915184020996
2017-02-01,10.051411628723145
2017-02-02,9.996485710144043
2017-02-03,10.252803802490234
2017-02-06,10.298577308654785
2017-02-07,10.34892749786377
2017-02-08,10.229918479919434
2017-02-09,10.184146881103516
2017-02-10,10.275690078735352
2017-02-13,10.30772876739502
2017-02-14,10.252803802490234
2017-02-15,10.27111530303955
2017-02-16,10.133801460266113
2017-02-17,10.179571151733398
2017-02-21,10.371813774108887
2017-02-22,10.248229026794434
2017-02-23,10.133801460266113
2017-02-24,10.088030815124512
2017-02-27,10.37639045715332
2017-02-28,10.14753246307373
2017-03-01,10.550321578979492
2017-03-02,10.527433395385742
2017-03-03,10.577783584594727
2017-03-06,10.591514587402344
2017-03-07,10.435894012451172
2017-03-08,10.413006782531738
2017-03-09,10.248229026794434
2017-03-10,10.522857666015625
2017-03-13,10.683059692382812
2017-03-14,10.669329643249512
2017-03-15,10.953109741210938
2017-03-16,11.14077377319336
2017-03-17,11.113309860229492
2017-03-20,10.980573654174805
2017-03-21,10.760869979858398
2017-03-22,10.673906326293945
2017-03-23,10.628132820129395
2017-03-24,10.408426284790039
2017-03-27,10.27111530303955
2017-03-28,10.408426284790039
2017-03-29,10.486239433288574
2017-03-30,10.550321578979492
2017-03-31,10.564054489135742
2017-04-03,10.454200744628906
2017-04-04,10.344347953796387
2017-04-05,10.32146167755127
2017-04-06,10.408426284790039
2017-04-07,10.445045471191406
2017-04-10,10.527433395385742
2017-04-11,10.705944061279297
2017-04-12,10.422162055969238
2017-04-13,10.088030815124512
2017-04-17,10.110915184020996
2017-04-18,10.152109146118164
2017-04-19,10.174994468688965
2017-04-20,10.37639045715332
2017-04-21,10.367233276367188
2017-04-24,10.664749145507812
2017-04-25,10.957686424255371
2017-04-26,11.223162651062012
2017-04-27,11.218582153320312
2017-04-28,11.168235778808594
2017-05-01,11.159083366394043
2017-05-02,11.172812461853027
2017-05-03,11.168235778808594
2017-05-04,11.085845947265625
2017-05-05,11.081270217895508
2017-05-08,10.939377784729004
2017-05-09,10.806638717651367
2017-05-10,10.884453773498535
2017-05-11,10.683059692382812
2017-05-12,10.518280982971191
2017-05-15,10.673906326293945
2017-05-16,10.664749145507812
2017-05-17,10.435894012451172
2017-05-18,10.637285232543945
2017-05-19,10.586938858032227
2017-05-22,10.637285232543945
2017-05-23,10.573205947875977
2017-05-24,10.541168212890625
2017-05-25,10.509125709533691
2017-05-26,10.527433395385742
2017-05-30,10.504549980163574
2017-05-31,10.435894012451172
2017-06-01,10.705944061279297
2017-06-02,10.811220169067383
2017-06-05,10.655594825744629
2017-06-06,10.632710456848145
2017-06-07,10.458778381347656
2017-06-08,10.605247497558594
2017-06-09,10.628132820129395
2017-06-12,10.783757209777832
2017-06-13,10.838682174682617
2017-06-14,10.719675064086914
2017-06-15,10.783757209777832
2017-06-16,10.788331985473633
2017-06-19,10.893608093261719
2017-06-20,10.943954467773438
2017-06-21,10.518280982971191
2017-06-22,10.541168212890625
2017-06-23,10.545742988586426
2017-06-26,10.522857666015625
2017-06-27,10.509125709533691
2017-06-28,10.605247497558594
2017-06-29,10.618976593017578
2017-06-30,10.641867637634277
2017-07-03,10.660174369812012
2017-07-05,10.559478759765625
2017-07-06,10.38096809387207
2017-07-07,10.435894012451172
2017-07-10,10.518280982971191
2017-07-11,10.499970436096191
2017-07-12,10.710521697998047
2017-07-13,10.811220169067383
2017-07-14,11.067537307739258
2017-07-17,10.980573654174805
2017-07-18,10.834104537963867
2017-07-19,10.93022346496582
2017-07-20,10.925646781921387
2017-07-21,10.953109741210938
2017-07-24,10.82037353515625
2017-07-25,10.971418380737305
2017-07-26,10.664749145507812
2017-07-27,10.614400863647461
2017-07-28,10.669329643249512
2017-07-31,10.600668907165527
2017-08-01,10.596094131469727
2017-08-02,10.522857666015625
2017-08-03,11.273510932922363
2017-08-04,11.424552917480469
2017-08-07,11.28266429901123
2017-08-08,11.310123443603516
2017-08-09,11.214005470275879
2017-08-10,10.962262153625488
2017-08-11,10.898181915283203
2017-08-14,11.159083366394043
2017-08-15,11.076693534851074
2017-08-16,11.122462272644043
2017-08-17,10.788331985473633
2017-08-18,10.8157958984375
2017-08-21,10.829527854919434
2017-08-22,10.985150337219238
2017-08-23,10.93480110168457
2017-08-24,10.783757209777832
2017-08-25,10.866147994995117
2017-08-28,10.875298500061035
2017-08-29,10.893608093261719
2017-08-30,10.93022346496582
2017-08-31,10.93022346496582
2017-09-01,10.966842651367188
2017-09-05,10.80206298828125
2017-09-06,11.067537307739258
2017-09-07,11.008034706115723
2017-09-08,11.113309860229492
2017-09-11,11.259778022766113
2017-09-12,11.415400505065918
2017-09-13,11.529830932617188
2017-09-14,11.442863464355469
2017-09-15,11.223162651062012
2017-09-18,11.255202293395996
2017-09-19,11.36047649383545
2017-09-20,11.506946563720703
2017-09-21,11.484060287475586
2017-09-22,11.580179214477539
2017-09-25,11.3650541305542
2017-09-26,11.447439193725586
2017-09-27,11.685449600219727
2017-09-28,11.657992362976074
2017-09-29,11.630525588989258
2017-10-02,11.776996612548828
2017-10-03,11.905157089233398
2017-10-04,11.818191528320312
2017-10-05,11.740377426147461
2017-10-06,11.790726661682129
2017-10-09,11.795305252075195
2017-10-10,11.703760147094727
2017-10-11,11.61679744720459
2017-10-12,11.680875778198242
2017-10-13,11.900578498840332
2017-10-16,11.813612937927246
2017-10-17,11.758684158325195
2017-10-18,11.776996612548828
2017-10-19,11.671719551086426
2017-10-20,11.85023021697998
2017-10-23,11.699185371398926
2017-10-24,11.873117446899414
2017-10-25,11.589335441589355
2017-10-26,11.836498260498047
2017-10-27,11.744953155517578
2017-10-30,11.653411865234375
2017-10-31,11.680875778198242
2017-11-01,11.644258499145508
2017-11-02,11.419977188110352
2017-11-03,11.589335441589355
2017-11-06,11.456595420837402
2017-11-07,11.346742630004883
2017-11-08,11.250624656677246
2017-11-09,11.14077377319336
2017-11-10,11.030919075012207
2017-11-13,10.962262153625488
2017-11-14,10.577783584594727
2017-11-15,10.527433395385742
2017-11-16,10.90276050567627
2017-11-17,10.953109741210938
2017-11-20,10.93022346496582
2017-11-21,11.044651985168457
2017-11-22,11.035497665405273
2017-11-24,10.911914825439453
2017-11-27,10.939377784729004
2017-11-28,11.113309860229492
2017-11-29,11.259778022766113
2017-11-30,11.406246185302734
2017-12-01,11.218582153320312
2017-12-04,11.406246185302734
2017-12-05,11.410825729370117
2017-12-06,11.232315063476562
2017-12-07,11.255202293395996
2017-12-08,11.305548667907715
2017-12-11,11.246047973632812
2017-12-12,11.227739334106445
2017-12-13,11.131617546081543
2017-12-14,10.966842651367188
2017-12-15,11.14992904663086
2017-12-18,11.3787841796875
2017-12-19,11.438286781311035
2017-12-20,11.877693176269531
2017-12-21,11.978389739990234
2017-12-22,11.799880981445312
2017-12-26,11.85023021697998
2017-12-27,11.94635009765625
2017-12-28,11.996700286865234
2017-12-29,11.909733772277832
2018-01-02,11.891423225402832
2018-01-03,12.001276969909668
2018-01-04,12.056201934814453
2018-01-05,12.05162525177002
2018-01-08,12.678693771362305
2018-01-09,12.669537544250488
2018-01-10,12.491029739379883
2018-01-11,12.866355895996094
2018-01-12,12.742773056030273
2018-01-16,12.62834644317627
2018-01-17,12.64665412902832
2018-01-18,12.61461353302002
2018-01-19,13.163874626159668
2018-01-22,13.021976470947266
2018-01-23,13.076904296875
2018-01-24,13.021976470947266
2018-01-25,13.072328567504883
2018-01-26,13.081483840942383
2018-01-29,13.035710334777832
2018-01-30,12.884664535522461
2018-01-31,12.866355895996094
2018-02-01,13.461385726928711
2018-02-02,13.168449401855469
2018-02-05,12.509340286254883
2018-02-06,12.610033988952637
2018-02-07,12.610033988952637
2018-02-08,12.225556373596191
2018-02-09,12.27132797241211
2018-02-12,12.372024536132812
2018-02-13,12.417798042297363
2018-02-14,12.555107116699219
2018-02-15,12.811432838439941
2018-02-16,12.797698974609375
2018-02-20,12.834317207336426
2018-02-21,13.1272554397583
2018-02-22,13.378996849060059
2018-02-23,13.273723602294922
2018-02-26,13.543774604797363
2018-02-27,13.635316848754883
2018-02-28,13.264571189880371
2018-03-01,12.957901000976562
2018-03-02,12.852624893188477
2018-03-05,12.98536205291748
2018-03-06,13.388151168823242
2018-03-07,13.56208324432373
2018-03-08,13.671934127807617
2018-03-09,14.042682647705078
2018-03-12,13.78636360168457
2018-03-13,13.731437683105469
2018-03-14,13.584967613220215
2018-03-15,13.374421119689941
2018-03-16,13.534622192382812
2018-03-19,13.443078994750977
2018-03-20,13.818402290344238
2018-03-21,13.77720832824707
2018-03-22,13.502578735351562
2018-03-23,13.33322525024414
2018-03-26,13.598698616027832
2018-03-27,13.33322525024414
2018-03-28,13.401884078979492
2018-03-29,13.584967613220215
2018-04-02,13.278300285339355
2018-04-03,13.465964317321777
2018-04-04,13.598698616027832
2018-04-05,13.813824653625488
2018-04-06,13.33322525024414
2018-04-09,13.360689163208008
2018-04-10,13.635316848754883
2018-04-11,13.580391883850098
2018-04-12,13.813824653625488
2018-04-13,13.859598159790039
2018-04-16,13.822978019714355
2018-04-17,13.809247016906738
2018-04-18,13.951141357421875
2018-04-19,13.905366897583008
2018-04-20,13.87790584564209
2018-04-23,13.795516014099121
2018-04-24,13.255414962768555
2018-04-25,13.282876014709473
2018-04-26,13.104369163513184
2018-04-27,12.902975082397461
2018-04-30,12.591726303100586
2018-05-01,12.774812698364258
2018-05-02,12.504761695861816
2018-05-03,12.422375679016113
2018-05-04,12.600881576538086
2018-05-07,12.852624893188477
2018-05-08,13.140984535217285
2018-05-09,12.999094009399414
2018-05-10,13.191336631774902
2018-05-11,13.278300285339355
2018-05-14,13.296609878540039
2018-05-15,13.11352252960205
2018-05-16,13.173026084899902
2018-05-17,13.145564079284668
2018-05-18,13.360689163208008
2018-05-21,13.356111526489258
2018-05-22,13.246262550354004
2018-05-23,13.237107276916504
2018-05-24,13.301186561584473
2018-05-25,13.232528686523438
2018-05-29,13.205066680908203
2018-05-30,13.401884078979492
2018-05-31,13.356111526489258
2018-06-01,13.580391883850098
2018-06-04,13.649048805236816
2018-06-05,13.960293769836426
2018-06-06,13.98318099975586
2018-06-07,13.836711883544922
2018-06-08,13.996912956237793
2018-06-11,13.850443840026855
2018-06-12,13.864174842834473
2018-06-13,13.813824653625488
2018-06-14,13.836711883544922
2018-06-15,13.626164436340332
2018-06-18,13.781786918640137
2018-06-19,13.56208324432373
2018-06-20,13.763479232788086
2018-06-21,13.60327434539795
2018-06-22,13.928254127502441
2018-06-25,13.388151168823242
2018-06-26,13.424766540527344
2018-06-27,13.424766540527344
2018-06-28,13.250837326049805
2018-06-29,13.301186561584473
2018-07-02,13.182181358337402
2018-07-03,13.159296035766602
2018-07-05,13.214219093322754
2018-07-06,13.163874626159668
2018-07-09,13.31491756439209
2018-07-10,13.365265846252441
2018-07-11,13.140984535217285
2018-07-12,13.154718399047852
2018-07-13,13.269146919250488
2018-07-16,13.383575439453125
2018-07-17,13.397306442260742
2018-07-18,13.374421119689941
2018-07-19,13.584967613220215
2018-07-20,13.626164436340332
2018-07-23,13.566661834716797
2018-07-24,13.781786918640137
2018-07-25,13.731437683105469
2018-07-26,13.914523124694824
2018-07-27,13.800092697143555
2018-07-30,13.671934127807617
2018-07-31,13.841286659240723
2018-08-01,13.447654724121094
2018-08-02,13.498002052307129
2018-08-03,13.534622192382812
2018-08-06,13.713127136230469
2018-08-07,13.607854843139648
2018-08-08,13.557506561279297
2018-08-09,13.406458854675293
2018-08-10,13.150138854980469
2018-08-13,13.20964241027832
2018-08-14,13.264571189880371
2018-08-15,12.916703224182129
2018-08-16,12.999094009399414
2018-08-17,13.182181358337402
2018-08-20,13.287452697753906
2018-08-21,13.392727851867676
2018-08-22,13.232528686523438
2018-08-23,12.98078441619873
2018-08-24,13.136408805847168
2018-08-27,13.31491756439209
2018-08-28,13.200489044189453
2018-08-29,13.383575439453125
2018-08-30,13.278300285339355
2018-08-31,13.287452697753906
2018-09-04,13.145564079284668
2018-09-05,13.255414962768555
2018-09-06,13.21879768371582
2018-09-07,13.18675708770752
2018-09-10,13.273723602294922
2018-09-11,13.548349380493164
2018-09-12,13.658204078674316
2018-09-13,13.745169639587402
2018-09-14,14.115914344787598
2018-09-17,14.271539688110352
2018-09-18,14.230344772338867
2018-09-19,14.427165031433105
2018-09-20,14.578207969665527
2018-09-21,14.582786560058594
2018-09-24,14.271539688110352
2018-09-25,14.404278755187988
2018-09-26,14.216611862182617
2018-09-27,14.1799955368042
2018-09-28,14.09760856628418
2018-10-01,14.102184295654297
2018-10-02,14.134225845336914
2018-10-03,14.418008804321289
2018-10-04,14.46378231048584
2018-10-05,14.436317443847656
2018-10-08,14.372238159179688
2018-10-09,13.955718040466309
2018-10-10,13.18675708770752
2018-10-11,12.770236015319824
2018-10-12,12.417798042297363
2018-10-15,12.596305847167969
2018-10-16,12.96705436706543
2018-10-17,12.568840980529785
2018-10-18,12.079089164733887
2018-10-19,11.809038162231445
2018-10-22,11.918889045715332
2018-10-23,11.461174011230469
2018-10-24,10.90733528137207
2018-10-25,11.236892700195312
2018-10-26,11.214005470275879
2018-10-29,11.04923152923584
2018-10-30,11.12704086303711
2018-10-31,12.27132797241211
2018-11-01,12.848050117492676
2018-11-02,12.962475776672363
2018-11-05,13.182181358337402
2018-11-06,13.227952003479004
2018-11-07,13.530040740966797
2018-11-08,13.479695320129395
2018-11-09,13.29202938079834
2018-11-12,13.040288925170898
2018-11-13,12.889242172241211
2018-11-14,12.774812698364258
2018-11-15,13.250837326049805
2018-11-16,13.273723602294922
2018-11-19,12.866355895996094
2018-11-20,12.600881576538086
2018-11-21,12.701579093933105
2018-11-23,12.51849365234375
2018-11-26,12.568840980529785
2018-11-27,12.385757446289062
2018-11-28,12.783967018127441
2018-11-29,12.742773056030273
2018-11-30,12.957901000976562
2018-12-03,13.173026084899902
2018-12-04,12.16147518157959
2018-12-06,12.101973533630371
2018-12-07,11.726646423339844
2018-12-10,11.47490406036377
2018-12-11,11.538983345031738
2018-12-12,11.63968276977539
2018-12-13,11.648835182189941
2018-12-14,11.680875778198242
2018-12-17,11.136195182800293
2018-12-18,11.026342391967773
2018-12-19,10.870721817016602
2018-12-20,10.600668907165527
2018-12-21,10.289422988891602
2018-12-24,9.932404518127441
2018-12-26,10.472509384155273
2018-12-27,10.527433395385742
2018-12-28,10.403853416442871
2018-12-31,10.504549980163574
2019-01-02,10.733407974243164
2019-01-03,10.115492820739746
2019-01-04,10.518280982971191
2019-01-07,10.582359313964844
2019-01-08,10.774603843688965
2019-01-09,11.14992904663086
2019-01-10,11.33301067352295
2019-01-11,11.232315063476562
2019-01-14,10.971418380737305
2019-01-15,11.003458023071289
2019-01-16,11.01261043548584
2019-01-17,11.204852104187012
2019-01-18,11.557293891906738
2019-01-22,11.3787841796875
2019-01-23,11.154505729675293
2019-01-24,11.346742630004883
2019-01-25,11.33301067352295
2019-01-28,11.255202293395996
2019-01-29,11.374205589294434
2019-01-30,11.754109382629395
2019-01-31,11.96923542022705
2019-02-01,12.06535530090332
2019-02-04,12.069933891296387
2019-02-05,12.092818260192871
2019-02-06,12.138591766357422
2019-02-07,11.918889045715332
2019-02-08,11.882270812988281
2019-02-11,12.05162525177002
2019-02-12,12.253019332885742
2019-02-13,12.40406608581543
2019-02-14,12.381178855895996
2019-02-15,12.816008567810059
2019-02-19,12.697003364562988
2019-02-20,12.816008567810059
2019-02-21,12.683271408081055
2019-02-22,12.761082649230957
2019-02-25,12.701579093933105
2019-02-26,12.491029739379883
2019-02-27,12.454412460327148
2019-02-28,12.207249641418457
2019-03-01,12.413220405578613
2019-03-04,12.385757446289062
2019-03-05,12.262175559997559
2019-03-06,12.115705490112305
2019-03-07,12.024163246154785
2019-03-08,11.960082054138184
2019-03-11,12.317100524902344
2019-03-12,12.326254844665527
2019-03-13,12.413220405578613
2019-03-14,12.330831527709961
2019-03-15,12.40406608581543
2019-03-18,12.541379928588867
2019-03-19,12.266749382019043
2019-03-20,12.129438400268555
2019-03-21,12.202670097351074
2019-03-22,11.47490406036377
2019-03-25,11.383359909057617
2019-03-26,11.35132122039795
2019-03-27,11.099578857421875
2019-03-28,11.300971031188965
2019-03-29,11.506946563720703
2019-04-01,11.767839431762695
2019-04-02,11.809038162231445
2019-04-03,11.92346477508545
2019-04-04,12.069933891296387
2019-04-05,12.124861717224121
2019-04-08,12.285058975219727
2019-04-09,12.143168449401855
2019-04-10,12.234712600708008
2019-04-11,12.30794620513916
2019-04-12,12.463565826416016
2019-04-15,12.568840980529785
2019-04-16,12.751928329467773
2019-04-17,12.701579093933105
2019-04-18,12.825161933898926
2019-04-22,12.86177921295166
2019-04-23,13.118097305297852
2019-04-24,13.246262550354004
2019-04-25,12.939592361450195
2019-04-26,13.140984535217285
2019-04-29,13.273723602294922
2019-04-30,13.090636253356934
2019-05-01,13.044864654541016
2019-05-02,13.099791526794434
2019-05-03,13.296609878540039
2019-05-06,13.168449401855469
2019-05-07,12.866355895996094
2019-05-08,12.742773056030273
2019-05-09,13.177602767944336
2019-05-10,13.118097305297852
2019-05-13,12.587150573730469
2019-05-14,12.710733413696289
2019-05-15,12.761082649230957
2019-05-16,12.939592361450195
2019-05-17,12.64665412902832
2019-05-20,12.468144416809082
2019-05-21,12.655806541442871
2019-05-22,12.52306842803955
2019-05-23,12.193514823913574
2019-05-24,12.230134010314941
2019-05-28,12.074511528015137
2019-05-29,12.376602172851562
2019-05-30,12.623770713806152
2019-05-31,12.042472839355469
2019-06-03,12.216404914855957
2019-06-04,12.797698974609375
2019-06-05,12.870932579040527
2019-06-06,12.870932579040527
2019-06-07,12.866355895996094
2019-06-10,13.140984535217285
2019-06-11,13.104369163513184
2019-06-12,13.072328567504883
2019-06-13,13.154718399047852
2019-06-14,13.0677490234375
2019-06-17,12.989937782287598
2019-06-18,13.310340881347656
2019-06-19,13.34695816040039
2019-06-20,13.456808090209961
2019-06-21,13.383575439453125
2019-06-24,13.232528686523438
2019-06-25,13.173026084899902
2019-06-26,13.18675708770752
2019-06-27,13.456808090209961
2019-06-28,13.832134246826172
2019-07-01,13.790940284729004
2019-07-02,13.781786918640137
2019-07-03,13.717704772949219
2019-07-05,13.662781715393066
2019-07-08,13.378996849060059
2019-07-09,13.259993553161621
2019-07-10,13.099791526794434
2019-07-11,13.0631742477417
2019-07-12,13.18675708770752
2019-07-15,13.136408805847168
2019-07-16,13.269146919250488
2019-07-17,12.898397445678711
2019-07-18,12.816008567810059
2019-07-19,12.925859451293945
2019-07-22,12.971630096435547
2019-07-23,13.360689163208008
2019-07-24,13.621586799621582
2019-07-25,13.35153579711914
2019-07-26,13.401884078979492
2019-07-29,13.250837326049805
2019-07-30,13.498002052307129
2019-07-31,13.406458854675293
2019-08-01,13.118097305297852
2019-08-02,13.044864654541016
2019-08-05,12.550531387329102
2019-08-06,12.729043006896973
2019-08-07,12.591726303100586
2019-08-08,12.94874382019043
2019-08-09,12.706154823303223
2019-08-12,12.385757446289062
2019-08-13,12.458992004394531
2019-08-14,12.024163246154785
2019-08-15,11.772416114807129
2019-08-16,11.932618141174316
2019-08-19,11.950928688049316
2019-08-20,11.909733772277832
2019-08-21,12.047048568725586
2019-08-22,11.94635009765625
2019-08-23,11.566447257995605
2019-08-26,11.676299095153809
2019-08-27,11.479483604431152
2019-08-28,11.584757804870605
2019-08-29,11.841075897216797
2019-08-30,11.9829683303833
2019-09-03,11.70833969116211
2019-09-04,11.932618141174316
2019-09-05,12.289637565612793
2019-09-06,12.458992004394531
2019-09-09,12.761082649230957
2019-09-10,12.866355895996094
2019-09-11,13.108946800231934
2019-09-12,13.154718399047852
2019-09-13,13.173026084899902
2019-09-16,13.072328567504883
2019-09-17,12.747349739074707
2019-09-18,12.733620643615723
2019-09-19,12.65123176574707
2019-09-20,12.65123176574707
2019-09-23,12.751928329467773
2019-09-24,12.513916015625
2019-09-25,12.655806541442871
2019-09-26,12.335410118103027
2019-09-27,12.285058975219727
2019-09-30,12.381178855895996
2019-10-01,12.042472839355469
2019-10-02,11.96923542022705
2019-10-03,11.863962173461914
2019-10-04,11.9417724609375
2019-10-07,11.909733772277832
2019-10-08,11.767839431762695
2019-10-09,11.799880981445312
2019-10-10,11.845654487609863
2019-10-11,12.253019332885742
2019-10-14,12.06535530090332
2019-10-15,12.257594108581543
2019-10-16,12.175207138061523
2019-10-17,12.536800384521484
2019-10-18,12.564261436462402
2019-10-21,12.678693771362305
2019-10-22,12.829741477966309
2019-10-23,13.072328567504883
2019-10-24,12.98078441619873
2019-10-25,13.031132698059082
2019-10-28,13.264571189880371
2019-10-29,13.040288925170898
2019-10-30,13.388151168823242
2019-10-31,12.94874382019043
2019-11-01,13.259993553161621
2019-11-04,13.713127136230469
2019-11-05,13.859598159790039
2019-11-06,13.996912956237793
2019-11-07,13.996912956237793
2019-11-08,14.11133861541748
2019-11-11,14.120492935180664
2019-11-12,14.093029975891113
2019-11-13,13.868752479553223
2019-11-14,13.763479232788086
2019-11-15,13.932829856872559
2019-11-18,13.841286659240723
2019-11-19,13.763479232788086
2019-11-20,13.77720832824707
2019-11-21,13.736013412475586
2019-11-22,13.850443840026855
2019-11-25,14.276119232177734
2019-11-26,14.372238159179688
2019-11-27,14.48208999633789
2019-11-29,14.45920181274414
2019-12-02,14.280694961547852
2019-12-03,14.047259330749512
2019-12-04,14.065568923950195
2019-12-05,14.266962051391602
2019-12-06,14.504974365234375
2019-12-09,14.472931861877441
2019-12-10,14.500396728515625
2019-12-11,14.678905487060547
2019-12-12,14.921497344970703
2019-12-13,14.710946083068848
2019-12-16,14.788756370544434
2019-12-17,14.861991882324219
2019-12-18,14.958110809326172
2019-12-19,15.022193908691406
2019-12-20,15.035923957824707
2019-12-23,15.13204288482666
2019-12-24,15.017616271972656
2019-12-26,15.008460998535156
2019-12-27,14.967267036437988
2019-12-30,14.990151405334473
2019-12-31,14.93065071105957
2020-01-02,15.03134822845459
2020-01-03,15.017616271972656
2020-01-06,14.944379806518555
2020-01-07,14.894031524658203
2020-01-08,14.907763481140137
2020-01-09,14.980997085571289
2020-01-10,14.683484077453613
2020-01-13,15.13204288482666
2020-01-14,15.100004196166992
2020-01-15,14.953535079956055
2020-01-16,15.223584175109863
2020-01-17,15.342589378356934
2020-01-21,15.209856033325195
2020-01-22,15.136621475219727
2020-01-23,14.962687492370605
2020-01-24,14.770447731018066
2020-01-27,14.596516609191895
2020-01-28,14.884879112243652
2020-01-29,15.61722183227539
2020-01-30,15.530255317687988
2020-01-31,14.944379806518555
2020-02-03,14.857414245605469
2020-02-04,15.457022666931152
2020-02-05,15.9376220703125
2020-02-06,15.740803718566895
2020-02-07,15.452442169189453
2020-02-10,15.521097183227539
2020-02-11,15.836926460266113
2020-02-12,16.189363479614258
2020-02-13,16.23513412475586
2020-02-14,16.152748107910156
2020-02-18,16.070358276367188
2020-02-19,15.997123718261719
2020-02-20,16.231094360351562
2020-02-21,16.15769386291504
2020-02-24,15.368614196777344
2020-02-25,14.772222518920898
2020-02-26,14.464851379394531
2020-02-27,13.795056343078613
2020-02-28,13.377578735351562
2020-03-02,13.781289100646973
2020-03-03,13.405105590820312
2020-03-04,13.84092903137207
2020-03-05,13.184898376464844
2020-03-06,12.799534797668457
2020-03-09,11.748961448669434
2020-03-10,12.790359497070312
2020-03-11,12.271955490112305
2020-03-12,10.056124687194824
2020-03-13,11.648035049438477
2020-03-16,9.996481895446777
2020-03-17,11.36818790435791
2020-03-18,12.478398323059082
2020-03-19,10.900248527526855
2020-03-20,9.63405990600586
2020-03-23,8.964261054992676
2020-03-24,9.98730754852295
2020-03-25,10.35431957244873
2020-03-26,10.863548278808594
2020-03-27,9.98730754852295
2020-03-30,10.253389358520508
2020-03-31,10.400196075439453
2020-04-01,9.285400390625
2020-04-02,9.436788558959961
2020-04-03,8.87250804901123
2020-04-06,10.189163208007812
2020-04-07,10.450660705566406
2020-04-08,11.102105140686035
2020-04-09,11.767313003540039
2020-04-13,11.80401611328125
2020-04-14,11.845304489135742
2020-04-15,11.074580192565918
2020-04-16,11.175509452819824
2020-04-17,11.813188552856445
2020-04-20,11.31772518157959
2020-04-21,10.808496475219727
2020-04-22,10.845197677612305
2020-04-23,11.212209701538086
2020-04-24,11.400300979614258
2020-04-27,12.065510749816895
2020-04-28,12.29030704498291
2020-04-29,13.1206693649292
2020-04-30,12.510509490966797
2020-05-01,11.845304489135742
2020-05-04,11.707674980163574
2020-05-05,12.047161102294922
2020-05-06,11.996696472167969
2020-05-07,12.258193016052246
2020-05-08,12.749072074890137
2020-05-11,12.432523727416992
2020-05-12,11.670971870422363
2020-05-13,11.588397026062012
2020-05-14,11.982932090759277
2020-05-15,12.19396686553955
2020-05-18,13.395929336547852
2020-05-19,12.563283920288086
2020-05-20,12.811698913574219
2020-05-21,12.87610149383545
2020-05-22,13.023308753967285
2020-05-26,13.60754108428955
2020-05-27,14.34818172454834
2020-05-28,13.878954887390137
2020-05-29,13.846755027770996
2020-06-01,13.97096061706543
2020-06-02,14.200970649719238
2020-06-03,14.513790130615234
2020-06-04,14.628795623779297
2020-06-05,14.683999061584473
2020-06-08,14.499988555908203
2020-06-09,14.417186737060547
2020-06-10,13.915757179260254
2020-06-11,12.770293235778809
2020-06-12,13.19811725616455
2020-06-15,13.340726852416992
2020-06-16,13.832950592041016
2020-06-17,13.566137313842773
2020-06-18,13.63514232635498
2020-06-19,13.437334060668945
2020-06-22,13.533937454223633
2020-06-23,13.313126564025879
2020-06-24,12.715092658996582
2020-06-25,12.912903785705566
2020-06-26,12.733490943908691
2020-06-29,13.271722793579102
2020-06-30,13.409730911254883
2020-07-01,13.027908325195312
2020-07-02,13.303925514221191
2020-07-06,13.414329528808594
2020-07-07,13.027908325195312
2020-07-08,13.041707038879395
2020-07-09,12.742691993713379
2020-07-10,12.968106269836426
2020-07-13,13.09691333770752
2020-07-14,13.547738075256348
2020-07-15,13.796150207519531
2020-07-16,13.63054370880127
2020-07-17,13.662744522094727
2020-07-20,13.44193172454834
2020-07-21,13.612140655517578
2020-07-22,13.80534839630127
2020-07-23,13.924959182739258
2020-07-24,13.823751449584961
2020-07-27,14.081364631652832
2020-07-28,13.814549446105957
2020-07-29,13.901954650878906
2020-07-30,13.612140655517578
2020-07-31,13.32692813873291
2020-08-03,13.515534400939941
2020-08-04,13.188920974731445
2020-08-05,13.662744522094727
2020-08-06,13.80534839630127
2020-08-07,14.145770072937012
2020-08-10,14.582793235778809
2020-08-11,14.407984733581543
2020-08-12,14.361982345581055
2020-08-13,14.090563774108887
2020-08-14,14.233173370361328
2020-08-17,13.736348152160645
2020-08-18,13.529335975646973
2020-08-19,13.450918197631836
2020-08-20,13.45553207397461
2020-08-21,13.372502326965332
2020-08-24,13.543174743652344
2020-08-25,13.640043258666992
2020-08-26,13.893747329711914
2020-08-27,13.741525650024414
2020-08-28,13.690784454345703
2020-08-31,13.358664512634277
2020-09-01,13.962940216064453
2020-09-02,14.175127983093262
2020-09-03,13.589303970336914
2020-09-04,13.593916893005371
2020-09-08,13.326372146606445
2020-09-09,13.838391304016113
2020-09-10,13.700010299682617
2020-09-11,13.944487571716309
2020-09-14,14.059808731079102
2020-09-15,13.999844551086426
2020-09-16,14.050582885742188
2020-09-17,14.128998756408691
2020-09-18,14.059808731079102
2020-09-21,13.303309440612793
2020-09-22,13.515499114990234
2020-09-23,13.280242919921875
2020-09-24,13.15570068359375
2020-09-25,13.132637023925781
2020-09-28,13.483211517333984
2020-09-29,13.72307300567627
2020-09-30,13.764588356018066
2020-10-01,13.704622268676758
2020-10-02,13.912198066711426
2020-10-05,14.313512802124023
2020-10-06,14.331961631774902
2020-10-07,14.719437599182129
2020-10-08,14.677924156188965
2020-10-09,14.73789119720459
2020-10-12,15.014659881591797
2020-10-13,14.581055641174316
2020-10-14,14.705599784851074
2020-10-15,14.885499000549316
2020-10-16,14.79785442352295
2020-10-19,14.539539337158203
2020-10-20,14.613344192504883
2020-10-21,14.604119300842285
2020-10-22,14.93163013458252
2020-10-23,15.056172370910645
2020-10-26,14.802470207214355
2020-10-27,14.414996147155762
2020-10-28,14.207419395446777
2020-10-29,14.668696403503418
2020-10-30,14.79785442352295
2020-11-02,15.743478775024414
2020-11-03,16.186309814453125
2020-11-04,15.522067070007324
2020-11-05,16.052536010742188
2020-11-06,16.135562896728516
2020-11-09,17.007387161254883
2020-11-10,17.247251510620117
2020-11-11,17.012001037597656
2020-11-12,16.633747100830078
2020-11-13,17.15038299560547
2020-11-16,17.74081802368164
2020-11-17,17.828466415405273
2020-11-18,17.524023056030273
2020-11-19,17.450054168701172
2020-11-20,17.41769790649414
2020-11-23,17.48241424560547
2020-11-24,18.129568099975586
2020-11-25,17.732032775878906
2020-11-27,17.75052833557129
2020-11-30,17.339122772216797
2020-12-01,17.60260009765625
2020-12-02,17.533267974853516
2020-12-03,17.380722045898438
2020-12-04,17.861465454101562
2020-12-07,17.875333786010742
2020-12-08,17.76901626586914
2020-12-09,17.556371688842773
2020-12-10,17.653453826904297
2020-12-11,17.65807342529297
2020-12-14,17.228174209594727
2020-12-15,17.713542938232422
2020-12-16,17.40845489501953
2020-12-17,17.431564331054688
2020-12-18,17.292892456054688
2020-12-21,17.764394760131836
2020-12-22,17.676559448242188
2020-12-23,17.97240447998047
2020-12-24,18.13419532775879
2020-12-28,18.29598045349121
2020-12-29,17.981651306152344
2020-12-30,18.24513053894043
2020-12-31,18.25438117980957
2021-01-04,17.8984432220459
2021-01-05,18.41154670715332
2021-01-06,19.234355926513672
2021-01-07,20.357633590698242
2021-01-08,20.542531967163086
2021-01-11,21.143463134765625
2021-01-12,21.624204635620117
2021-01-13,20.56102180480957
2021-01-14,20.81988525390625
2021-01-15,19.839906692504883
2021-01-19,19.442373275756836
2021-01-20,19.234355926513672
2021-01-21,19.081815719604492
2021-01-22,19.544069290161133
2021-01-25,19.359163284301758
2021-01-26,18.730497360229492
2021-01-27,17.463930130004883
2021-01-28,17.82448387145996
2021-01-29,17.50090980529785
2021-02-01,17.97702407836914
2021-02-02,18.503999710083008
2021-02-03,18.222021102905273
2021-02-04,19.32680892944336
2021-02-05,19.345300674438477
2021-02-08,19.285202026367188
2021-02-09,19.03096580505371
2021-02-10,18.910781860351562
2021-02-11,19.03096580505371
2021-02-12,19.192752838134766
2021-02-16,20.847620010375977
2021-02-17,21.772127151489258
2021-02-18,21.15615463256836
2021-02-19,21.475717544555664
2021-02-22,21.271940231323242
2021-02-23,21.183937072753906
2021-02-24,21.336774826049805
2021-02-25,20.943111419677734
2021-02-26,20.818063735961914
2021-03-01,21.549819946289062
2021-03-02,21.410873413085938
2021-03-03,21.327518463134766
2021-03-04,20.96162986755371
2021-03-05,22.096323013305664
2021-03-08,22.38810157775879
2021-03-09,22.142637252807617
2021-03-10,22.94849967956543
2021-03-11,23.624685287475586
2021-03-12,23.68951988220215
2021-03-15,23.175437927246094
2021-03-16,22.689138412475586
2021-03-17,22.84661102294922
2021-03-18,22.809558868408203
2021-03-19,22.84661102294922
2021-03-22,22.318632125854492
2021-03-23,21.392351150512695
2021-03-24,21.308992385864258
2021-03-25,21.57761573791504
2021-03-26,22.100955963134766
2021-03-29,21.66097640991211
2021-03-30,21.83696746826172
2021-03-31,21.809179306030273
2021-04-01,22.193584442138672
2021-04-05,22.43904685974121
2021-04-06,22.406625747680664
2021-04-07,22.142637252807617
2021-04-08,22.124113082885742
2021-04-09,22.499256134033203
2021-04-12,22.75861167907715
2021-04-13,22.360313415527344
2021-04-14,22.425155639648438
2021-04-15,22.69840431213379
2021-04-16,22.740083694458008
2021-04-19,22.6520938873291
2021-04-20,22.53167152404785
2021-04-21,23.27732276916504
2021-04-22,23.2587947845459
2021-04-23,23.615415573120117
2021-04-26,23.35142707824707
2021-04-27,23.254169464111328
2021-04-28,23.397743225097656
2021-04-29,23.865509033203125
2021-04-30,23.12449073791504
2021-05-03,23.393112182617188
2021-05-04,23.666358947753906
2021-05-05,23.508895874023438
2021-05-06,24.24065589904785
2021-05-07,24.296232223510742
2021-05-10,24.208232879638672
2021-05-11,23.68951988220215
2021-05-12,22.51778221130371
2021-05-13,23.221752166748047
2021-05-14,23.45795249938965
2021-05-17,23.439424514770508
2021-05-18,23.008708953857422
2021-05-19,22.697839736938477
2021-05-20,22.632888793945312
2021-05-21,23.07366943359375
2021-05-24,23.245336532592773
2021-05-25,22.88343048095703
2021-05-26,23.222137451171875
2021-05-27,23.161821365356445
2021-05-28,23.18501853942871
2021-06-01,23.54692268371582
2021-06-02,23.356689453125
2021-06-03,23.189661026000977
2021-06-04,23.347410202026367
2021-06-07,23.379892349243164
2021-06-08,23.941307067871094
2021-06-09,23.75107192993164
2021-06-10,23.509803771972656
2021-06-11,23.788190841674805
2021-06-14,23.695396423339844
2021-06-15,23.788190841674805
2021-06-16,23.96914291381836
2021-06-17,23.017988204956055
2021-06-18,22.127145767211914
2021-06-21,22.846317291259766
2021-06-22,22.734956741333008
2021-06-23,22.489049911499023
2021-06-24,22.73031997680664
2021-06-25,22.77672004699707
2021-06-28,23.101505279541016
2021-06-29,23.017988204956055
2021-06-30,23.21749496459961
2021-07-01,23.667560577392578
2021-07-02,23.57012367248535
2021-07-06,23.361330032348633
2021-07-07,23.672197341918945
2021-07-08,23.254619598388672
2021-07-09,24.191852569580078
2021-07-12,24.567672729492188
2021-07-13,24.057296752929688
2021-07-14,23.816028594970703
2021-07-15,23.60723876953125
2021-07-16,23.087583541870117
2021-07-19,22.521528244018555
2021-07-20,23.384525299072266
2021-07-21,24.581592559814453
2021-07-22,24.470237731933594
2021-07-23,24.488798141479492
2021-07-26,24.716148376464844
2021-07-27,24.609434127807617
2021-07-28,24.632631301879883
2021-07-29,26.228717803955078
2021-07-30,26.135927200317383
2021-08-02,26.001375198364258
2021-08-03,26.488548278808594
2021-08-04,26.316875457763672
2021-08-05,26.757654190063477
2021-08-06,27.16131591796875
2021-08-09,27.15203857421875
2021-08-10,27.671693801879883
2021-08-11,27.801607131958008
2021-08-12,28.149595260620117
2021-08-13,28.28414535522461
2021-08-16,28.37693977355957
2021-08-17,27.486103057861328
2021-08-18,27.727367401123047
2021-08-19,27.615846633911133
2021-08-20,27.62049102783203
2021-08-23,27.857481002807617
2021-08-24,28.113056182861328
2021-08-25,28.345396041870117
2021-08-26,28.308218002319336
2021-08-27,28.749664306640625
2021-08-30,28.559146881103516
2021-08-31,28.233867645263672
2021-09-01,28.57308578491211
2021-09-02,29.18646812438965
2021-09-03,29.38162612915039
2021-09-07,29.33051300048828
2021-09-08,29.446680068969727
2021-09-09,29.158578872680664
2021-09-10,29.191112518310547
2021-09-13,29.54426383972168
2021-09-14,29.037765502929688
2021-09-15,29.627906799316406
2021-09-16,29.218992233276367
2021-09-17,28.568439483642578
2021-09-20,28.419742584228516
2021-09-21,27.950420379638672
2021-09-22,28.58237648010254
2021-09-23,29.126054763793945
2021-09-24,29.48850440979004
2021-09-27,29.809131622314453
2021-09-28,29.5674991607666
2021-09-29,30.29704475402832
2021-09-30,29.874189376831055
2021-10-01,29.911357879638672
2021-10-04,30.180875778198242
2021-10-05,31.882436752319336
2021-10-06,32.654178619384766
2021-10-07,35.69289779663086
2021-10-08,35.17197036743164
2021-10-11,34.593170166015625
2021-10-12,34.22659683227539
2021-10-13,34.36164474487305
2021-10-14,35.38420104980469
2021-10-15,34.41952896118164
2021-10-18,34.950096130371094
2021-10-19,34.57387161254883
2021-10-20,34.43881607055664
2021-10-21,34.535274505615234
2021-10-22,35.11408233642578
2021-10-25,35.10444641113281
2021-10-26,34.83433532714844
2021-10-27,34.71857452392578
2021-10-28,35.49995803833008
2021-10-29,34.998329162597656
2021-11-01,34.8439826965332
2021-11-02,34.303768157958984
2021-11-03,34.072235107421875
2021-11-04,34.22659683227539
2021-11-05,34.45811080932617
2021-11-08,34.63175964355469
2021-11-09,34.699283599853516
2021-11-10,34.75715255737305
2021-11-11,35.69289779663086
2021-11-12,36.13664627075195
2021-11-15,35.9630012512207
2021-11-16,36.44533920288086
2021-11-17,36.377811431884766
2021-11-18,36.43573760986328
2021-11-19,36.590213775634766
2021-11-22,35.8468132019043
2021-11-23,35.89509201049805
2021-11-24,35.85647201538086
2021-11-26,34.8427619934082
2021-11-29,34.8524055480957
2021-11-30,33.83869934082031
2021-12-01,33.05669021606445
2021-12-02,34.48554611206055
2021-12-03,34.22488021850586
2021-12-06,35.17100524902344
2021-12-07,35.54753494262695
2021-12-08,35.76958465576172
2021-12-09,35.66337966918945
2021-12-10,36.17507553100586
2021-12-13,35.67304229736328
2021-12-14,34.63036346435547
2021-12-15,34.22488021850586
2021-12-16,34.03178787231445
2021-12-17,33.761470794677734
2021-12-20,32.98910140991211
2021-12-21,34.28280258178711
2021-12-22,34.72690963745117
2021-12-23,34.82345199584961
2021-12-27,35.209625244140625
2021-12-28,35.39305877685547
2021-12-29,35.46064758300781
2021-12-30,34.987579345703125
2021-12-31,35.14204025268555
2022-01-03,35.00688552856445
2022-01-04,35.70199203491211
2022-01-05,34.417964935302734
2022-01-06,34.27314758300781
2022-01-07,33.47183609008789
2022-01-10,32.873260498046875
2022-01-11,32.96980667114258
2022-01-12,33.1146240234375
2022-01-13,32.42915344238281
2022-01-14,31.56990623474121
2022-01-18,31.347862243652344
2022-01-19,31.000303268432617
2022-01-20,30.874797821044922
2022-01-21,30.42104148864746
2022-01-24,31.164426803588867
2022-01-25,30.005901336669922
2022-01-26,29.117692947387695
2022-01-27,28.480501174926758
2022-01-28,29.04046058654785
2022-01-31,29.484561920166016
2022-02-01,30.836179733276367
2022-02-02,30.9423770904541
2022-02-03,29.735572814941406
2022-02-04,29.696962356567383
2022-02-07,28.905302047729492
2022-02-08,30.295534133911133
2022-02-09,30.64309310913086
2022-02-10,29.339746475219727
2022-02-11,28.760482788085938
2022-02-14,32.24571990966797
2022-02-15,33.89663314819336
2022-02-16,33.49113464355469
2022-02-17,32.737449645996094
2022-02-18,32.24464416503906
2022-02-22,31.40398597717285
2022-02-23,30.457033157348633
2022-02-24,31.394329071044922
2022-02-25,32.09970474243164
2022-02-28,31.42331314086914
2022-03-01,30.36040496826172
2022-03-02,32.27363204956055
2022-03-03,32.09003829956055
2022-03-04,31.790498733520508
2022-03-07,30.891857147216797
2022-03-08,31.07545280456543
2022-03-09,32.04172897338867
2022-03-10,32.13835525512695
2022-03-11,31.761505126953125
2022-03-14,32.437904357910156
2022-03-15,33.47182083129883
2022-03-16,34.032257080078125
2022-03-17,34.43809127807617
2022-03-18,34.843929290771484
2022-03-21,34.583038330078125
2022-03-22,35.00819396972656
2022-03-23,34.67966842651367
2022-03-24,34.341468811035156
2022-03-25,34.30281448364258
2022-03-28,33.51046371459961
2022-03-29,34.66999053955078
2022-03-30,34.756961822509766
2022-03-31,34.2061882019043
2022-04-01,34.583038330078125
2022-04-04,35.01785659790039
2022-04-05,33.54911422729492
2022-04-06,33.81001281738281
2022-04-07,34.428436279296875
2022-04-08,34.30281448364258
2022-04-11,34.14820861816406
2022-04-12,34.33180236816406
2022-04-13,34.8825798034668
2022-04-14,34.28348922729492
2022-04-18,32.81474685668945
2022-04-19,33.72304916381836
2022-04-20,34.583038330078125
2022-04-21,34.45741653442383
2022-04-22,33.57810974121094
2022-04-25,33.645751953125
2022-04-26,32.11903381347656
2022-04-27,31.259044647216797
2022-04-28,30.940174102783203
2022-04-29,30.167146682739258
2022-05-02,29.713003158569336
2022-05-03,29.3458194732666
2022-05-04,30.04153823852539
2022-05-05,28.833690643310547
2022-05-06,27.886735916137695
2022-05-09,26.51462745666504
2022-05-10,27.046077728271484
2022-05-11,27.017087936401367
2022-05-12,27.036413192749023
2022-05-13,27.355283737182617
2022-05-16,26.630578994750977
2022-05-17,27.1427059173584
2022-05-18,25.500032424926758
2022-05-19,25.751554489135742
2022-05-20,25.838613510131836
2022-05-23,25.983722686767578
2022-05-24,26.273941040039062
2022-05-25,26.128828048706055
2022-05-26,26.79631996154785
2022-05-27,28.2667293548584
2022-05-31,27.879779815673828
2022-06-01,29.021284103393555
2022-06-02,30.095075607299805
2022-06-03,29.930620193481445
2022-06-06,29.5533390045166
2022-06-07,29.853229522705078
2022-06-08,28.98259162902832
2022-06-09,28.547271728515625
2022-06-10,27.492826461791992
2022-06-13,26.477083206176758
2022-06-14,26.99947166442871
2022-06-15,27.134899139404297
2022-06-16,25.393625259399414
2022-06-17,25.6451473236084
2022-06-21,26.33197593688965
2022-06-22,26.119155883789062
2022-06-23,25.606443405151367
2022-06-24,26.061111450195312
2022-06-27,26.7382755279541
2022-06-28,26.041767120361328
2022-06-29,25.886985778808594
2022-06-30,26.3513240814209
2022-07-01,26.583494186401367
2022-07-05,27.221961975097656
2022-07-06,27.908802032470703
2022-07-07,28.924541473388672
2022-07-08,28.740739822387695
2022-07-11,27.81205940246582
2022-07-12,27.299352645874023
2022-07-13,27.183271408081055
2022-07-14,27.05750846862793
2022-07-15,27.966842651367188
2022-07-18,28.199012756347656
2022-07-19,29.311492919921875
2022-07-20,29.563013076782227
2022-07-21,30.64647674560547
2022-07-22,30.54006576538086
2022-07-25,30.095075607299805
2022-07-26,30.588436126708984
2022-07-27,27.42511558532715
2022-07-28,28.876178741455078
2022-07-29,28.005542755126953
2022-08-01,27.454133987426758
2022-08-02,27.173593521118164
2022-08-03,27.41543960571289
2022-08-04,27.947494506835938
2022-08-05,27.51218032836914
2022-08-08,28.295753479003906
2022-08-09,28.053909301757812
2022-08-10,28.866506576538086
2022-08-11,29.311492919921875
2022-08-12,30.14344024658203
2022-08-15,30.269197463989258
2022-08-16,30.394956588745117
2022-08-17,30.607778549194336
2022-08-18,30.287839889526367
2022-08-19,29.764299392700195
2022-08-22,28.57178497314453
2022-08-23,28.746299743652344
2022-08-24,29.075939178466797
2022-08-25,29.38618278503418
2022-08-26,27.91251564025879
2022-08-29,27.631349563598633
2022-08-30,27.146589279174805
2022-08-31,26.73939323425293
2022-09-01,26.42914581298828
2022-09-02,26.27402114868164
2022-09-06,26.167375564575195
2022-09-07,26.80725860595703
2022-09-08,27.127199172973633
2022-09-09,27.679826736450195
2022-09-12,28.14519691467285
2022-09-13,26.603662490844727
2022-09-14,26.09950828552246
2022-09-15,25.837739944458008
2022-09-16,25.28510856628418
2022-09-19,25.808652877807617
2022-09-20,25.100900650024414
2022-09-21,25.071813583374023
2022-09-22,25.09120750427246
2022-09-23,24.121681213378906
2022-09-26,23.772659301757812
2022-09-27,23.937475204467773
2022-09-28,24.383455276489258
2022-09-29,23.704792022705078
2022-09-30,23.753267288208008
2022-10-03,24.616134643554688
2022-10-04,24.761568069458008
2022-10-05,24.693702697753906
2022-10-06,24.44162368774414
2022-10-07,23.830827713012695
2022-10-10,23.888996124267578
2022-10-11,23.695096969604492
2022-10-12,23.249116897583008
2022-10-13,23.84052276611328
2022-10-14,23.161853790283203
2022-10-17,23.636924743652344
2022-10-18,24.218637466430664
2022-10-19,23.869609832763672
2022-10-20,22.987346649169922
2022-10-21,23.704792022705078
2022-10-24,23.56905746459961
2022-10-25,24.344675064086914
2022-10-26,21.659101486206055
2022-10-27,21.736663818359375
2022-10-28,22.211729049682617
2022-10-31,22.774051666259766
2022-11-01,22.395938873291016
2022-11-02,22.017824172973633
2022-11-03,22.027523040771484
2022-11-04,22.2020320892334
2022-11-07,22.260202407836914
2022-11-08,21.911178588867188
2022-11-09,21.310073852539062
2022-11-10,22.72557258605957
2022-11-11,23.462413787841797
2022-11-14,23.084299087524414
2022-11-15,23.937475204467773
2022-11-16,23.452714920043945
2022-11-17,22.937376022338867
2022-11-18,23.18045997619629
2022-11-21,23.199907302856445
2022-11-22,24.1722412109375
2022-11-23,24.259750366210938
2022-11-25,24.18196678161621
2022-11-28,23.15129280090332
2022-11-29,22.947101593017578
2022-11-30,23.540224075317383
2022-12-01,24.26947593688965
2022-12-02,24.201412200927734
2022-12-05,23.676353454589844
2022-12-06,23.559669494628906
2022-12-07,23.404096603393555
2022-12-08,23.676353454589844
2022-12-09,23.579116821289062
2022-12-12,23.899988174438477
2022-12-13,24.259750366210938
2022-12-14,23.452714920043945
2022-12-15,21.11911392211914
2022-12-16,21.2260684967041
2022-12-19,20.60377311706543
2022-12-20,20.195396423339844
2022-12-21,20.82741355895996
2022-12-22,20.72045135498047
2022-12-23,20.837135314941406
2022-12-27,20.953813552856445
2022-12-28,20.642667770385742
2022-12-29,21.206621170043945
2022-12-30,20.564882278442383
2023-01-03,20.72045135498047
2023-01-04,21.109386444091797
2023-01-05,20.87602424621582
2023-01-06,21.61500358581543
2023-01-09,21.55666160583496
2023-01-10,21.731685638427734
2023-01-11,22.24702262878418
2023-01-12,22.159509658813477
2023-01-13,21.809467315673828
2023-01-17,21.488597869873047
2023-01-18,20.82741355895996
2023-01-19,19.87452507019043
2023-01-20,20.234289169311523
2023-01-23,20.75934600830078
2023-01-24,20.75934600830078
2023-01-25,20.623218536376953
2023-01-26,21.206621170043945
2023-01-27,20.89547348022461
2023-01-30,20.253734588623047
2023-01-31,21.25524139404297
2023-02-01,21.498323440551758
2023-02-02,22.091449737548828
2023-02-03,21.89698028564453
2023-02-06,21.68306541442871
2023-02-07,21.751129150390625
2023-02-08,23.423545837402344
2023-02-09,23.12212562561035
2023-02-10,22.606782913208008
2023-02-13,22.849868774414062
2023-02-14,23.229074478149414
2023-02-15,23.705522537231445
2023-02-16,22.879039764404297
2023-02-17,22.781518936157227
2023-02-21,22.18661880493164
2023-02-22,22.391422271728516
2023-02-23,22.53770637512207
2023-02-24,22.401172637939453
2023-02-27,22.4401798248291
2023-02-28,22.43042755126953
2023-03-01,21.84528923034668
2023-03-02,22.498695373535156
2023-03-03,22.53770637512207
2023-03-06,22.001325607299805
2023-03-07,21.94281005859375
2023-03-08,22.12810516357422
2023-03-09,21.747760772705078
2023-03-10,20.782278060913086
2023-03-13,20.54822540283203
2023-03-14,20.85054588317871
2023-03-15,20.460453033447266
2023-03-16,20.450698852539062
2023-03-17,20.021595001220703
2023-03-20,20.314165115356445
2023-03-21,20.655500411987305
2023-03-22,19.768037796020508
2023-03-23,19.2999210357666
2023-03-24,19.35843849182129
2023-03-27,19.855806350708008
2023-03-28,19.875308990478516
2023-03-29,20.36292266845703
2023-03-30,20.39218521118164
2023-03-31,20.83104133605957
2023-04-03,20.9090633392334
2023-04-04,20.09961700439453
2023-04-05,19.71927261352539
2023-04-06,19.592493057250977
2023-04-10,19.963085174560547
2023-04-11,20.294660568237305
2023-04-12,20.070356369018555
2023-04-13,20.39218521118164
2023-04-14,20.080110549926758
2023-04-17,20.382429122924805
2023-04-18,20.382429122924805
2023-04-19,20.54822540283203
2023-04-20,20.255651473999023
2023-04-21,20.470203399658203
2023-04-24,20.879804611206055
2023-04-25,20.450698852539062
2023-04-26,19.933828353881836
2023-04-27,20.18738555908203
2023-04-28,21.016334533691406
2023-05-01,21.182126998901367
2023-05-02,20.801782608032227
2023-05-03,20.987079620361328
2023-05-04,20.723766326904297
2023-05-05,20.948068618774414
2023-05-08,20.948068618774414
2023-05-09,20.733518600463867
2023-05-10,20.821287155151367
2023-05-11,20.39218521118164
2023-05-12,20.450698852539062
2023-05-15,20.977327346801758
2023-05-16,20.821287155151367
2023-05-17,21.47469711303711
2023-05-18,22.335643768310547
2023-05-19,21.944305419921875
2023-05-22,22.218238830566406
2023-05-23,21.905168533325195
2023-05-24,21.523618698120117
2023-05-25,21.729066848754883
2023-05-26,22.071487426757812
2023-05-30,21.817119598388672
2023-05-31,22.022573471069336
2023-06-01,22.70741081237793
2023-06-02,23.76403045654297
2023-06-05,23.558576583862305
2023-06-06,24.272769927978516
2023-06-07,24.849992752075195
2023-06-08,25.04566192626953
2023-06-09,25.10436248779297
2023-06-12,24.81085968017578
2023-06-13,25.593536376953125
2023-06-14,25.231548309326172
2023-06-15,25.2413330078125
2023-06-16,25.07501220703125
2023-06-20,25.300029754638672
2023-06-21,25.54461669921875
2023-06-22,25.2413330078125
2023-06-23,24.92826271057129
2023-06-26,24.820642471313477
2023-06-27,25.47613525390625
2023-06-28,25.46634864807129
2023-06-29,26.337078094482422
2023-06-30,26.307727813720703
2023-07-03,26.209896087646484
2023-07-05,25.877254486083984
2023-07-06,25.290250778198242
2023-07-07,25.534835815429688
2023-07-10,26.112060546875
2023-07-11,26.51318359375
2023-07-12,26.59145164489746
2023-07-13,26.787118911743164
2023-07-14,26.571884155273438
2023-07-17,27.061058044433594
2023-07-18,27.32520866394043
2023-07-19,27.39369010925293
2023-07-20,27.305644989013672
2023-07-21,26.738201141357422
2023-07-24,26.51318359375
2023-07-25,28.509008407592773
2023-07-26,29.976524353027344
2023-07-27,29.144935607910156
2023-07-28,29.780855178833008
2023-07-31,29.780855178833008
2023-08-01,29.751506805419922
2023-08-02,29.722158432006836
2023-08-03,29.50692367553711
2023-08-04,29.22319984436035
2023-08-07,29.614538192749023
2023-08-08,29.262331008911133
2023-08-09,28.880781173706055
2023-08-10,28.792726516723633
2023-08-11,28.73402976989746
2023-08-14,28.949264526367188
2023-08-15,28.548141479492188
2023-08-16,28.401386260986328
2023-08-17,28.136598587036133
2023-08-18,28.1954402923584
2023-08-21,28.234670639038086
2023-08-22,28.107175827026367
2023-08-23,28.313127517700195
2023-08-24,28.283702850341797
2023-08-25,28.234670639038086
2023-08-28,28.666179656982422
2023-08-29,28.823097229003906
2023-08-30,28.999622344970703
2023-08-31,29.04865837097168
2023-09-01,29.078081130981445
2023-09-05,28.577919006347656
2023-09-06,28.53868865966797
2023-09-07,28.411197662353516
2023-09-08,28.332740783691406
2023-09-11,28.175823211669922
2023-09-12,27.832578659057617
2023-09-13,27.685468673706055
2023-09-14,27.911033630371094
2023-09-15,27.911033630371094
2023-09-18,27.607013702392578
2023-09-19,27.597204208374023
2023-09-20,27.430484771728516
2023-09-21,26.94993782043457
2023-09-22,27.087238311767578
2023-09-25,27.204919815063477
2023-09-26,27.116657257080078
2023-09-27,27.49913787841797
2023-09-28,27.87180519104004
2023-09-29,27.479522705078125
2023-10-02,26.645917892456055
2023-10-03,26.479196548461914
2023-10-04,26.714569091796875
2023-10-05,26.53803825378418
2023-10-06,25.94961166381836
2023-10-09,25.743663787841797
2023-10-10,26.29286003112793
2023-10-11,26.72437286376953
2023-10-12,26.420352935791016
2023-10-13,26.018260955810547
2023-10-16,26.30266761779785
2023-10-17,26.51842498779297
2023-10-18,25.370994567871094
2023-10-19,25.282730102539062
2023-10-20,25.096393585205078
2023-10-23,24.99832534790039
2023-10-24,24.98851776123047
2023-10-25,24.900249481201172
2023-10-26,25.527904510498047
2023-10-27,25.282730102539062
2023-10-30,25.55732536315918
2023-10-31,25.94961166381836
2023-11-01,26.822446823120117
2023-11-02,27.587400436401367
2023-11-03,28.09737205505371
2023-11-06,27.901227951049805
2023-11-07,27.754119873046875
2023-11-08,27.754119873046875
2023-11-09,27.508941650390625
2023-11-10,28.244474411010742
2023-11-13,28.0483341217041
2023-11-14,29.372291564941406
2023-11-15,28.74463653564453
2023-11-16,29.05846405029297
2023-11-17,29.795989990234375
2023-11-20,28.97979736328125
2023-11-21,29.16663932800293
2023-11-22,29.78615951538086
2023-11-24,29.697654724121094
2023-11-27,29.40264320373535
2023-11-28,29.068300247192383
2023-11-29,29.068300247192383
2023-11-30,28.95029640197754
2023-12-01,29.373144149780273
2023-12-04,29.4124755859375
2023-12-05,28.8126220703125
2023-12-06,28.724119186401367
2023-12-07,28.989627838134766
2023-12-08,28.9011287689209
2023-12-11,29.11747169494629
2023-12-12,28.74378776550293
2023-12-13,28.832290649414062
2023-12-14,29.11747169494629
2023-12-15,28.861793518066406
2023-12-18,29.137134552001953
2023-12-19,29.274805068969727
2023-12-20,29.137134552001953
2023-12-21,29.156803131103516
2023-12-22,29.441980361938477
2023-12-26,29.6583194732666
2023-12-27,29.432144165039062
2023-12-28,29.176469802856445
2023-12-29,28.920793533325195
2024-01-02,28.62578773498535
2024-01-03,27.71125602722168
2024-01-04,27.84892463684082
2024-01-05,27.465412139892578
2024-01-08,27.583417892456055
2024-01-09,27.573583602905273
2024-01-10,27.662086486816406
2024-01-11,27.53424644470215
2024-01-12,27.681753158569336
2024-01-16,27.83909034729004
2024-01-17,27.681753158569336
2024-01-18,28.025930404663086
2024-01-19,28.40944480895996
2024-01-22,28.93062973022461
2024-01-23,28.68478775024414
2024-01-24,28.124271392822266
2024-01-25,29.31414222717285
2024-01-26,29.186304092407227
2024-01-29,29.913991928100586
2024-01-30,29.94349479675293
2024-01-31,29.156803131103516
2024-02-01,29.756656646728516
2024-02-02,30.346675872802734
2024-02-05,30.671184539794922
2024-02-06,31.33987808227539
2024-02-07,32.64775085449219
2024-02-08,32.69691848754883
2024-02-09,31.674219131469727
2024-02-12,31.79222869873047
2024-02-13,30.4351806640625
2024-02-14,31.172704696655273
2024-02-15,31.53655433654785
2024-02-16,30.531003952026367
2024-02-20,30.905622482299805
2024-02-21,30.649307250976562
2024-02-22,30.91547966003418
2024-02-23,31.112642288208008
2024-02-26,30.86618423461914
2024-02-27,31.112642288208008
2024-02-28,30.83661460876465
2024-02-29,31.299951553344727
2024-03-01,31.61541748046875
2024-03-04,31.60555648803711
2024-03-05,30.905622482299805
2024-03-06,30.954910278320312
2024-03-07,31.575979232788086
2024-03-08,31.516830444335938
2024-03-11,31.083066940307617
2024-03-12,31.31966781616211
2024-03-13,31.211223602294922
2024-03-14,30.91547966003418
2024-03-15,31.073209762573242
2024-03-18,30.688735961914062
2024-03-19,31.674562454223633
2024-03-20,32.118186950683594
2024-03-21,32.42379379272461
2024-03-22,32.10832595825195
2024-03-25,31.86186981201172
2024-03-26,31.85201072692871
2024-03-27,32.295631408691406
2024-03-28,32.995567321777344
2024-04-01,32.65052795410156
2024-04-02,31.74357032775879
2024-04-03,31.9210262298584
2024-04-04,31.625272750854492
2024-04-05,31.704137802124023
2024-04-08,31.536548614501953
2024-04-09,32.05903625488281
2024-04-10,31.30980682373047
2024-04-11,31.74357032775879
2024-04-12,31.45768165588379
2024-04-15,31.211223602294922
2024-04-16,31.270374298095703
2024-04-17,30.83661460876465
2024-04-18,31.16193389892578
2024-04-19,31.240798950195312
2024-04-22,31.635129928588867
2024-04-23,32.2857780456543
2024-04-24,31.664701461791992
2024-04-25,31.428102493286133
2024-04-26,31.250659942626953
2024-04-29,31.516830444335938
2024-04-30,30.83661460876465
2024-05-01,30.895761489868164
2024-05-02,31.18164825439453
2024-05-03,31.19150733947754
2024-05-06,31.664701461791992
2024-05-07,31.842151641845703
2024-05-08,31.664701461791992
2024-05-09,31.93088150024414
2024-05-10,32.315345764160156
2024-05-13,32.08860778808594
2024-05-14,32.09846496582031
2024-05-15,32.33506393432617
2024-05-16,31.89144515991211
2024-05-17,32.14839172363281
2024-05-20,32.217567443847656
2024-05-21,32.27687072753906
2024-05-22,31.842031478881836
2024-05-23,31.367660522460938
2024-05-24,31.575197219848633
2024-05-28,30.922941207885742
2024-05-29,30.102678298950195
2024-05-30,30.715404510498047
2024-05-31,30.942703247070312
2024-06-03,30.300331115722656
2024-06-04,30.250919342041016
2024-06-05,30.507869720458984
2024-06-06,30.033498764038086
2024-06-07,29.9050235748291
2024-06-10,29.78643226623535
2024-06-11,29.984085083007812
2024-06-12,30.804346084594727
2024-06-13,30.814231872558594
2024-06-14,30.260801315307617
2024-06-17,30.41892433166504
2024-06-18,30.043378829956055
2024-06-20,29.94455337524414
2024-06-21,30.132322311401367
2024-06-24,29.746902465820312
2024-06-25,29.371355056762695
2024-06-26,28.85745620727539
2024-06-27,28.817928314208984
2024-06-28,29.055112838745117
2024-07-01,28.42262077331543
2024-07-02,28.837692260742188
2024-07-03,29.232999801635742
2024-07-05,28.73886489868164
2024-07-08,28.936519622802734
2024-07-09,28.27437973022461
2024-07-10,28.837692260742188
2024-07-11,29.648073196411133
2024-07-12,29.954437255859375
2024-07-15,30.3596248626709
2024-07-16,31.67402458190918
2024-07-17,31.08106231689453
2024-07-18,30.774700164794922
2024-07-19,30.5968074798584
2024-07-22,30.98223876953125
2024-07-23,31.051416397094727
2024-07-24,30.260801315307617
2024-07-25,31.189773559570312
2024-07-26,32.019920349121094
2024-07-29,31.851911544799805
2024-07-30,31.86179542541504
2024-07-31,32.07921600341797
2024-08-01,30.95258903503418
2024-08-02,30.152090072631836
2024-08-05,29.351591110229492
2024-08-06,30.00385284423828
2024-08-07,29.460302352905273
2024-08-08,29.964319229125977
2024-08-09,29.984085083007812
2024-08-12,29.657957077026367
2024-08-13,30.142208099365234
2024-08-14,30.191621780395508
2024-08-15,30.972354888916016
2024-08-16,30.73516845703125
2024-08-19,30.863645553588867
2024-08-20,30.824010848999023
2024-08-21,31.269874572753906
2024-08-22,31.210426330566406
2024-08-23,31.98325538635254
2024-08-26,31.795001983642578
2024-08-27,31.735553741455078
2024-08-28,31.59684181213379
2024-08-29,31.9337158203125
2024-08-30,32.13187789916992
2024-09-03,31.002357482910156
2024-09-04,30.36823844909668
2024-09-05,30.130447387695312
2024-09-06,29.436880111694336
2024-09-09,31.70583152770996
2024-09-10,32.419212341308594
2024-09-11,31.804908752441406
2024-09-12,32.18141555786133
2024-09-13,32.56782913208008
2024-09-16,33.17222595214844
2024-09-17,33.489288330078125
2024-09-18,33.7072639465332
2024-09-19,34.6584358215332
2024-09-20,34.51972198486328
2024-09-23,33.85588073730469
2024-09-24,34.351280212402344
2024-09-25,34.381011962890625
2024-09-26,34.767425537109375
2024-09-27,35.332183837890625
2024-09-30,35.60961151123047
2024-10-01,35.46098709106445
2024-10-02,35.93657684326172
2024-10-03,35.79786682128906
2024-10-04,36.04556655883789
2024-10-07,36.35271453857422
2024-10-08,35.70869064331055
2024-10-09,35.96630096435547
2024-10-10,35.6195182800293
2024-10-11,36.18428039550781
2024-10-14,36.54096984863281
2024-10-15,36.32299041748047
2024-10-16,37.16517639160156
2024-10-17,36.93729019165039
2024-10-18,37.056190490722656
2024-10-21,36.53105545043945
2024-10-22,36.17436981201172
2024-10-23,35.79786682128906
2024-10-24,35.96630096435547
2024-10-25,35.639339447021484
2024-10-28,35.72850799560547
2024-10-29,35.58979415893555
2024-10-30,35.56998062133789
2024-10-31,35.76813507080078
2024-11-01,36.7391357421875
2024-11-04,36.80848693847656
2024-11-05,38.12626266479492
2024-11-06,39.54311752319336
2024-11-07,38.82973098754883
2024-11-08,38.809913635253906
2024-11-11,39.45394515991211
2024-11-12,38.96845245361328
2024-11-13,39.04771041870117
2024-11-14,38.54240036010742
2024-11-15,38.55230712890625
2024-11-18,38.81982421875
2024-11-19,38.65138626098633
2024-11-20,38.54214859008789
2024-11-21,39.07841873168945
2024-11-22,39.654415130615234
2024-11-25,39.972206115722656
2024-11-26,39.4557991027832
2024-11-27,39.40614700317383
2024-11-29,39.5451774597168
2024-12-02,40.00200271606445
2024-12-03,40.041725158691406
2024-12-04,40.48862075805664
2024-12-05,39.803382873535156
2024-12-06,40.131107330322266
2024-12-09,40.6375846862793
2024-12-10,40.38930892944336
2024-12-11,40.081451416015625
2024-12-12,39.73386764526367
2024-12-13,39.49552536010742
2024-12-16,39.30683898925781
2024-12-17,38.71097183227539
2024-12-18,37.022705078125
2024-12-19,36.89360427856445
2024-12-20,37.2213249206543
2024-12-23,37.2213249206543
2024-12-24,37.558982849121094
2024-12-26,37.787391662597656
2024-12-27,37.449737548828125
2024-12-30,37.21139907836914
2024-12-31,37.04256820678711
2025-01-02,36.64533233642578
2025-01-03,36.804229736328125
2025-01-06,36.64533233642578
2025-01-07,36.049468994140625
2025-01-08,36.70491409301758
2025-01-10,35.95016098022461
2025-01-13,36.446712493896484
2025-01-14,37.0525016784668
2025-01-15,37.26105499267578
2025-01-16,37.558982849121094
2025-01-17,37.91649627685547
2025-01-21,38.571937561035156
2025-01-22,38.6215934753418
2025-01-23,38.85993957519531
2025-01-24,38.52228546142578
2025-01-27,38.6215934753418
2025-01-28,39.08835220336914
2025-01-29,38.69111251831055
2025-01-30,39.02876663208008
2025-01-31,39.16780090332031
2025-02-03,38.869869232177734
2025-02-04,39.13800811767578
2025-02-05,37.82711410522461
2025-02-06,38.035667419433594
2025-02-07,37.93635940551758
2025-02-10,37.72780990600586
2025-02-11,36.62546920776367
2025-02-12,35.67209243774414
2025-02-13,35.72175216674805
2025-02-14,35.22520065307617
2025-02-18,35.542991638183594
2025-02-19,35.41388702392578
2025-02-20,35.194854736328125
2025-02-21,34.7269172668457
2025-02-24,34.697044372558594
2025-02-25,35.14507293701172
2025-02-26,35.035552978515625
2025-02-27,34.89616775512695
2025-02-28,35.27450180053711
2025-03-03,34.796607971191406
2025-03-04,33.671566009521484
2025-03-05,34.11959457397461
2025-03-06,34.4282341003418
2025-03-07,35.22472381591797
2025-03-10,34.18928527832031
2025-03-11,33.004512786865234
2025-03-12,32.6859130859375
2025-03-13,32.237892150878906
2025-03-14,33.024417877197266
2025-03-17,33.33306121826172
2025-03-18,33.253414154052734
2025-03-19,33.86073303222656
2025-03-20,33.49235916137695
2025-03-21,33.313148498535156
2025-03-24,34.199241638183594
2025-03-25,34.06981658935547
2025-03-26,33.810951232910156
2025-03-27,33.61183166503906
2025-03-28,32.815345764160156
2025-03-31,32.83525466918945
2025-04-01,33.01446533203125
2025-04-02,33.343017578125
2025-04-03,30.52543830871582
2025-04-04,29.51987075805664
2025-04-07,29.53978157043457
2025-04-08,28.37491798400879
2025-04-09,30.037588119506836
2025-04-10,29.061891555786133
2025-04-11,29.28092384338379
2025-04-14,29.340660095214844
2025-04-15,29.320749282836914
2025-04-16,29.470090866088867
2025-04-17,29.928071975708008
2025-04-21,29.559694290161133
2025-04-22,30.99337387084961
2025-04-23,32.50670623779297
2025-04-24,33.58196258544922
2025-04-25,33.71139144897461
2025-04-28,33.56205368041992
2025-04-29,34.0200309753418
2025-04-30,33.810951232910156
2025-05-01,34.278892517089844
2025-05-02,34.816524505615234
2025-05-05,34.60744094848633
2025-05-06,34.129547119140625
2025-05-07,34.09968185424805
2025-05-08,35.01564407348633
2025-05-09,35.04551315307617
2025-05-12,37.03673553466797
2025-05-13,37.29559326171875
2025-05-14,36.7181396484375
2025-05-15,36.83761215209961
2025-05-16,37.375244140625
2025-05-19,37.255767822265625
2025-05-20,36.9364013671875
2025-05-21,35.82861328125
2025-05-22,35.66893005371094
2025-05-23,35.459346771240234
2025-05-27,36.846580505371094
2025-05-28,36.17791748046875
2025-05-29,36.41743850708008
2025-05-30,36.11803436279297
2025-06-02,35.61902618408203
2025-06-03,36.36753845214844
2025-06-04,36.08809280395508
2025-06-05,36.18789291381836
2025-06-06,36.44738006591797
2025-06-09,36.51723861694336
2025-06-10,36.66694259643555
2025-06-11,36.237796783447266
2025-06-12,35.96833419799805
2025-06-13,35.139984130859375
2025-06-16,35.499267578125
2025-06-17,35.32960891723633
2025-06-18,35.489288330078125
2025-06-20,35.29966354370117
2025-06-23,36.02821350097656
2025-06-24,36.24777603149414
2025-06-25,36.06813430786133
2025-06-26,36.557159423828125
2025-06-27,36.43739700317383
2025-06-30,36.49728012084961
2025-07-01,37.335609436035156
2025-07-02,37.46535110473633
2025-07-03,37.485313415527344
2025-07-07,36.956363677978516
2025-07-08,37.335609436035156
2025-07-09,37.664955139160156
2025-07-10,38.09409713745117
2025-07-11,37.7148551940918
2025-07-14,37.25577163696289
2025-07-15,36.4074592590332
2025-07-16,36.46733856201172
2025-07-17,37.25577163696289
2025-07-18,37.4753303527832
2025-07-21,36.916446685791016
2025-07-22,36.71684265136719
2025-07-23,37.36554718017578
2025-07-24,37.75477600097656
2025-07-25,38.39350128173828
2025-07-28,38.343597412109375
2025-07-29,38.19390106201172
2025-07-30,42.854610443115234
2025-07-31,44.16200637817383
2025-08-01,44.89055633544922
2025-08-04,43.89254379272461
2025-08-05,44.46141052246094
2025-08-06,44.251827239990234
2025-08-07,44.46141052246094
2025-08-08,44.07218551635742
2025-08-11,44.281768798828125
2025-08-12,45.1999397277832
2025-08-13,45.75882339477539
2025-08-14,45.309722900390625
2025-08-15,44.601131439208984
2025-08-18,44.96041488647461
2025-08-19,45.16999816894531
2025-08-20,45.22999954223633
2025-08-21,44.41999816894531
2025-08-22,46.16999816894531
2025-08-25,45.83000183105469
2025-08-26,46.04999923706055
2025-08-27,46.54999923706055
2025-08-28,45.88999938964844
2025-08-29,45.36000061035156
2025-09-02,45.119998931884766
2025-09-03,44.66999816894531
2025-09-04,45.95000076293945
2025-09-05,46.029998779296875
2025-09-08,46.65999984741211
2025-09-09,45.900001525878906
2025-09-10,45.900001525878906
2025-09-11,47.27000045776367
2025-09-12,46.68000030517578
2025-09-15,47.349998474121094
2025-09-16,47.279998779296875
2025-09-17,47.209999084472656
2025-09-18,47.939998626708984
2025-09-19,46.900001525878906
